city	code	votes_r1	votes_r2	le_pen_r2	macron_r2	le_pen_r1	macron_r1	melenchon_r1	zemmour_r1	pecresse_r1	roussel_r1	jadot_r1	lassalle_r1	dupont-aignan_r1	hidalgo_r1	poutou_r1	arthaud_r1
Abancourt	59001	307	299	0.53	0.47	0.3	0.28	0.12	0.11	0.06	0.03	0.02	0.03	0.03	0.02	0.01	0
Abscon	59002	2078	2028	0.71	0.29	0.49	0.18	0.15	0.05	0.02	0.04	0.02	0.01	0.01	0.01	0.01	0.01
Aibes	59003	200	188	0.65	0.35	0.41	0.19	0.13	0.1	0.03	0	0.03	0.04	0.07	0.01	0	0
Aix	59004	799	762	0.39	0.61	0.25	0.38	0.12	0.06	0.08	0.03	0.03	0.02	0.02	0.01	0	0
Allennes-les-Marais	59005	2246	2097	0.47	0.53	0.29	0.28	0.16	0.07	0.03	0.05	0.04	0.02	0.02	0.02	0.01	0.01
Amfroipret	59006	137	131	0.55	0.45	0.39	0.27	0.13	0.05	0.04	0.01	0.01	0.05	0.01	0.01	0.01	0.01
Anhiers	59007	501	479	0.7	0.3	0.47	0.15	0.17	0.07	0.03	0.05	0.02	0.01	0.01	0.02	0	0.01
Aniche	59008	4519	4273	0.7	0.3	0.45	0.15	0.21	0.04	0.02	0.07	0.01	0.01	0.02	0.01	0.01	0.01
Anneux	59010	148	138	0.5	0.5	0.41	0.33	0.13	0.02	0.03	0.03	0.01	0.03	0.01	0	0	0.01
Annoeullin	59011	5330	5143	0.49	0.51	0.32	0.29	0.16	0.06	0.03	0.03	0.04	0.02	0.02	0.02	0.01	0
Anor	59012	1515	1458	0.65	0.35	0.43	0.19	0.18	0.07	0.02	0.03	0.02	0.02	0.02	0.01	0.01	0
Anstaing	59013	968	879	0.31	0.69	0.2	0.35	0.2	0.03	0.04	0.05	0.05	0.02	0.02	0.02	0.01	0.01
Anzin	59014	5410	5125	0.63	0.37	0.4	0.16	0.23	0.05	0.01	0.09	0.02	0.01	0.01	0.01	0	0
Arleux	59015	1792	1781	0.67	0.33	0.45	0.2	0.12	0.06	0.03	0.06	0.02	0.01	0.02	0.01	0.01	0.01
Armbouts-Cappel	59016	1425	1382	0.56	0.44	0.36	0.27	0.16	0.05	0.03	0.03	0.03	0.02	0.02	0.01	0.01	0.01
Armentières	59017	11059	10328	0.49	0.51	0.29	0.23	0.25	0.06	0.02	0.04	0.03	0.02	0.02	0.03	0.01	0.01
Arnèke	59018	884	826	0.5	0.5	0.33	0.28	0.14	0.05	0.07	0.02	0.02	0.03	0.02	0.02	0.01	0.01
Artres	59019	574	540	0.5	0.5	0.31	0.3	0.13	0.07	0.02	0.06	0.05	0.03	0.02	0.01	0.01	0.01
Assevent	59021	941	856	0.61	0.39	0.42	0.21	0.18	0.05	0.02	0.03	0.01	0.02	0.02	0.01	0	0.01
Attiches	59022	1443	1391	0.43	0.57	0.26	0.33	0.15	0.07	0.04	0.04	0.05	0.02	0.02	0.01	0.01	0
Aubencheul-au-Bac	59023	335	315	0.64	0.36	0.39	0.23	0.13	0.1	0.03	0.02	0.02	0.02	0.03	0.01	0.01	0.01
Auberchicourt	59024	2324	2193	0.64	0.36	0.42	0.21	0.18	0.05	0.02	0.04	0.02	0.02	0.02	0.01	0	0.01
Aubers	59025	1176	1130	0.39	0.61	0.23	0.36	0.12	0.08	0.06	0.03	0.06	0.02	0.02	0.02	0.01	0
Aubigny-au-Bac	59026	683	669	0.7	0.3	0.51	0.18	0.12	0.06	0.01	0.02	0.02	0.03	0.02	0.01	0.01	0
Aubry-du-Hainaut	59027	1000	928	0.45	0.55	0.28	0.34	0.11	0.08	0.03	0.08	0.03	0.01	0.01	0.01	0	0.01
Auby	59028	3539	3183	0.62	0.38	0.39	0.14	0.33	0.04	0.01	0.05	0.01	0.01	0.01	0.01	0.01	0.01
Auchy-lez-Orchies	59029	858	808	0.4	0.6	0.24	0.35	0.14	0.07	0.07	0.03	0.04	0.02	0.02	0.02	0	0.01
Audignies	59031	224	204	0.66	0.34	0.41	0.19	0.1	0.12	0.07	0.01	0.02	0.04	0.02	0.01	0.01	0
Aulnoy-lez-Valenciennes	59032	3161	2950	0.55	0.45	0.36	0.22	0.2	0.05	0.02	0.06	0.02	0.02	0.02	0.02	0.01	0.01
Aulnoye-Aymeries	59033	4297	3949	0.61	0.39	0.37	0.17	0.21	0.05	0.01	0.11	0.02	0.01	0.01	0.01	0.01	0.01
Avelin	59034	1790	1724	0.35	0.65	0.25	0.42	0.1	0.06	0.05	0.03	0.05	0.02	0.02	0.01	0	0
Avesnelles	59035	1261	1227	0.57	0.43	0.36	0.24	0.15	0.06	0.04	0.04	0.03	0.02	0.03	0.01	0.01	0.01
Avesnes-le-Sec	59038	828	768	0.64	0.36	0.45	0.21	0.11	0.06	0.03	0.06	0.02	0.02	0.02	0.01	0	0
Avesnes-les-Aubert	59037	1940	1823	0.71	0.29	0.46	0.14	0.15	0.05	0.02	0.12	0.01	0.01	0.02	0.01	0	0.01
Avesnes-sur-Helpe	59036	1777	1721	0.56	0.44	0.33	0.25	0.21	0.06	0.03	0.04	0.02	0.02	0.01	0.01	0.01	0.01
Awoingt	59039	509	491	0.55	0.45	0.34	0.28	0.11	0.08	0.03	0.03	0.05	0.02	0.02	0.02	0	0
Bachant	59041	1232	1111	0.72	0.28	0.45	0.13	0.19	0.05	0.01	0.11	0.01	0.02	0.02	0	0	0.01
Bachy	59042	1128	1057	0.36	0.64	0.22	0.38	0.15	0.07	0.03	0.02	0.07	0.03	0.02	0.01	0.01	0.01
Bailleul	59043	7996	7732	0.47	0.53	0.31	0.29	0.17	0.06	0.04	0.03	0.04	0.03	0.02	0.02	0.01	0.01
Baisieux	59044	2967	2909	0.35	0.65	0.23	0.38	0.15	0.06	0.04	0.03	0.05	0.02	0.02	0.02	0	0
Baives	59045	57	59	0.58	0.42	0.39	0.3	0.04	0.07	0.04	0.04	0.04	0.05	0.04	0	0.02	0
Bambecque	59046	422	436	0.55	0.45	0.38	0.25	0.14	0.05	0.05	0.01	0.04	0.02	0.02	0.02	0.02	0.01
Banteux	59047	193	178	0.71	0.29	0.46	0.16	0.1	0.04	0.05	0.01	0.02	0.09	0.04	0	0.02	0.01
Bantigny	59048	298	282	0.6	0.4	0.42	0.22	0.11	0.05	0.04	0.03	0.04	0.03	0.02	0.03	0.01	0
Bantouzelle	59049	219	214	0.64	0.36	0.4	0.19	0.16	0.09	0.05	0.03	0	0.03	0.01	0.01	0	0.02
Bas-Lieu	59050	192	176	0.53	0.47	0.36	0.32	0.11	0.04	0.07	0.01	0.03	0.03	0.01	0.02	0	0.02
Bauvin	59052	2906	2795	0.6	0.4	0.4	0.21	0.18	0.04	0.03	0.03	0.03	0.02	0.02	0.01	0.01	0.01
Bavay	59053	1605	1596	0.56	0.44	0.38	0.25	0.14	0.09	0.04	0.02	0.02	0.02	0.01	0.01	0.01	0
Bavinchove	59054	606	595	0.54	0.46	0.37	0.31	0.13	0.03	0.03	0.02	0.02	0.02	0.04	0.02	0	0.01
Bazuel	59055	293	294	0.64	0.36	0.46	0.26	0.09	0.06	0.03	0.03	0.01	0.03	0.01	0	0	0.01
Beaucamps-Ligny	59056	619	594	0.3	0.7	0.17	0.44	0.12	0.07	0.07	0.01	0.07	0.02	0.02	0.01	0.01	0
Beaudignies	59057	364	337	0.56	0.44	0.34	0.24	0.13	0.08	0.04	0.04	0.04	0.04	0.02	0.01	0.01	0.01
Beaufort	59058	555	561	0.63	0.37	0.44	0.25	0.07	0.07	0.05	0.01	0.02	0.04	0.03	0.01	0.01	0.01
Beaumont-en-Cambrésis	59059	277	260	0.66	0.34	0.47	0.16	0.13	0.05	0.05	0.03	0.03	0.02	0.04	0.01	0.01	0
Beaurain	59060	155	158	0.7	0.3	0.46	0.24	0.09	0.08	0.02	0.01	0	0.05	0.03	0	0.01	0.01
Beaurepaire-sur-Sambre	59061	122	128	0.6	0.4	0.4	0.25	0.1	0.11	0.04	0.02	0.01	0	0.04	0.02	0	0.01
Beaurieux	59062	85	77	0.49	0.51	0.33	0.31	0.12	0.06	0.04	0.02	0.05	0.01	0.04	0	0	0.04
Beauvois-en-Cambrésis	59063	1075	1058	0.63	0.37	0.43	0.21	0.15	0.05	0.02	0.04	0.02	0.03	0.02	0.01	0.01	0.01
Bellaing	59064	753	701	0.58	0.42	0.36	0.24	0.17	0.05	0.03	0.05	0.03	0.03	0.02	0.01	0	0.01
Bellignies	59065	444	421	0.58	0.42	0.38	0.26	0.16	0.06	0.04	0.04	0.02	0.01	0.01	0	0	0.01
Bergues	59067	1876	1909	0.49	0.51	0.33	0.31	0.14	0.06	0.04	0.02	0.03	0.03	0.02	0.01	0.01	0.01
Berlaimont	59068	1567	1510	0.6	0.4	0.39	0.23	0.16	0.06	0.04	0.05	0.02	0.02	0.02	0.01	0	0.01
Bermerain	59069	479	434	0.57	0.43	0.41	0.26	0.15	0.03	0.03	0.05	0.02	0.03	0.01	0.01	0.01	0
Bermeries	59070	200	187	0.6	0.4	0.33	0.2	0.14	0.09	0.06	0.04	0.04	0.06	0.03	0	0	0.01
Bersillies	59072	136	138	0.48	0.52	0.34	0.35	0.13	0.04	0.03	0.02	0.01	0.02	0.01	0.02	0.01	0.01
Bersée	59071	1561	1507	0.38	0.62	0.24	0.38	0.12	0.07	0.06	0.02	0.05	0.02	0.02	0.02	0.01	0
Berthen	59073	391	354	0.42	0.58	0.24	0.3	0.14	0.05	0.06	0.03	0.06	0.05	0.03	0.01	0.02	0.02
Bertry	59074	1154	1106	0.66	0.34	0.44	0.21	0.14	0.06	0.02	0.03	0.01	0.03	0.02	0.01	0.01	0.01
Bettignies	59076	159	149	0.58	0.42	0.42	0.25	0.15	0.03	0.03	0.02	0.02	0.03	0.06	0.01	0	0
Bettrechies	59077	145	139	0.59	0.41	0.36	0.22	0.14	0.06	0.06	0.05	0.03	0.08	0.01	0.01	0	0
Beugnies	59078	347	320	0.57	0.43	0.36	0.27	0.14	0.05	0.03	0.04	0.03	0.02	0.01	0.01	0	0.02
Beuvrages	59079	3055	2867	0.6	0.4	0.38	0.18	0.27	0.04	0.01	0.08	0.01	0.01	0.01	0.01	0	0.01
Beuvry-la-Forêt	59080	1735	1657	0.47	0.53	0.31	0.29	0.16	0.05	0.04	0.05	0.04	0.02	0.02	0.02	0	0
Bierne	59082	1087	1090	0.53	0.47	0.35	0.28	0.15	0.07	0.04	0.02	0.03	0.02	0.02	0.02	0.01	0.01
Bissezeele	59083	163	153	0.53	0.47	0.28	0.25	0.15	0.1	0.09	0.01	0.02	0.04	0.05	0.01	0.01	0.01
Blaringhem	59084	1236	1218	0.58	0.42	0.38	0.28	0.12	0.05	0.03	0.03	0.02	0.04	0.02	0.02	0.01	0.01
Blécourt	59085	234	234	0.54	0.46	0.36	0.35	0.1	0.05	0.03	0	0.02	0.03	0.03	0.01	0	0.01
Boeschepe	59086	1295	1240	0.5	0.5	0.33	0.25	0.15	0.05	0.04	0.04	0.05	0.03	0.02	0.03	0.01	0.01
Bois-Grenier	59088	1081	1075	0.3	0.7	0.19	0.43	0.1	0.08	0.08	0.02	0.05	0.02	0.01	0.02	0.01	0.01
Bollezeele	59089	787	792	0.54	0.46	0.37	0.28	0.11	0.06	0.07	0.03	0.02	0.02	0.02	0	0.01	0.01
Bondues	59090	6457	6372	0.23	0.77	0.12	0.51	0.07	0.1	0.11	0.01	0.05	0.01	0.02	0.01	0	0
Borre	59091	362	351	0.41	0.59	0.27	0.34	0.15	0.07	0.04	0.02	0.01	0.04	0.02	0.01	0.01	0
Bouchain	59092	2283	2128	0.67	0.33	0.47	0.18	0.15	0.06	0.03	0.06	0.01	0.01	0.01	0.01	0	0
Boulogne-sur-Helpe	59093	187	180	0.49	0.51	0.34	0.38	0.12	0.03	0.04	0.03	0.01	0.02	0.03	0	0	0.01
Bourbourg	59094	3406	3396	0.63	0.37	0.44	0.23	0.13	0.05	0.03	0.03	0.02	0.02	0.02	0.01	0.01	0.01
Bourghelles	59096	1048	1050	0.32	0.68	0.2	0.39	0.14	0.07	0.06	0.01	0.05	0.02	0.02	0.02	0.01	0.01
Boursies	59097	209	209	0.68	0.32	0.44	0.15	0.13	0.12	0.06	0.02	0.01	0.02	0.02	0	0	0.01
Bousbecque	59098	2737	2642	0.43	0.57	0.26	0.36	0.14	0.07	0.05	0.02	0.05	0.02	0.01	0.01	0	0.01
Bousies	59099	930	875	0.62	0.38	0.39	0.22	0.16	0.06	0.03	0.05	0.01	0.03	0.02	0.03	0.01	0.01
Bousignies	59100	209	226	0.4	0.6	0.25	0.31	0.14	0.09	0.05	0.07	0.05	0.02	0	0	0	0
Bousignies-sur-Roc	59101	145	154	0.64	0.36	0.34	0.19	0.12	0.11	0.04	0.03	0.03	0.02	0.06	0	0.04	0.01
Boussières-en-Cambrésis	59102	250	241	0.62	0.38	0.36	0.29	0.09	0.07	0.06	0.04	0.01	0.02	0.03	0.01	0.01	0
Boussières-sur-Sambre	59103	279	266	0.6	0.4	0.41	0.26	0.12	0.05	0.05	0.02	0.01	0.02	0.01	0.01	0.01	0.03
Boussois	59104	1529	1406	0.66	0.34	0.46	0.17	0.2	0.04	0.01	0.06	0.02	0.01	0.02	0.01	0.01	0.01
Bouvignies	59105	976	938	0.4	0.6	0.26	0.32	0.15	0.06	0.05	0.03	0.06	0.03	0.02	0.01	0.01	0
Bouvines	59106	498	476	0.25	0.75	0.13	0.45	0.2	0.05	0.05	0.02	0.05	0.02	0.01	0.01	0	0
Boëseghem	59087	465	460	0.55	0.45	0.38	0.29	0.13	0.04	0.03	0.04	0.03	0.02	0.02	0.01	0.02	0.01
Bray-Dunes	59107	2654	2617	0.56	0.44	0.36	0.27	0.14	0.06	0.04	0.03	0.02	0.03	0.02	0.02	0.01	0.01
Briastre	59108	409	381	0.66	0.34	0.42	0.2	0.21	0.05	0.02	0.03	0	0.02	0.02	0.01	0.01	0
Brillon	59109	478	472	0.38	0.62	0.24	0.29	0.13	0.07	0.07	0.07	0.07	0.01	0.02	0.01	0.01	0
Brouckerque	59110	883	881	0.53	0.47	0.34	0.28	0.13	0.06	0.04	0.02	0.04	0.03	0.03	0.01	0.01	0
Broxeele	59111	233	226	0.56	0.44	0.42	0.22	0.15	0.01	0.06	0.04	0.01	0.03	0.01	0.02	0	0.01
Bruay-sur-l'Escaut	59112	5471	5326	0.69	0.31	0.47	0.16	0.19	0.05	0.01	0.06	0.01	0.01	0.01	0.01	0.01	0.01
Bruille-Saint-Amand	59114	922	872	0.57	0.43	0.35	0.2	0.12	0.08	0.02	0.16	0.02	0.01	0.02	0.01	0	0
Bruille-lez-Marchiennes	59113	755	674	0.65	0.35	0.38	0.14	0.13	0.05	0.02	0.2	0.01	0.02	0.02	0.02	0.01	0.01
Brunémont	59115	394	390	0.71	0.29	0.48	0.18	0.13	0.06	0.02	0.04	0.01	0.04	0.02	0.01	0.01	0.01
Bry	59116	245	223	0.4	0.6	0.24	0.36	0.13	0.07	0.03	0.04	0.02	0.02	0.03	0.02	0.01	0.01
Bugnicourt	59117	638	625	0.62	0.38	0.43	0.23	0.13	0.04	0.02	0.03	0.03	0.03	0.02	0.02	0.01	0
Busigny	59118	1283	1298	0.67	0.33	0.5	0.2	0.1	0.07	0.03	0.03	0.02	0.02	0.01	0.01	0.01	0.01
Buysscheure	59119	344	334	0.54	0.46	0.33	0.27	0.18	0.04	0.05	0.03	0.03	0.02	0.01	0.01	0.02	0
Bérelles	59066	90	88	0.82	0.18	0.42	0.17	0.08	0.19	0	0.03	0	0.06	0.03	0	0.01	0.01
Béthencourt	59075	422	423	0.68	0.32	0.45	0.2	0.11	0.06	0.03	0.03	0.02	0.02	0.05	0	0.01	0
Bévillers	59081	326	315	0.64	0.36	0.45	0.21	0.17	0.06	0.02	0.04	0.01	0.02	0.02	0.01	0	0.01
Cagnoncles	59121	387	378	0.62	0.38	0.43	0.22	0.14	0.09	0.02	0.02	0.03	0.02	0.01	0.02	0	0.01
Cambrai	59122	14455	13892	0.53	0.47	0.33	0.27	0.17	0.07	0.04	0.02	0.03	0.02	0.02	0.02	0.01	0.01
Camphin-en-Carembault	59123	1093	1037	0.42	0.58	0.27	0.34	0.15	0.05	0.05	0.02	0.05	0.02	0.02	0.01	0	0
Camphin-en-Pévèle	59124	1451	1414	0.34	0.66	0.21	0.41	0.13	0.08	0.05	0.02	0.06	0.02	0.02	0.01	0	0
Cantaing-sur-Escaut	59125	240	230	0.57	0.43	0.43	0.27	0.07	0.06	0.07	0.03	0.03	0.02	0	0.02	0	0
Cantin	59126	947	908	0.6	0.4	0.42	0.25	0.13	0.05	0.03	0.03	0.03	0.02	0.01	0.02	0.01	0
Capelle	59127	103	98	0.48	0.52	0.26	0.27	0.17	0.05	0.05	0.05	0.03	0.02	0.05	0.06	0	0
Capinghem	59128	1317	1283	0.34	0.66	0.2	0.38	0.16	0.07	0.05	0.02	0.06	0.02	0.02	0.01	0	0.01
Cappelle-Brouck	59130	696	678	0.61	0.39	0.35	0.25	0.14	0.07	0.04	0.04	0.01	0.03	0.03	0.01	0.02	0.01
Cappelle-en-Pévèle	59129	1382	1321	0.37	0.63	0.24	0.36	0.13	0.05	0.04	0.03	0.06	0.02	0.02	0.02	0.01	0.01
Cappelle-la-Grande	59131	4615	4383	0.65	0.35	0.43	0.2	0.18	0.05	0.01	0.04	0.02	0.02	0.02	0.02	0.01	0.01
Carnin	59133	700	690	0.44	0.56	0.31	0.34	0.13	0.06	0.03	0.01	0.06	0.02	0.02	0.02	0.01	0.01
Carnières	59132	590	598	0.69	0.31	0.49	0.19	0.13	0.06	0.04	0.02	0.02	0.02	0.01	0.02	0	0.01
Cartignies	59134	639	626	0.61	0.39	0.39	0.24	0.1	0.08	0.06	0.02	0.02	0.03	0.03	0.01	0.01	0.01
Cassel	59135	1264	1200	0.43	0.57	0.23	0.31	0.19	0.08	0.05	0.02	0.04	0.03	0.02	0.02	0.01	0.01
Catillon-sur-Sambre	59137	450	444	0.64	0.36	0.38	0.22	0.16	0.05	0.05	0.04	0.01	0.02	0.04	0.01	0.01	0.01
Cattenières	59138	396	372	0.66	0.34	0.45	0.17	0.13	0.07	0.03	0.03	0.02	0.01	0.04	0.02	0.01	0.02
Caudry	59139	6326	6196	0.65	0.35	0.43	0.2	0.17	0.05	0.03	0.03	0.02	0.02	0.02	0.01	0.01	0.01
Caullery	59140	268	268	0.72	0.28	0.52	0.19	0.1	0.05	0.01	0	0.03	0.04	0.02	0.01	0.02	0.01
Cauroir	59141	354	325	0.56	0.44	0.33	0.27	0.12	0.07	0.05	0.03	0.02	0.02	0.03	0.03	0.01	0.01
Caëstre	59120	1168	1131	0.45	0.55	0.32	0.32	0.12	0.05	0.06	0.02	0.03	0.03	0.02	0.02	0.01	0.01
Cerfontaine	59142	376	380	0.6	0.4	0.44	0.24	0.12	0.07	0.05	0.03	0.02	0.01	0.02	0.01	0.01	0
Chemy	59145	522	479	0.39	0.61	0.21	0.37	0.18	0.07	0.04	0.02	0.05	0.01	0.03	0.02	0	0
Choisies	59147	38	39	0.49	0.51	0.29	0.29	0.11	0.11	0.08	0	0	0.08	0.05	0	0	0
Château-l'Abbaye	59144	511	476	0.48	0.52	0.29	0.25	0.09	0.07	0.04	0.18	0.04	0.03	0.01	0.01	0.01	0
Chéreng	59146	2063	1921	0.28	0.72	0.17	0.42	0.16	0.06	0.05	0.02	0.06	0.01	0.02	0.02	0.01	0
Clairfayts	59148	162	150	0.65	0.35	0.44	0.16	0.14	0.05	0.07	0.02	0.04	0.02	0.02	0.01	0	0.01
Clary	59149	618	623	0.65	0.35	0.45	0.22	0.12	0.07	0.02	0.01	0.03	0.02	0.02	0	0	0.01
Cobrieux	59150	380	371	0.26	0.74	0.18	0.42	0.08	0.07	0.03	0.03	0.12	0.03	0.02	0.01	0	0
Colleret	59151	834	807	0.64	0.36	0.46	0.21	0.11	0.08	0.03	0.02	0.02	0.03	0.02	0.01	0.01	0
Comines	59152	6413	6194	0.5	0.5	0.32	0.28	0.18	0.06	0.04	0.02	0.04	0.02	0.02	0.01	0.01	0
Condé-sur-l'Escaut	59153	3609	3366	0.6	0.4	0.36	0.17	0.28	0.06	0.02	0.05	0.01	0.01	0.01	0.01	0	0
Coudekerque-Branche	59155	11093	10577	0.57	0.43	0.37	0.23	0.19	0.05	0.02	0.03	0.03	0.02	0.02	0.02	0.01	0.01
Courchelettes	59156	1587	1512	0.62	0.38	0.42	0.21	0.16	0.06	0.03	0.04	0.02	0.01	0.01	0.01	0	0.01
Cousolre	59157	1002	959	0.61	0.39	0.42	0.22	0.13	0.08	0.05	0.02	0.01	0.02	0.03	0.01	0	0.01
Coutiches	59158	1967	1890	0.46	0.54	0.28	0.32	0.15	0.06	0.04	0.02	0.04	0.03	0.03	0.01	0	0
Craywick	59159	410	399	0.66	0.34	0.45	0.2	0.16	0.06	0.03	0.02	0.01	0.01	0.02	0.02	0.01	0.01
Crespin	59160	1907	1853	0.64	0.36	0.42	0.19	0.21	0.07	0.01	0.04	0.02	0.01	0.02	0.01	0.01	0
Crochte	59162	414	402	0.45	0.55	0.26	0.31	0.13	0.07	0.08	0.02	0.04	0.03	0.03	0.02	0.01	0
Croix	59163	10183	9537	0.31	0.69	0.17	0.33	0.25	0.07	0.05	0.02	0.06	0.01	0.02	0.01	0	0
Croix-Caluyau	59164	152	155	0.54	0.46	0.41	0.26	0.16	0.05	0.03	0.01	0.03	0.05	0.01	0	0	0
Crèvecoeur-sur-l'Escaut	59161	417	400	0.6	0.4	0.37	0.24	0.14	0.07	0.07	0.02	0.03	0.03	0.02	0.01	0	0.01
Cuincy	59165	3663	3416	0.48	0.52	0.3	0.25	0.24	0.06	0.03	0.03	0.03	0.02	0.02	0.02	0	0
Curgies	59166	806	783	0.43	0.57	0.29	0.33	0.14	0.08	0.03	0.04	0.03	0.02	0.02	0.01	0	0
Cuvillers	59167	117	120	0.54	0.46	0.36	0.26	0.09	0.09	0.12	0.02	0	0.02	0.03	0.01	0.01	0.01
Cysoing	59168	3013	2895	0.35	0.65	0.2	0.37	0.15	0.08	0.06	0.03	0.06	0.02	0.01	0.02	0.01	0.01
Damousies	59169	123	122	0.55	0.45	0.39	0.3	0.06	0.08	0.07	0.04	0	0.04	0.02	0	0	0
Dechy	59170	2459	2255	0.65	0.35	0.43	0.15	0.24	0.04	0.01	0.05	0.02	0.01	0.01	0.02	0.01	0
Dehéries	59171	29	29	0.41	0.59	0.31	0.52	0.03	0.03	0	0.03	0	0.07	0	0	0	0
Denain	59172	7132	6704	0.61	0.39	0.42	0.15	0.29	0.04	0.01	0.04	0.01	0.01	0.01	0.01	0.01	0.01
Deûlémont	59173	1122	1076	0.44	0.56	0.27	0.36	0.13	0.06	0.05	0.02	0.03	0.02	0.03	0.01	0.01	0.01
Dimechaux	59174	182	185	0.54	0.46	0.35	0.27	0.09	0.08	0.06	0.02	0.07	0.04	0.02	0	0	0
Dimont	59175	190	181	0.48	0.52	0.26	0.34	0.13	0.06	0.08	0.03	0.03	0.03	0.03	0.01	0	0.01
Doignies	59176	225	228	0.69	0.31	0.47	0.23	0.08	0.06	0.03	0.03	0.02	0.03	0.03	0.01	0.01	0.01
Dompierre-sur-Helpe	59177	462	445	0.6	0.4	0.38	0.23	0.15	0.05	0.05	0.03	0.01	0.03	0.02	0.01	0.01	0.02
Don	59670	827	792	0.45	0.55	0.29	0.3	0.17	0.06	0.03	0.03	0.05	0.01	0.02	0.02	0.01	0.01
Douai	59178	16947	15509	0.47	0.53	0.28	0.24	0.27	0.06	0.03	0.03	0.04	0.01	0.01	0.02	0.01	0.01
Douchy-les-Mines	59179	4726	4481	0.65	0.35	0.45	0.13	0.24	0.04	0.01	0.07	0.02	0.01	0.01	0.01	0.01	0.01
Dourlers	59181	321	307	0.52	0.48	0.34	0.29	0.08	0.09	0.06	0.03	0.02	0.03	0.04	0.01	0	0
Drincham	59182	158	140	0.54	0.46	0.32	0.22	0.22	0.02	0.05	0.03	0.04	0.05	0.02	0.03	0	0.01
Dunkerque	59183	41767	39760	0.49	0.51	0.3	0.27	0.22	0.06	0.03	0.03	0.03	0.02	0.02	0.02	0.01	0.01
Ebblinghem	59184	375	356	0.6	0.4	0.38	0.25	0.14	0.06	0.02	0.02	0.02	0.04	0.03	0.01	0.01	0.01
Ecaillon	59185	977	949	0.64	0.36	0.44	0.2	0.19	0.04	0.01	0.04	0.02	0.02	0.02	0.01	0	0
Eccles	59186	49	47	0.57	0.43	0.27	0.16	0.12	0.1	0.1	0.06	0.02	0.1	0.06	0	0	0
Eclaibes	59187	186	181	0.51	0.49	0.31	0.32	0.1	0.08	0.05	0.03	0.02	0.02	0.05	0	0.01	0.01
Ecuélin	59188	72	80	0.68	0.32	0.49	0.18	0.07	0.11	0.01	0.04	0	0.06	0.03	0	0.01	0
Eecke	59189	761	742	0.49	0.51	0.3	0.28	0.16	0.06	0.06	0.01	0.04	0.04	0.03	0.01	0	0
Elesmes	59190	583	565	0.56	0.44	0.37	0.25	0.13	0.08	0.04	0.02	0.03	0.02	0.01	0.01	0.01	0.01
Elincourt	59191	344	353	0.73	0.27	0.52	0.21	0.1	0.06	0.01	0.01	0.01	0.03	0.03	0.01	0.01	0
Emerchicourt	59192	509	478	0.7	0.3	0.42	0.13	0.16	0.06	0.02	0.14	0.01	0.02	0.02	0.01	0	0.01
Emmerin	59193	1882	1713	0.37	0.63	0.21	0.34	0.21	0.06	0.04	0.02	0.06	0.02	0.01	0.01	0	0.01
Englefontaine	59194	731	689	0.58	0.42	0.38	0.23	0.15	0.07	0.03	0.05	0.03	0.02	0.02	0.01	0.01	0
Englos	59195	387	376	0.35	0.65	0.18	0.43	0.14	0.1	0.06	0.01	0.03	0.01	0.02	0.02	0	0
Ennetières-en-Weppes	59196	853	822	0.29	0.71	0.16	0.43	0.11	0.09	0.07	0.02	0.05	0.03	0.03	0.01	0	0
Ennevelin	59197	1510	1489	0.33	0.67	0.22	0.36	0.15	0.07	0.05	0.02	0.06	0.03	0.02	0.01	0.01	0
Eppe-Sauvage	59198	98	86	0.48	0.52	0.29	0.19	0.21	0.07	0.07	0.02	0.05	0.01	0.02	0.05	0.01	0
Erchin	59199	435	419	0.5	0.5	0.29	0.32	0.14	0.07	0.06	0.03	0.03	0.03	0.02	0	0.01	0
Eringhem	59200	292	296	0.65	0.35	0.42	0.21	0.12	0.05	0.05	0.02	0.01	0.06	0.03	0.01	0	0
Erquinghem-Lys	59202	2889	2805	0.47	0.53	0.3	0.31	0.16	0.06	0.03	0.03	0.04	0.02	0.02	0.01	0.01	0.01
Erquinghem-le-Sec	59201	380	369	0.33	0.67	0.18	0.41	0.13	0.09	0.07	0.02	0.07	0.01	0.01	0.01	0.01	0.01
Erre	59203	895	842	0.66	0.34	0.41	0.19	0.16	0.08	0.02	0.05	0.03	0.02	0.02	0.01	0.01	0
Escarmain	59204	309	292	0.63	0.37	0.39	0.19	0.17	0.08	0.06	0.02	0.02	0.03	0.02	0.01	0	0
Escaudain	59205	3984	3770	0.67	0.33	0.46	0.14	0.21	0.04	0.01	0.07	0.01	0.01	0.01	0.01	0.01	0.01
Escaudoeuvres	59206	1637	1551	0.61	0.39	0.37	0.24	0.16	0.06	0.02	0.05	0.02	0.02	0.02	0.01	0.01	0.01
Escautpont	59207	2152	2036	0.7	0.3	0.46	0.16	0.16	0.05	0.01	0.12	0.01	0.01	0.01	0	0	0.01
Escobecques	59208	230	224	0.32	0.68	0.18	0.44	0.1	0.06	0.1	0.02	0.06	0.02	0.02	0.01	0	0
Esnes	59209	371	362	0.6	0.4	0.43	0.22	0.12	0.08	0.03	0.03	0.02	0.02	0.02	0.01	0.01	0.01
Esquelbecq	59210	1324	1275	0.44	0.56	0.27	0.31	0.14	0.07	0.05	0.03	0.04	0.03	0.02	0.02	0.01	0.01
Esquerchin	59211	496	467	0.53	0.47	0.36	0.25	0.15	0.06	0.04	0.03	0.05	0.02	0.01	0.01	0	0.01
Estaires	59212	3744	3669	0.58	0.42	0.4	0.26	0.14	0.06	0.03	0.03	0.02	0.02	0.02	0.01	0.01	0.01
Estourmel	59213	296	283	0.5	0.5	0.3	0.29	0.1	0.08	0.06	0.06	0.03	0.02	0.03	0.02	0	0
Estreux	59215	621	594	0.42	0.58	0.24	0.34	0.13	0.08	0.05	0.05	0.04	0.02	0.02	0.01	0.01	0.01
Estrun	59219	434	424	0.67	0.33	0.42	0.2	0.1	0.09	0.05	0.06	0.02	0.03	0.02	0	0	0
Estrées	59214	687	637	0.57	0.43	0.4	0.23	0.17	0.06	0.03	0.02	0.03	0.02	0.01	0.01	0.01	0.01
Eswars	59216	230	225	0.62	0.38	0.37	0.24	0.13	0.07	0.05	0.06	0.02	0.03	0.01	0.01	0	0
Eth	59217	213	201	0.47	0.53	0.32	0.3	0.05	0.07	0.06	0.05	0.05	0.04	0.04	0.01	0	0
Etroeungt	59218	668	672	0.6	0.4	0.36	0.28	0.1	0.08	0.06	0.01	0.02	0.02	0.03	0.01	0.01	0.01
Faches-Thumesnil	59220	8740	8032	0.33	0.67	0.19	0.27	0.34	0.05	0.02	0.03	0.05	0.02	0.01	0.02	0	0
Famars	59221	1309	1237	0.44	0.56	0.25	0.34	0.14	0.08	0.04	0.04	0.03	0.04	0.02	0.02	0	0.01
Faumont	59222	1402	1353	0.43	0.57	0.31	0.34	0.12	0.05	0.03	0.03	0.05	0.03	0.02	0.01	0.01	0.01
Feignies	59225	3105	2873	0.61	0.39	0.41	0.18	0.22	0.06	0.02	0.03	0.02	0.02	0.01	0.01	0.01	0.01
Felleries	59226	693	638	0.59	0.41	0.38	0.24	0.15	0.05	0.04	0.04	0.01	0.03	0.02	0.01	0.01	0
Fenain	59227	2904	2782	0.69	0.31	0.46	0.16	0.19	0.05	0.01	0.06	0.02	0.02	0.02	0.01	0	0
Ferrière-la-Grande	59230	2579	2501	0.66	0.34	0.47	0.2	0.16	0.05	0.03	0.03	0.01	0.01	0.02	0.01	0.01	0.01
Ferrière-la-Petite	59231	561	534	0.65	0.35	0.41	0.17	0.16	0.08	0.02	0.04	0.02	0.03	0.03	0.02	0.01	0.01
Flaumont-Waudrechies	59233	195	173	0.68	0.32	0.43	0.22	0.18	0.03	0.04	0	0.02	0.03	0.01	0.01	0.02	0.02
Flers-en-Escrebieux	59234	2588	2464	0.62	0.38	0.41	0.18	0.25	0.05	0.02	0.03	0.02	0.02	0.01	0.01	0.01	0
Flesquières	59236	153	147	0.56	0.44	0.36	0.24	0.13	0.07	0.05	0.03	0.05	0.02	0.01	0.01	0.01	0.02
Flines-lez-Raches	59239	3241	3147	0.51	0.49	0.33	0.28	0.14	0.07	0.03	0.05	0.04	0.02	0.02	0.02	0.01	0.01
Flines-lès-Mortagne	59238	829	819	0.54	0.46	0.32	0.24	0.13	0.06	0.02	0.14	0.05	0.01	0.02	0.01	0.01	0
Floursies	59240	90	84	0.58	0.42	0.37	0.23	0.14	0.02	0.04	0.02	0.06	0.09	0	0	0.02	0
Floyon	59241	247	234	0.65	0.35	0.44	0.24	0.1	0.06	0.02	0.01	0.02	0.04	0.04	0.01	0	0.01
Flêtre	59237	563	534	0.51	0.49	0.33	0.27	0.15	0.07	0.05	0.02	0.05	0.02	0.04	0.01	0	0
Fontaine-Notre-Dame	59244	1010	985	0.59	0.41	0.39	0.25	0.13	0.06	0.05	0.02	0.02	0.02	0.02	0.02	0	0
Fontaine-au-Bois	59242	433	428	0.68	0.32	0.43	0.21	0.1	0.09	0.05	0.03	0.03	0.04	0.01	0.01	0	0
Fontaine-au-Pire	59243	603	592	0.69	0.31	0.48	0.2	0.12	0.05	0.03	0.04	0.02	0.02	0.01	0.01	0	0.01
Forest-en-Cambrésis	59246	310	304	0.61	0.39	0.43	0.25	0.07	0.05	0.09	0.05	0.01	0.03	0.01	0.01	0.01	0
Forest-sur-Marque	59247	980	942	0.3	0.7	0.18	0.42	0.17	0.07	0.02	0.02	0.06	0.02	0.01	0.02	0.01	0.01
Fourmies	59249	5342	5209	0.66	0.34	0.45	0.21	0.15	0.05	0.02	0.03	0.02	0.02	0.02	0.01	0.01	0.01
Fournes-en-Weppes	59250	1382	1333	0.31	0.69	0.18	0.43	0.11	0.07	0.07	0.03	0.05	0.02	0.02	0.01	0.01	0.01
Frasnoy	59251	215	206	0.63	0.37	0.37	0.2	0.14	0.07	0.03	0.06	0.05	0.05	0.02	0.01	0	0
Frelinghien	59252	1550	1538	0.39	0.61	0.26	0.36	0.12	0.07	0.05	0.02	0.06	0.03	0.01	0.02	0.01	0
Fresnes-sur-Escaut	59253	3204	3088	0.68	0.32	0.45	0.16	0.16	0.05	0.02	0.12	0.01	0.01	0.01	0	0	0
Fressain	59254	543	517	0.61	0.39	0.41	0.24	0.1	0.06	0.03	0.05	0.03	0.03	0.02	0.01	0	0.01
Fressies	59255	350	341	0.72	0.28	0.51	0.18	0.09	0.07	0.04	0.04	0.01	0.01	0.02	0.01	0	0
Fretin	59256	1910	1838	0.37	0.63	0.22	0.32	0.2	0.05	0.04	0.03	0.06	0.02	0.01	0.03	0.01	0.01
Fromelles	59257	695	673	0.37	0.63	0.23	0.37	0.12	0.08	0.06	0.02	0.04	0.03	0.02	0.01	0.01	0
Féchain	59224	877	840	0.67	0.33	0.45	0.2	0.12	0.07	0.03	0.06	0.02	0.03	0.01	0.01	0	0
Férin	59228	921	875	0.54	0.46	0.35	0.25	0.12	0.06	0.04	0.05	0.04	0.03	0.03	0.01	0.01	0
Féron	59229	331	311	0.48	0.52	0.31	0.31	0.17	0.05	0.04	0.01	0.02	0.02	0.04	0.01	0.01	0.01
Genech	59258	1535	1486	0.3	0.7	0.18	0.41	0.15	0.06	0.04	0.03	0.05	0.02	0.02	0.02	0	0
Ghissignies	59259	332	310	0.43	0.57	0.27	0.33	0.15	0.06	0.05	0.04	0.05	0.02	0.01	0.01	0.01	0
Ghyvelde	59260	2505	1840	0.59	0.41	0.35	0.25	0.16	0.08	0.04	0.02	0.02	0.03	0.02	0.01	0.01	0.01
Glageon	59261	787	749	0.69	0.31	0.46	0.23	0.13	0.06	0.04	0.01	0.02	0.03	0.02	0.01	0	0.01
Godewaersvelde	59262	1195	1158	0.48	0.52	0.29	0.29	0.16	0.05	0.04	0.04	0.04	0.02	0.02	0.03	0	0.01
Goeulzin	59263	664	636	0.56	0.44	0.38	0.25	0.13	0.09	0.03	0.04	0.04	0.02	0.02	0.01	0	0
Gognies-Chaussée	59264	353	335	0.59	0.41	0.36	0.27	0.15	0.08	0.01	0.03	0.01	0.02	0.03	0.01	0.01	0.01
Gommegnies	59265	1344	1279	0.55	0.45	0.32	0.26	0.17	0.07	0.04	0.04	0.04	0.02	0.02	0.01	0.01	0.01
Gondecourt	59266	2533	2445	0.4	0.6	0.25	0.34	0.16	0.05	0.04	0.03	0.05	0.02	0.02	0.02	0.01	0.01
Gonnelieu	59267	176	165	0.65	0.35	0.47	0.18	0.12	0.06	0.05	0.01	0.01	0.04	0.01	0.01	0.01	0.02
Gouzeaucourt	59269	787	792	0.61	0.39	0.37	0.25	0.12	0.05	0.03	0.03	0.02	0.07	0.02	0.01	0.01	0.01
Grand-Fayt	59270	281	267	0.64	0.36	0.4	0.16	0.2	0.04	0.02	0.05	0.03	0.05	0.03	0.01	0	0
Grand-Fort-Philippe	59272	2817	2758	0.69	0.31	0.47	0.19	0.13	0.06	0.02	0.03	0.01	0.02	0.02	0.02	0.01	0.01
Grande-Synthe	59271	9117	8030	0.51	0.49	0.29	0.15	0.42	0.03	0.01	0.02	0.01	0.02	0.01	0.01	0.01	0.01
Gravelines	59273	6424	6190	0.62	0.38	0.4	0.2	0.16	0.06	0.02	0.04	0.02	0.03	0.02	0.03	0.01	0.01
Gruson	59275	867	841	0.2	0.8	0.12	0.5	0.11	0.07	0.07	0.02	0.05	0.02	0.02	0.02	0	0
Guesnain	59276	2522	2313	0.65	0.35	0.4	0.16	0.22	0.04	0.01	0.1	0.02	0.02	0.01	0.01	0.01	0.01
Gussignies	59277	127	138	0.43	0.57	0.25	0.37	0.16	0.06	0.02	0.04	0.04	0.02	0.02	0.02	0	0.02
Hallennes-lez-Haubourdin	59278	2573	2435	0.45	0.55	0.29	0.29	0.18	0.05	0.04	0.04	0.05	0.02	0.01	0.02	0.01	0.01
Halluin	59279	10116	9497	0.48	0.52	0.3	0.28	0.21	0.07	0.03	0.02	0.03	0.02	0.01	0.01	0.01	0
Hamel	59280	490	468	0.65	0.35	0.45	0.19	0.15	0.07	0.04	0.04	0.01	0.02	0.02	0.01	0	0
Hantay	59281	694	665	0.47	0.53	0.27	0.28	0.19	0.08	0.03	0.03	0.04	0.02	0.02	0.02	0.01	0.01
Hardifort	59282	263	252	0.54	0.46	0.34	0.24	0.16	0.03	0.09	0.03	0.02	0.02	0.04	0.02	0	0
Hargnies	59283	355	358	0.62	0.38	0.43	0.28	0.06	0.06	0.05	0.03	0.02	0.02	0.02	0.02	0.01	0.01
Hasnon	59284	2275	2168	0.56	0.44	0.31	0.22	0.15	0.06	0.02	0.14	0.03	0.02	0.01	0.01	0	0.01
Haspres	59285	1441	1374	0.65	0.35	0.43	0.2	0.14	0.06	0.02	0.06	0.02	0.01	0.02	0.01	0.01	0
Haubourdin	59286	6781	6342	0.5	0.5	0.31	0.25	0.22	0.05	0.03	0.03	0.04	0.02	0.02	0.02	0.01	0.01
Haucourt-en-Cambrésis	59287	125	130	0.77	0.23	0.53	0.16	0.11	0.08	0.06	0.01	0.02	0.02	0	0	0.01	0
Haulchin	59288	1225	1224	0.66	0.34	0.45	0.18	0.18	0.05	0.02	0.05	0.01	0.02	0.01	0.01	0.01	0.01
Haussy	59289	791	759	0.6	0.4	0.41	0.22	0.14	0.06	0.01	0.05	0.03	0.01	0.02	0.01	0.01	0.01
Haut-Lieu	59290	231	220	0.6	0.4	0.37	0.24	0.15	0.09	0.05	0.03	0.02	0.02	0.02	0.01	0	0
Hautmont	59291	5713	5307	0.64	0.36	0.43	0.16	0.24	0.06	0.02	0.03	0.01	0.01	0.01	0.01	0	0.01
Haveluy	59292	1649	1464	0.7	0.3	0.45	0.12	0.26	0.04	0.01	0.06	0.01	0.02	0.02	0.01	0.01	0.01
Haverskerque	59293	815	827	0.54	0.46	0.37	0.28	0.13	0.04	0.03	0.03	0.02	0.05	0.01	0.02	0.01	0.01
Haynecourt	59294	215	208	0.62	0.38	0.4	0.21	0.13	0.04	0.1	0.04	0.02	0.01	0.01	0.02	0	0
Hazebrouck	59295	11730	11311	0.51	0.49	0.33	0.28	0.18	0.05	0.04	0.02	0.03	0.02	0.02	0.02	0.01	0.01
Hecq	59296	217	216	0.59	0.41	0.36	0.24	0.18	0.07	0.02	0.03	0.02	0.04	0.02	0	0.01	0
Hem	59299	9922	8986	0.3	0.7	0.17	0.33	0.3	0.06	0.04	0.02	0.05	0.01	0.01	0.01	0.01	0
Hem-Lenglet	59300	330	319	0.66	0.34	0.47	0.19	0.12	0.04	0.05	0.05	0.01	0.03	0.02	0.01	0	0.01
Hergnies	59301	2253	2198	0.62	0.38	0.38	0.22	0.11	0.08	0.02	0.1	0.02	0.02	0.02	0.01	0	0.01
Herlies	59303	1425	1364	0.4	0.6	0.23	0.35	0.14	0.08	0.05	0.03	0.05	0.02	0.02	0.02	0.01	0
Herrin	59304	259	272	0.35	0.65	0.15	0.39	0.11	0.11	0.04	0.02	0.08	0.02	0.03	0.03	0	0
Herzeele	59305	999	980	0.51	0.49	0.35	0.32	0.11	0.05	0.06	0.02	0.02	0.04	0.02	0.01	0	0.01
Hestrud	59306	124	123	0.52	0.48	0.28	0.27	0.13	0.08	0.06	0.05	0.01	0.06	0.04	0.02	0	0
Holque	59307	525	527	0.69	0.31	0.45	0.18	0.14	0.08	0.03	0.03	0.02	0.02	0.02	0.01	0.01	0.01
Hon-Hergies	59310	355	337	0.59	0.41	0.37	0.25	0.14	0.07	0.04	0.02	0.03	0.03	0.05	0	0.01	0
Hondeghem	59308	620	590	0.38	0.62	0.22	0.36	0.13	0.05	0.05	0.04	0.05	0.05	0.03	0.01	0.01	0
Hondschoote	59309	2043	2003	0.59	0.41	0.38	0.25	0.16	0.06	0.04	0.02	0.02	0.02	0.02	0.01	0.01	0.01
Honnechy	59311	266	269	0.79	0.21	0.57	0.11	0.11	0.05	0.05	0.01	0.02	0.02	0.04	0.01	0.01	0.01
Honnecourt-sur-Escaut	59312	376	364	0.68	0.32	0.38	0.16	0.12	0.13	0.02	0.03	0.03	0.06	0.03	0.02	0	0.01
Hordain	59313	867	817	0.68	0.32	0.46	0.18	0.13	0.05	0.02	0.07	0.02	0.02	0.02	0.01	0.01	0
Hornaing	59314	1982	1895	0.67	0.33	0.43	0.17	0.17	0.05	0.02	0.06	0.02	0.01	0.01	0.03	0.01	0.01
Houdain-lez-Bavay	59315	446	460	0.55	0.45	0.37	0.23	0.14	0.09	0.03	0.04	0.03	0.03	0.03	0	0.01	0
Houplin-Ancoisne	59316	2067	1976	0.44	0.56	0.28	0.3	0.16	0.06	0.04	0.03	0.07	0.02	0.02	0.02	0.01	0
Houplines	59317	3917	3671	0.5	0.5	0.32	0.25	0.2	0.06	0.02	0.05	0.03	0.02	0.02	0.02	0.01	0.01
Houtkerque	59318	556	531	0.62	0.38	0.34	0.24	0.12	0.09	0.04	0.01	0.03	0.04	0.05	0.01	0.01	0.01
Hoymille	59319	2036	1988	0.49	0.51	0.33	0.32	0.12	0.06	0.04	0.03	0.03	0.02	0.02	0.01	0.01	0
Hélesmes	59297	1068	1033	0.65	0.35	0.45	0.2	0.14	0.07	0.02	0.06	0.02	0.02	0.01	0.01	0	0
Hérin	59302	2097	1975	0.66	0.34	0.43	0.19	0.15	0.06	0.02	0.08	0.02	0.01	0.01	0.01	0.01	0.01
Illies	59320	903	871	0.5	0.5	0.34	0.3	0.13	0.07	0.03	0.05	0.04	0.01	0.02	0.01	0.01	0
Inchy	59321	354	357	0.67	0.33	0.47	0.2	0.09	0.06	0.04	0.03	0.01	0.03	0.04	0.02	0.01	0
Iwuy	59322	1764	1794	0.7	0.3	0.52	0.18	0.12	0.06	0.03	0.03	0.01	0.02	0.02	0.01	0	0
Jenlain	59323	693	686	0.46	0.54	0.29	0.31	0.13	0.06	0.04	0.04	0.05	0.01	0.03	0.01	0.01	0.01
Jeumont	59324	3922	3667	0.6	0.4	0.4	0.17	0.26	0.05	0.02	0.02	0.02	0.01	0.01	0.01	0.01	0.01
Jolimetz	59325	581	550	0.49	0.51	0.29	0.29	0.13	0.09	0.04	0.04	0.04	0.02	0.03	0.02	0.01	0
Killem	59326	608	605	0.62	0.38	0.44	0.25	0.12	0.04	0.03	0.02	0.01	0.03	0.02	0.01	0.01	0.01
La Bassée	59051	3117	3027	0.55	0.45	0.38	0.26	0.16	0.06	0.03	0.03	0.03	0.01	0.01	0.01	0.01	0.01
La Chapelle-d'Armentières	59143	4603	4362	0.43	0.57	0.27	0.33	0.16	0.07	0.04	0.03	0.04	0.02	0.02	0.02	0	0.01
La Flamengrie	59232	258	233	0.51	0.49	0.33	0.28	0.14	0.03	0.03	0.03	0.06	0.03	0.04	0	0.01	0.01
La Gorgue	59268	3070	2923	0.61	0.39	0.4	0.24	0.14	0.06	0.03	0.03	0.03	0.02	0.02	0.01	0.01	0.01
La Groise	59274	261	245	0.67	0.33	0.41	0.24	0.15	0.06	0.03	0.04	0.03	0.02	0.01	0	0	0.01
La Longueville	59357	1157	1098	0.58	0.42	0.37	0.24	0.14	0.08	0.04	0.03	0.03	0.03	0.02	0.01	0.01	0
La Madeleine	59368	11368	10554	0.25	0.75	0.13	0.36	0.25	0.06	0.05	0.02	0.07	0.01	0.01	0.02	0.01	0
La Neuville	59427	397	388	0.39	0.61	0.25	0.35	0.12	0.09	0.06	0.02	0.03	0.03	0.03	0.02	0.01	0.01
La Sentinelle	59564	1458	1406	0.64	0.36	0.42	0.19	0.2	0.05	0.01	0.06	0.02	0.01	0.01	0.01	0	0.01
Lallaing	59327	3263	3188	0.7	0.3	0.49	0.16	0.17	0.05	0.02	0.05	0.01	0.01	0.02	0.01	0	0.01
Lambersart	59328	15268	14383	0.22	0.78	0.12	0.4	0.21	0.06	0.06	0.02	0.08	0.01	0.01	0.02	0.01	0
Lambres-lez-Douai	59329	2599	2474	0.54	0.46	0.35	0.25	0.17	0.07	0.04	0.03	0.03	0.02	0.02	0.02	0.01	0.01
Landas	59330	1618	1531	0.44	0.56	0.26	0.32	0.13	0.07	0.05	0.04	0.04	0.03	0.03	0.01	0.01	0
Landrecies	59331	1769	1746	0.63	0.37	0.41	0.21	0.16	0.07	0.04	0.03	0.02	0.02	0.02	0.02	0.01	0.01
Lannoy	59332	723	678	0.41	0.59	0.26	0.28	0.24	0.07	0.03	0.03	0.04	0.01	0.02	0.01	0	0.01
Larouillies	59333	148	130	0.58	0.42	0.38	0.3	0.08	0.03	0.03	0.05	0.01	0.05	0.05	0	0	0.01
Lauwin-Planque	59334	1030	981	0.53	0.47	0.34	0.25	0.19	0.06	0.04	0.04	0.03	0.01	0.01	0.01	0.01	0.01
Le Cateau-Cambrésis	59136	2869	2859	0.66	0.34	0.47	0.21	0.14	0.06	0.03	0.03	0.01	0.02	0.01	0.01	0.01	0.01
Le Doulieu	59180	916	865	0.43	0.57	0.27	0.33	0.15	0.08	0.04	0.02	0.04	0.03	0.02	0.01	0.01	0
Le Favril	59223	284	272	0.61	0.39	0.38	0.21	0.17	0.06	0.03	0.04	0.03	0.06	0.01	0	0.01	0
Le Maisnil	59371	429	412	0.28	0.72	0.14	0.45	0.09	0.09	0.06	0.03	0.07	0.02	0.02	0.01	0	0.01
Le Quesnoy	59481	2400	2275	0.56	0.44	0.36	0.23	0.18	0.05	0.03	0.06	0.02	0.02	0.02	0.02	0.01	0.01
Lecelles	59335	1841	1787	0.42	0.58	0.26	0.31	0.13	0.06	0.04	0.1	0.05	0.02	0.02	0.01	0	0
Lederzeele	59337	423	425	0.54	0.46	0.38	0.3	0.13	0.06	0.04	0.01	0.02	0.02	0.02	0	0	0.01
Ledringhem	59338	419	393	0.48	0.52	0.29	0.29	0.1	0.09	0.08	0.03	0.03	0.05	0.02	0.02	0	0.01
Leers	59339	5763	5432	0.44	0.56	0.29	0.31	0.17	0.06	0.03	0.02	0.04	0.02	0.02	0.02	0.01	0
Leffrinckoucke	59340	2682	2507	0.47	0.53	0.29	0.29	0.18	0.07	0.03	0.03	0.03	0.02	0.02	0.01	0.01	0.01
Les Rues-des-Vignes	59517	411	428	0.56	0.44	0.35	0.26	0.15	0.08	0.03	0.02	0.03	0.03	0.02	0.01	0.01	0.01
Lesdain	59341	237	235	0.55	0.45	0.37	0.21	0.12	0.06	0.04	0.02	0.05	0.06	0.03	0.03	0	0.02
Lesquin	59343	4607	4427	0.39	0.61	0.25	0.33	0.19	0.06	0.03	0.02	0.06	0.01	0.01	0.02	0.01	0.01
Leval	59344	1302	1175	0.68	0.32	0.4	0.16	0.19	0.05	0.02	0.1	0.02	0.02	0.01	0.01	0.01	0.01
Lewarde	59345	1294	1170	0.61	0.39	0.38	0.17	0.19	0.06	0.02	0.11	0.02	0.01	0.01	0.01	0	0.01
Lez-Fontaine	59342	141	127	0.46	0.54	0.26	0.29	0.21	0.11	0.04	0	0.03	0.04	0.02	0	0	0.01
Lezennes	59346	1916	1715	0.34	0.66	0.19	0.25	0.28	0.05	0.02	0.05	0.07	0.02	0.01	0.05	0.01	0.01
Liessies	59347	293	285	0.55	0.45	0.36	0.19	0.2	0.03	0.03	0.04	0.05	0.03	0.03	0.02	0	0.01
Lieu-Saint-Amand	59348	869	822	0.67	0.33	0.47	0.18	0.1	0.04	0.03	0.12	0.02	0.01	0.02	0.01	0	0
Ligny-en-Cambrésis	59349	979	985	0.69	0.31	0.5	0.21	0.11	0.05	0.03	0.02	0.02	0.02	0.02	0.01	0.01	0.01
Lille	59350	88327	78263	0.23	0.77	0.12	0.26	0.41	0.04	0.03	0.02	0.07	0.01	0.01	0.02	0.01	0
Limont-Fontaine	59351	354	347	0.62	0.38	0.4	0.23	0.1	0.08	0.05	0.03	0.03	0.05	0.01	0.01	0.01	0.01
Linselles	59352	4910	4755	0.37	0.63	0.25	0.4	0.12	0.06	0.04	0.02	0.05	0.02	0.02	0.01	0.01	0
Locquignol	59353	188	180	0.61	0.39	0.38	0.2	0.15	0.07	0.04	0.03	0.03	0.03	0.05	0.01	0.01	0.01
Loffre	59354	484	446	0.49	0.51	0.31	0.3	0.14	0.08	0.02	0.06	0.02	0.04	0.01	0.01	0.01	0
Lompret	59356	1454	1402	0.24	0.76	0.13	0.45	0.13	0.08	0.08	0.02	0.07	0.01	0.02	0.02	0	0
Looberghe	59358	715	693	0.62	0.38	0.39	0.23	0.13	0.08	0.05	0.02	0.02	0.03	0.03	0.01	0	0.01
Loon-Plage	59359	3423	3354	0.65	0.35	0.44	0.22	0.13	0.06	0.03	0.02	0.02	0.02	0.02	0.01	0.01	0.01
Loos	59360	8469	7752	0.42	0.58	0.24	0.23	0.32	0.05	0.02	0.03	0.04	0.02	0.02	0.02	0.01	0.01
Lourches	59361	1486	1367	0.63	0.37	0.44	0.13	0.29	0.04	0.01	0.05	0.01	0.01	0.01	0.01	0.01	0.01
Louvignies-Quesnoy	59363	532	512	0.54	0.46	0.34	0.26	0.15	0.08	0.04	0.05	0.02	0.01	0.02	0.02	0.01	0
Louvil	59364	565	544	0.23	0.77	0.11	0.48	0.13	0.05	0.07	0.03	0.1	0.01	0.01	0.01	0	0
Louvroil	59365	2346	2049	0.55	0.45	0.33	0.12	0.41	0.04	0.01	0.04	0.01	0.01	0.01	0.01	0	0.01
Lynde	59366	502	470	0.54	0.46	0.33	0.26	0.14	0.06	0.03	0.04	0.04	0.03	0.04	0.01	0.01	0.01
Lys-lez-Lannoy	59367	6564	6105	0.44	0.56	0.27	0.29	0.22	0.06	0.03	0.02	0.03	0.02	0.02	0.02	0.01	0
Lécluse	59336	749	725	0.69	0.31	0.46	0.17	0.14	0.07	0.03	0.05	0.01	0.04	0.03	0.01	0	0
Maing	59369	2147	2047	0.53	0.47	0.32	0.25	0.2	0.07	0.03	0.06	0.02	0.02	0.02	0.01	0.01	0
Mairieux	59370	374	375	0.5	0.5	0.36	0.3	0.11	0.07	0.05	0.03	0.02	0.01	0.02	0.01	0	0
Malincourt	59372	274	284	0.58	0.42	0.4	0.24	0.08	0.06	0.08	0.01	0.03	0.05	0.03	0.01	0	0.01
Marbaix	59374	274	266	0.62	0.38	0.36	0.23	0.14	0.08	0.05	0.05	0.03	0.01	0.04	0.01	0	0.01
Marchiennes	59375	2628	2538	0.55	0.45	0.34	0.26	0.16	0.08	0.03	0.04	0.04	0.02	0.02	0.01	0.01	0.01
Marcoing	59377	1150	1084	0.64	0.36	0.42	0.19	0.14	0.05	0.05	0.05	0.02	0.03	0.01	0.01	0.01	0
Marcq-en-Baroeul	59378	21930	20961	0.23	0.77	0.12	0.42	0.16	0.08	0.09	0.02	0.06	0.01	0.01	0.01	0	0
Marcq-en-Ostrevent	59379	402	388	0.67	0.33	0.49	0.19	0.14	0.04	0.02	0.03	0.04	0.01	0.02	0.01	0	0
Maresches	59381	512	495	0.47	0.53	0.27	0.31	0.18	0.06	0.04	0.04	0.05	0.02	0.04	0.01	0	0.01
Maretz	59382	679	692	0.7	0.3	0.51	0.19	0.12	0.05	0.03	0.03	0.01	0.02	0.02	0.01	0	0
Marly	59383	5618	5170	0.51	0.49	0.29	0.22	0.23	0.06	0.02	0.08	0.02	0.02	0.02	0.01	0.01	0
Maroilles	59384	841	824	0.56	0.44	0.4	0.25	0.13	0.04	0.04	0.03	0.03	0.02	0.03	0.01	0.01	0.01
Marpent	59385	1120	1064	0.69	0.31	0.46	0.18	0.17	0.06	0.02	0.04	0.01	0.02	0.02	0.02	0.01	0.01
Marquette-en-Ostrevant	59387	937	904	0.68	0.32	0.49	0.19	0.14	0.05	0.03	0.05	0.01	0.02	0.01	0.01	0	0.01
Marquette-lez-Lille	59386	5672	5450	0.37	0.63	0.24	0.34	0.2	0.05	0.03	0.02	0.05	0.01	0.02	0.02	0.01	0.01
Marquillies	59388	1159	1087	0.41	0.59	0.26	0.31	0.17	0.05	0.04	0.06	0.05	0.01	0.01	0.02	0.01	0
Masnières	59389	1388	1338	0.64	0.36	0.39	0.21	0.17	0.05	0.03	0.07	0.02	0.01	0.01	0.01	0.01	0.01
Masny	59390	2056	1925	0.64	0.36	0.41	0.18	0.23	0.05	0.01	0.06	0.01	0.02	0.01	0.01	0	0.01
Mastaing	59391	555	530	0.62	0.38	0.44	0.23	0.11	0.05	0.03	0.06	0.01	0.03	0.01	0.01	0.01	0.01
Maubeuge	59392	11389	10314	0.51	0.49	0.31	0.19	0.35	0.05	0.02	0.02	0.01	0.01	0.01	0.01	0	0.01
Maulde	59393	561	551	0.55	0.45	0.32	0.22	0.09	0.05	0.03	0.22	0.02	0.02	0.01	0.02	0	0
Maurois	59394	207	188	0.72	0.28	0.54	0.23	0.13	0.04	0	0.01	0.01	0.01	0.01	0	0	0.01
Mazinghien	59395	156	150	0.7	0.3	0.43	0.18	0.11	0.12	0.04	0.01	0	0.04	0.04	0.01	0	0.01
Mecquignies	59396	389	348	0.64	0.36	0.41	0.22	0.11	0.08	0.06	0.01	0.02	0.03	0.03	0.01	0.01	0
Merckeghem	59397	373	371	0.6	0.4	0.39	0.27	0.1	0.07	0.05	0.02	0.03	0.02	0.02	0.01	0.01	0.01
Merris	59399	647	648	0.5	0.5	0.28	0.32	0.15	0.09	0.05	0.02	0.04	0.02	0.02	0.01	0	0.01
Merville	59400	5187	5089	0.64	0.36	0.43	0.21	0.16	0.05	0.03	0.03	0.02	0.02	0.02	0.01	0.01	0.01
Millam	59402	502	468	0.59	0.41	0.39	0.25	0.12	0.07	0.05	0.01	0.03	0.02	0.03	0.01	0.01	0.01
Millonfosse	59403	444	413	0.52	0.48	0.28	0.28	0.12	0.06	0.02	0.17	0.04	0.01	0.01	0.01	0	0
Moeuvres	59405	244	250	0.72	0.28	0.53	0.18	0.1	0.04	0.05	0.02	0.01	0.01	0.03	0.02	0.01	0.01
Monceau-Saint-Waast	59406	221	220	0.52	0.48	0.37	0.3	0.12	0.06	0.03	0.03	0.03	0.02	0.03	0	0	0
Monchaux-sur-Ecaillon	59407	396	384	0.55	0.45	0.35	0.31	0.08	0.1	0.03	0.07	0.02	0.02	0.01	0.01	0.01	0.01
Moncheaux	59408	1004	966	0.4	0.6	0.25	0.35	0.14	0.07	0.04	0.03	0.06	0.02	0.02	0.02	0.01	0
Monchecourt	59409	1324	1302	0.68	0.32	0.48	0.16	0.17	0.05	0.03	0.06	0.02	0.01	0.02	0.01	0	0.01
Mons-en-Baroeul	59410	8843	7817	0.32	0.68	0.17	0.25	0.39	0.04	0.02	0.02	0.05	0.01	0.01	0.02	0.01	0.01
Mons-en-Pévèle	59411	1304	1251	0.35	0.65	0.21	0.37	0.16	0.07	0.04	0.02	0.07	0.02	0.02	0.01	0.01	0
Montay	59412	160	147	0.7	0.3	0.47	0.18	0.12	0.05	0.03	0.04	0.01	0.05	0.01	0.02	0.01	0.02
Montigny-en-Cambrésis	59413	345	340	0.61	0.39	0.39	0.23	0.09	0.08	0.06	0.02	0.01	0.05	0.03	0.01	0.02	0.01
Montigny-en-Ostrevent	59414	2430	2283	0.63	0.37	0.4	0.2	0.21	0.05	0.01	0.04	0.02	0.01	0.02	0.01	0.01	0.01
Montrécourt	59415	148	142	0.6	0.4	0.39	0.26	0.14	0.04	0.04	0.04	0.01	0.03	0	0.01	0.02	0.01
Morbecque	59416	1605	1526	0.5	0.5	0.31	0.28	0.14	0.06	0.04	0.03	0.04	0.03	0.03	0.01	0.01	0.01
Mortagne-du-Nord	59418	712	678	0.65	0.35	0.4	0.16	0.15	0.04	0.01	0.17	0.03	0.01	0.01	0.01	0	0
Mouchin	59419	843	800	0.38	0.62	0.25	0.35	0.1	0.06	0.06	0.05	0.06	0.02	0.02	0.02	0.01	0.01
Moustier-en-Fagne	59420	30	28	0.43	0.57	0.17	0.23	0.3	0.03	0.07	0	0.1	0.03	0.03	0.03	0	0
Mouvaux	59421	7748	7479	0.26	0.74	0.15	0.44	0.12	0.08	0.08	0.01	0.06	0.02	0.02	0.01	0	0
Mérignies	59398	2188	2151	0.28	0.72	0.18	0.48	0.1	0.09	0.06	0.01	0.04	0.01	0.01	0.01	0	0
Méteren	59401	1342	1316	0.43	0.57	0.28	0.35	0.12	0.05	0.04	0.03	0.04	0.04	0.02	0.01	0.01	0.01
Naves	59422	398	381	0.62	0.38	0.37	0.21	0.12	0.1	0.05	0.03	0.04	0.04	0	0.03	0.01	0
Neuf-Berquin	59423	816	762	0.59	0.41	0.38	0.23	0.16	0.06	0.02	0.04	0.02	0.02	0.03	0.02	0.01	0.01
Neuf-Mesnil	59424	637	578	0.67	0.33	0.46	0.16	0.2	0.05	0.03	0.02	0.01	0.01	0.02	0.01	0.01	0.01
Neuville-Saint-Rémy	59428	1950	1892	0.61	0.39	0.41	0.24	0.15	0.06	0.03	0.02	0.02	0.02	0.02	0.01	0.01	0.01
Neuville-en-Avesnois	59425	173	178	0.44	0.56	0.3	0.24	0.22	0.06	0.02	0.02	0.08	0.03	0.01	0.02	0	0.01
Neuville-en-Ferrain	59426	5877	5728	0.42	0.58	0.27	0.34	0.14	0.08	0.04	0.02	0.04	0.02	0.02	0.02	0	0
Neuville-sur-Escaut	59429	1404	1297	0.71	0.29	0.46	0.16	0.15	0.05	0.01	0.12	0.01	0.02	0.01	0.01	0	0
Neuvilly	59430	568	544	0.74	0.26	0.5	0.15	0.13	0.06	0.06	0.02	0.01	0.02	0.02	0.01	0.01	0.01
Nieppe	59431	4379	4294	0.48	0.52	0.3	0.3	0.16	0.06	0.04	0.03	0.04	0.02	0.02	0.01	0.01	0.01
Niergnies	59432	345	331	0.52	0.48	0.27	0.32	0.12	0.09	0.07	0.02	0.03	0.01	0.02	0.02	0.01	0.01
Nieurlet	59433	559	550	0.66	0.34	0.43	0.19	0.12	0.07	0.05	0.03	0.01	0.03	0.04	0.02	0	0.01
Nivelle	59434	873	828	0.52	0.48	0.3	0.25	0.11	0.07	0.02	0.15	0.04	0.02	0.02	0.02	0	0
Nomain	59435	1618	1540	0.37	0.63	0.21	0.37	0.14	0.08	0.06	0.03	0.04	0.02	0.02	0.01	0.01	0
Noordpeene	59436	495	469	0.53	0.47	0.34	0.24	0.18	0.04	0.05	0.02	0.05	0.03	0.02	0.01	0.01	0
Noyelles-lès-Seclin	59437	544	519	0.3	0.7	0.17	0.38	0.18	0.06	0.05	0.04	0.06	0.02	0.01	0.02	0	0.01
Noyelles-sur-Escaut	59438	493	473	0.6	0.4	0.4	0.24	0.13	0.08	0.02	0.03	0.03	0.01	0.03	0.01	0	0.01
Noyelles-sur-Sambre	59439	177	167	0.51	0.49	0.34	0.27	0.18	0.03	0.05	0.03	0.02	0.03	0.03	0.01	0.01	0
Noyelles-sur-Selle	59440	391	374	0.62	0.38	0.47	0.16	0.13	0.06	0.07	0.05	0.01	0.01	0.01	0.02	0.01	0
Obies	59441	394	388	0.51	0.49	0.31	0.33	0.11	0.08	0.05	0.03	0.03	0.02	0.03	0.01	0.01	0.01
Obrechies	59442	196	191	0.59	0.41	0.42	0.27	0.11	0.07	0.02	0.03	0.01	0.03	0.03	0.02	0.01	0.01
Ochtezeele	59443	206	212	0.58	0.42	0.33	0.28	0.04	0.11	0.08	0.02	0.05	0.04	0.02	0.01	0.01	0.01
Odomez	59444	456	425	0.61	0.39	0.36	0.18	0.17	0.09	0.03	0.07	0.03	0.01	0.02	0.01	0.01	0.01
Ohain	59445	622	598	0.66	0.34	0.46	0.19	0.16	0.05	0.03	0.03	0.02	0.03	0.01	0.01	0	0.01
Oisy	59446	370	351	0.47	0.53	0.34	0.26	0.14	0.06	0.03	0.05	0.04	0.01	0.02	0.02	0	0.01
Onnaing	59447	4096	3856	0.63	0.37	0.4	0.18	0.19	0.06	0.02	0.09	0.01	0.02	0.01	0.01	0	0.01
Oost-Cappel	59448	258	266	0.61	0.39	0.41	0.23	0.12	0.05	0.02	0.01	0.02	0.05	0.05	0	0.02	0.01
Orchies	59449	4863	4572	0.51	0.49	0.33	0.26	0.17	0.06	0.03	0.05	0.04	0.02	0.02	0.02	0.01	0.01
Ors	59450	389	369	0.65	0.35	0.37	0.19	0.18	0.09	0.03	0.05	0.01	0.06	0.01	0.01	0	0.01
Orsinval	59451	374	367	0.47	0.53	0.28	0.29	0.14	0.06	0.05	0.05	0.05	0.02	0.04	0.01	0.01	0
Ostricourt	59452	2760	2532	0.54	0.46	0.34	0.17	0.31	0.06	0.02	0.02	0.03	0.02	0.01	0.02	0.01	0.01
Oudezeele	59453	417	409	0.5	0.5	0.33	0.27	0.14	0.05	0.05	0.01	0.06	0.02	0.02	0.02	0.01	0.01
Oxelaëre	59454	313	300	0.44	0.56	0.25	0.34	0.12	0.07	0.1	0.01	0.02	0.03	0.02	0.02	0.02	0
Paillencourt	59455	603	602	0.61	0.39	0.39	0.25	0.13	0.09	0.03	0.01	0.03	0.02	0.02	0.01	0	0.01
Pecquencourt	59456	3029	2932	0.69	0.31	0.46	0.16	0.21	0.04	0.02	0.04	0.02	0.01	0.02	0.01	0.01	0.01
Petit-Fayt	59461	194	186	0.7	0.3	0.42	0.19	0.1	0.1	0.03	0.03	0.04	0.02	0.06	0	0.01	0.01
Petite-Forêt	59459	2850	2659	0.62	0.38	0.41	0.19	0.17	0.07	0.02	0.08	0.02	0.01	0.01	0.01	0	0
Phalempin	59462	3007	2828	0.36	0.64	0.22	0.36	0.17	0.06	0.06	0.02	0.05	0.02	0.02	0.01	0	0.01
Pitgam	59463	590	570	0.56	0.44	0.4	0.29	0.09	0.06	0.05	0.02	0.02	0.04	0.02	0.01	0	0
Poix-du-Nord	59464	1126	1129	0.68	0.32	0.5	0.19	0.13	0.05	0.02	0.04	0.02	0.01	0.01	0.01	0.01	0
Pommereuil	59465	404	400	0.73	0.27	0.52	0.19	0.1	0.06	0.01	0.03	0.01	0.02	0.03	0	0.01	0
Pont-sur-Sambre	59467	1239	1236	0.59	0.41	0.39	0.23	0.16	0.05	0.03	0.04	0.02	0.03	0.02	0.01	0.01	0.01
Pont-à-Marcq	59466	1751	1659	0.41	0.59	0.25	0.35	0.16	0.06	0.03	0.02	0.05	0.03	0.02	0.02	0	0.01
Potelle	59468	285	260	0.52	0.48	0.25	0.29	0.15	0.09	0.06	0.06	0.01	0.03	0.01	0.03	0.01	0.01
Pradelles	59469	261	278	0.54	0.46	0.34	0.33	0.14	0.04	0.04	0.01	0.03	0.02	0.04	0.02	0.01	0
Preux-au-Bois	59472	483	463	0.59	0.41	0.37	0.22	0.15	0.06	0.03	0.05	0.03	0.02	0.03	0.02	0.02	0.01
Preux-au-Sart	59473	175	162	0.51	0.49	0.31	0.29	0.13	0.06	0.07	0.01	0.04	0.03	0.03	0.01	0.01	0.01
Prisches	59474	589	552	0.6	0.4	0.37	0.21	0.15	0.07	0.06	0.03	0.02	0.02	0.03	0.01	0	0.01
Prouvy	59475	1278	1206	0.63	0.37	0.39	0.19	0.17	0.04	0.02	0.15	0.02	0.01	0.01	0.01	0	0
Proville	59476	1992	1921	0.49	0.51	0.33	0.3	0.12	0.08	0.06	0.03	0.03	0.02	0.01	0.01	0.01	0.01
Provin	59477	2389	2316	0.59	0.41	0.39	0.23	0.15	0.06	0.03	0.03	0.03	0.01	0.02	0.02	0.01	0.01
Prémesques	59470	1273	1252	0.34	0.66	0.21	0.37	0.14	0.07	0.05	0.03	0.06	0.02	0.02	0.01	0	0.01
Préseau	59471	1229	1180	0.51	0.49	0.3	0.28	0.13	0.09	0.04	0.07	0.03	0.02	0.02	0.01	0	0
Pérenchies	59457	4353	4223	0.43	0.57	0.28	0.3	0.19	0.06	0.03	0.03	0.05	0.02	0.02	0.01	0.01	0
Péronne-en-Mélantois	59458	634	605	0.35	0.65	0.21	0.36	0.13	0.09	0.06	0.03	0.06	0.03	0.03	0.02	0	0
Quarouble	59479	1680	1591	0.63	0.37	0.41	0.2	0.14	0.07	0.02	0.06	0.02	0.02	0.01	0.01	0.01	0.01
Quaëdypre	59478	699	690	0.52	0.48	0.32	0.3	0.1	0.09	0.06	0.02	0.03	0.03	0.02	0.01	0	0.01
Quesnoy-sur-Deûle	59482	3885	3778	0.4	0.6	0.25	0.36	0.15	0.06	0.04	0.03	0.05	0.02	0.02	0.01	0	0.01
Quiévelon	59483	81	84	0.64	0.36	0.35	0.31	0.06	0.14	0.07	0.01	0	0.02	0.04	0	0	0
Quiévrechain	59484	2401	2230	0.61	0.39	0.38	0.17	0.29	0.04	0.02	0.04	0.01	0.01	0.02	0.01	0.01	0.01
Quiévy	59485	990	969	0.71	0.29	0.5	0.2	0.13	0.05	0.02	0.03	0.01	0.03	0.02	0.01	0.01	0.01
Quérénaing	59480	526	484	0.5	0.5	0.29	0.29	0.13	0.07	0.03	0.07	0.04	0.03	0.02	0.02	0	0
Radinghem-en-Weppes	59487	995	969	0.31	0.69	0.17	0.44	0.1	0.11	0.06	0.02	0.05	0.02	0.01	0.01	0.01	0
Raillencourt-Sainte-Olle	59488	1333	1263	0.53	0.47	0.37	0.3	0.12	0.06	0.03	0.03	0.02	0.02	0.02	0.01	0.01	0.01
Raimbeaucourt	59489	2233	2156	0.57	0.43	0.36	0.24	0.15	0.09	0.03	0.03	0.03	0.02	0.01	0.01	0.01	0.01
Rainsars	59490	131	117	0.6	0.4	0.45	0.18	0.1	0.08	0.08	0.02	0	0.02	0.02	0.02	0.02	0.02
Raismes	59491	6047	5664	0.66	0.34	0.4	0.15	0.19	0.05	0.01	0.16	0.01	0.01	0.01	0.01	0.01	0
Ramillies	59492	359	328	0.71	0.29	0.44	0.2	0.12	0.07	0.03	0.04	0.02	0.03	0.01	0.02	0.01	0.02
Ramousies	59493	127	131	0.56	0.44	0.46	0.25	0.13	0.06	0.02	0.04	0	0.02	0.02	0	0	0.02
Raucourt-au-Bois	59494	83	79	0.63	0.37	0.36	0.24	0.23	0.04	0.01	0	0.01	0.06	0.04	0	0.01	0
Recquignies	59495	1064	1024	0.75	0.25	0.48	0.15	0.17	0.07	0.02	0.05	0.01	0.02	0.02	0.01	0	0.01
Rejet-de-Beaulieu	59496	137	139	0.67	0.33	0.55	0.18	0.06	0.02	0.05	0.03	0.02	0.03	0.04	0	0.01	0
Renescure	59497	1318	1295	0.54	0.46	0.38	0.32	0.11	0.05	0.04	0.01	0.02	0.03	0.02	0.01	0.01	0.01
Reumont	59498	205	201	0.63	0.37	0.37	0.24	0.13	0.08	0.05	0.03	0.01	0.03	0.01	0	0.03	0.01
Rexpoëde	59499	1119	1083	0.57	0.43	0.36	0.26	0.15	0.04	0.04	0.03	0.02	0.03	0.02	0.01	0.01	0.01
Ribécourt-la-Tour	59500	232	239	0.6	0.4	0.39	0.27	0.13	0.07	0.06	0.02	0.01	0.02	0.01	0	0.02	0
Rieulay	59501	751	704	0.56	0.44	0.33	0.25	0.17	0.07	0.02	0.05	0.05	0.03	0.01	0.02	0	0.01
Rieux-en-Cambrésis	59502	802	743	0.67	0.33	0.4	0.16	0.17	0.06	0.04	0.07	0.03	0.02	0.02	0.02	0.01	0
Robersart	59503	119	111	0.58	0.42	0.38	0.19	0.08	0.1	0.03	0.05	0.04	0.06	0.05	0	0	0.01
Roeulx	59504	1919	1810	0.66	0.34	0.46	0.15	0.13	0.05	0.01	0.12	0.01	0.02	0.01	0.02	0.01	0.01
Rombies-et-Marchipont	59505	436	414	0.58	0.42	0.39	0.24	0.08	0.08	0.06	0.05	0.04	0.01	0.01	0.02	0.01	0
Romeries	59506	281	259	0.53	0.47	0.34	0.29	0.16	0.05	0.04	0.01	0.02	0.03	0.02	0.01	0	0.01
Ronchin	59507	8845	7945	0.34	0.66	0.2	0.27	0.31	0.04	0.03	0.03	0.05	0.02	0.01	0.02	0.01	0.01
Roncq	59508	7700	7475	0.38	0.62	0.23	0.36	0.15	0.08	0.05	0.03	0.05	0.02	0.02	0.01	0.01	0
Roost-Warendin	59509	3362	3184	0.62	0.38	0.42	0.2	0.19	0.06	0.02	0.03	0.02	0.02	0.02	0.01	0.01	0.01
Rosult	59511	1227	1169	0.42	0.58	0.24	0.31	0.13	0.06	0.04	0.1	0.05	0.02	0.02	0.01	0.01	0.01
Roubaix	59512	27598	22831	0.3	0.7	0.15	0.2	0.52	0.03	0.02	0.01	0.03	0.01	0.01	0.01	0.01	0.01
Roucourt	59513	301	278	0.56	0.44	0.29	0.24	0.23	0.11	0.05	0.02	0.02	0.01	0.02	0	0	0
Rousies	59514	2107	2014	0.61	0.39	0.4	0.21	0.16	0.08	0.03	0.03	0.03	0.02	0.02	0.01	0	0.01
Rouvignies	59515	374	349	0.63	0.37	0.42	0.19	0.2	0.05	0.02	0.07	0.02	0.01	0.01	0.01	0	0.01
Rubrouck	59516	574	551	0.49	0.51	0.29	0.32	0.16	0.05	0.05	0.01	0.03	0.04	0.03	0.01	0	0.01
Ruesnes	59518	261	259	0.51	0.49	0.32	0.29	0.13	0.07	0.04	0.03	0.04	0.03	0.02	0.01	0	0
Rumegies	59519	1049	1018	0.51	0.49	0.32	0.29	0.13	0.06	0.03	0.1	0.03	0.01	0.01	0.01	0	0.01
Rumilly-en-Cambrésis	59520	852	821	0.54	0.46	0.36	0.25	0.18	0.06	0.02	0.06	0.03	0.02	0.01	0.01	0	0.01
Râches	59486	1452	1410	0.58	0.42	0.38	0.27	0.15	0.06	0.03	0.04	0.02	0.01	0.02	0.01	0.01	0.01
Sailly-lez-Cambrai	59521	227	226	0.56	0.44	0.33	0.28	0.13	0.07	0.04	0.05	0.01	0.03	0.03	0.01	0.01	0.01
Sailly-lez-Lannoy	59522	1266	1225	0.24	0.76	0.15	0.47	0.12	0.07	0.05	0.02	0.07	0.02	0.01	0.02	0.01	0
Sainghin-en-Mélantois	59523	1775	1717	0.28	0.72	0.17	0.41	0.14	0.06	0.07	0.01	0.07	0.02	0.02	0.02	0	0.01
Sainghin-en-Weppes	59524	3230	3139	0.45	0.55	0.29	0.31	0.16	0.05	0.03	0.03	0.05	0.02	0.02	0.02	0.01	0.01
Sains-du-Nord	59525	1347	1320	0.64	0.36	0.45	0.2	0.14	0.05	0.03	0.04	0.01	0.02	0.02	0.01	0.01	0
Saint-Amand-les-Eaux	59526	8569	7861	0.53	0.47	0.28	0.21	0.16	0.06	0.02	0.21	0.03	0.01	0.01	0.01	0	0
Saint-André-lez-Lille	59527	6329	6002	0.31	0.69	0.18	0.35	0.22	0.05	0.03	0.03	0.07	0.02	0.01	0.02	0.01	0.01
Saint-Aubert	59528	861	843	0.68	0.32	0.47	0.2	0.11	0.05	0.04	0.05	0.02	0.03	0.02	0.01	0.01	0.01
Saint-Aubin	59529	188	189	0.6	0.4	0.33	0.24	0.14	0.1	0.02	0.01	0.02	0.05	0.04	0.01	0.01	0.02
Saint-Aybert	59530	186	167	0.68	0.32	0.4	0.2	0.16	0.08	0.03	0.05	0.03	0.01	0.02	0.01	0.01	0
Saint-Benin	59531	181	177	0.67	0.33	0.37	0.21	0.17	0.1	0.05	0.03	0	0.01	0.03	0.01	0.01	0.01
Saint-Georges-sur-l'Aa	59532	193	190	0.62	0.38	0.35	0.25	0.16	0.03	0.02	0.01	0.05	0.07	0.02	0.03	0.03	0.01
Saint-Hilaire-lez-Cambrai	59533	878	862	0.68	0.32	0.46	0.19	0.14	0.05	0.04	0.04	0.03	0.02	0.01	0.01	0	0.01
Saint-Hilaire-sur-Helpe	59534	420	403	0.58	0.42	0.34	0.24	0.17	0.06	0.04	0.02	0.04	0.03	0.02	0.03	0.01	0.01
Saint-Jans-Cappel	59535	1052	1011	0.4	0.6	0.25	0.37	0.14	0.05	0.05	0.03	0.04	0.02	0.02	0.01	0.01	0.01
Saint-Martin-sur-Ecaillon	59537	317	289	0.43	0.57	0.26	0.27	0.17	0.06	0.04	0.07	0.06	0.03	0.01	0.01	0	0.02
Saint-Momelin	59538	232	231	0.66	0.34	0.42	0.19	0.19	0.06	0.03	0.03	0	0.03	0.02	0.01	0	0
Saint-Pierre-Brouck	59539	579	561	0.58	0.42	0.36	0.26	0.15	0.06	0.03	0.01	0.02	0.04	0.04	0.01	0.01	0.01
Saint-Python	59541	555	542	0.67	0.33	0.42	0.21	0.19	0.06	0.02	0.01	0.01	0.01	0.03	0.01	0.02	0.01
Saint-Remy-Chaussée	59542	257	256	0.66	0.34	0.43	0.17	0.13	0.07	0.04	0.06	0.02	0.02	0.04	0.02	0	0
Saint-Remy-du-Nord	59543	611	592	0.68	0.32	0.47	0.22	0.1	0.06	0.03	0.04	0.01	0.02	0.04	0.01	0	0.01
Saint-Saulve	59544	5772	5496	0.48	0.52	0.3	0.28	0.18	0.07	0.04	0.04	0.03	0.01	0.02	0.01	0	0.01
Saint-Souplet	59545	674	664	0.72	0.28	0.51	0.16	0.11	0.05	0.05	0.03	0.01	0.02	0.03	0.02	0	0
Saint-Sylvestre-Cappel	59546	772	749	0.51	0.49	0.33	0.3	0.11	0.07	0.05	0.03	0.04	0.03	0.02	0.01	0.01	0.01
Saint-Vaast-en-Cambrésis	59547	498	465	0.68	0.32	0.45	0.17	0.17	0.05	0.02	0.06	0.02	0.02	0.03	0.01	0	0
Saint-Waast	59548	396	378	0.6	0.4	0.35	0.23	0.17	0.11	0.03	0.03	0.01	0.04	0.02	0.01	0.01	0
Sainte-Marie-Cappel	59536	586	544	0.38	0.62	0.23	0.34	0.14	0.08	0.06	0.03	0.06	0.03	0.02	0.01	0.01	0.01
Salesches	59549	175	177	0.55	0.45	0.36	0.25	0.13	0.09	0.03	0.07	0.03	0.01	0.01	0.01	0.01	0.01
Salomé	59550	1750	1681	0.58	0.42	0.4	0.21	0.17	0.05	0.02	0.04	0.04	0.02	0.02	0.01	0.01	0.01
Saméon	59551	995	967	0.41	0.59	0.25	0.36	0.13	0.05	0.05	0.05	0.05	0.01	0.02	0.02	0	0
Sancourt	59552	118	112	0.67	0.33	0.43	0.19	0.1	0.08	0.05	0.04	0.03	0.03	0.03	0	0.02	0.01
Santes	59553	3675	3489	0.4	0.6	0.25	0.36	0.14	0.07	0.04	0.03	0.04	0.02	0.02	0.02	0.01	0.01
Sars-Poteries	59555	635	634	0.66	0.34	0.42	0.23	0.16	0.05	0.03	0.03	0.01	0.02	0.02	0	0.01	0.02
Sars-et-Rosières	59554	418	397	0.37	0.63	0.25	0.34	0.12	0.05	0.04	0.09	0.06	0.01	0.02	0.01	0	0
Sassegnies	59556	172	171	0.71	0.29	0.42	0.13	0.1	0.15	0.01	0.05	0.05	0.03	0.03	0.01	0.02	0
Saultain	59557	1301	1246	0.51	0.49	0.32	0.28	0.15	0.07	0.03	0.05	0.03	0.01	0.02	0.01	0.01	0.01
Saulzoir	59558	980	941	0.6	0.4	0.36	0.24	0.15	0.08	0.03	0.05	0.03	0.02	0.02	0.01	0	0.01
Sebourg	59559	1194	1151	0.44	0.56	0.23	0.32	0.11	0.12	0.06	0.03	0.05	0.03	0.03	0.01	0.01	0
Seclin	59560	6357	5999	0.47	0.53	0.29	0.26	0.22	0.05	0.03	0.05	0.05	0.02	0.01	0.01	0.01	0.01
Semousies	59563	148	146	0.62	0.38	0.4	0.3	0.11	0.07	0.05	0.01	0.01	0.02	0.01	0	0.01	0.01
Sepmeries	59565	394	385	0.49	0.51	0.32	0.29	0.12	0.06	0.05	0.04	0.03	0.04	0.02	0.01	0.01	0.01
Sequedin	59566	2320	2289	0.44	0.56	0.27	0.36	0.15	0.07	0.03	0.02	0.04	0.01	0.02	0.01	0.01	0.01
Sercus	59568	279	265	0.45	0.55	0.29	0.35	0.16	0.05	0.03	0.01	0.03	0.02	0.02	0.02	0.01	0
Sin-le-Noble	59569	7085	6626	0.6	0.4	0.38	0.19	0.25	0.05	0.02	0.04	0.02	0.01	0.02	0.01	0.01	0.01
Socx	59570	638	602	0.38	0.62	0.23	0.41	0.12	0.06	0.07	0.01	0.03	0.03	0.02	0.02	0	0
Solesmes	59571	2238	2191	0.69	0.31	0.46	0.18	0.15	0.06	0.03	0.03	0.02	0.02	0.02	0.01	0.01	0.01
Solre-le-Château	59572	866	829	0.53	0.47	0.35	0.29	0.16	0.05	0.05	0.03	0.02	0.01	0.01	0.01	0	0.01
Solrinnes	59573	68	66	0.64	0.36	0.43	0.22	0.1	0.09	0.04	0	0.06	0.01	0.03	0.01	0	0
Somain	59574	5864	5484	0.65	0.35	0.41	0.16	0.21	0.05	0.01	0.08	0.02	0.02	0.01	0.01	0.01	0.01
Sommaing	59575	284	268	0.49	0.51	0.32	0.26	0.15	0.08	0.03	0.05	0.04	0.02	0.04	0	0	0
Spycker	59576	1134	1132	0.62	0.38	0.42	0.24	0.14	0.05	0.03	0.02	0.02	0.02	0.02	0.01	0.01	0.01
Staple	59577	415	389	0.45	0.55	0.32	0.32	0.13	0.04	0.04	0.03	0.02	0.04	0.02	0.01	0.01	0.01
Steenbecque	59578	1029	990	0.5	0.5	0.31	0.3	0.17	0.04	0.02	0.02	0.03	0.02	0.04	0.02	0.01	0
Steene	59579	854	817	0.59	0.41	0.42	0.28	0.1	0.06	0.03	0.02	0.04	0.03	0.01	0.01	0.01	0.01
Steenvoorde	59580	2497	2415	0.48	0.52	0.3	0.31	0.13	0.05	0.06	0.02	0.04	0.04	0.03	0.02	0.01	0.01
Steenwerck	59581	2163	2089	0.45	0.55	0.27	0.3	0.17	0.07	0.03	0.02	0.06	0.02	0.02	0.01	0.01	0.01
Strazeele	59582	493	493	0.55	0.45	0.33	0.29	0.14	0.08	0.03	0.01	0.03	0.04	0.02	0.01	0.01	0
Sémeries	59562	334	320	0.61	0.39	0.37	0.25	0.12	0.06	0.02	0.05	0.03	0.04	0.03	0.01	0.01	0.01
Séranvillers-Forenville	59567	250	220	0.63	0.37	0.38	0.19	0.12	0.06	0.09	0.02	0.02	0.06	0.03	0.01	0	0.01
Taisnières-en-Thiérache	59583	269	274	0.64	0.36	0.45	0.16	0.11	0.09	0.03	0.02	0.02	0.06	0.01	0.01	0.01	0.02
Taisnières-sur-Hon	59584	417	409	0.52	0.48	0.35	0.29	0.12	0.11	0.03	0.02	0.03	0.02	0	0.01	0	0
Templemars	59585	2134	2001	0.4	0.6	0.25	0.31	0.2	0.06	0.03	0.03	0.06	0.01	0.02	0.02	0.01	0.01
Templeuve-en-Pévèle	59586	4125	3918	0.37	0.63	0.22	0.35	0.15	0.06	0.05	0.03	0.06	0.02	0.02	0.02	0.01	0
Terdeghem	59587	342	327	0.44	0.56	0.27	0.33	0.16	0.03	0.08	0.02	0.04	0.03	0.04	0	0	0.01
Thiant	59589	1477	1395	0.65	0.35	0.42	0.19	0.16	0.06	0.02	0.08	0.02	0.01	0.01	0.01	0.01	0.01
Thiennes	59590	507	493	0.59	0.41	0.38	0.2	0.17	0.08	0.03	0.04	0.03	0.03	0.02	0.02	0.01	0.01
Thivencelle	59591	427	422	0.74	0.26	0.52	0.16	0.13	0.05	0.05	0.04	0.01	0.02	0.02	0	0.01	0
Thumeries	59592	2433	2325	0.52	0.48	0.33	0.29	0.15	0.07	0.04	0.03	0.03	0.02	0.02	0.02	0.01	0
Thun-Saint-Amand	59594	578	533	0.54	0.46	0.3	0.21	0.17	0.08	0.02	0.16	0.02	0.01	0.01	0	0	0.01
Thun-Saint-Martin	59595	327	326	0.54	0.46	0.38	0.29	0.09	0.09	0.02	0.03	0.02	0.01	0.03	0.01	0.02	0.01
Thun-l'Evêque	59593	455	424	0.57	0.43	0.38	0.28	0.13	0.05	0.03	0.04	0.02	0.02	0.03	0.01	0.01	0
Tilloy-lez-Cambrai	59597	450	444	0.46	0.54	0.28	0.36	0.11	0.09	0.06	0.03	0.02	0.02	0.03	0	0	0
Tilloy-lez-Marchiennes	59596	400	364	0.43	0.57	0.26	0.32	0.16	0.09	0.03	0.04	0.06	0.02	0.03	0.01	0	0
Toufflers	59598	2466	2345	0.43	0.57	0.27	0.32	0.18	0.06	0.04	0.02	0.04	0.03	0.02	0.01	0.01	0
Tourcoing	59599	38002	34305	0.41	0.59	0.23	0.23	0.36	0.05	0.02	0.02	0.03	0.01	0.01	0.01	0.01	0.01
Tourmignies	59600	565	564	0.36	0.64	0.22	0.36	0.13	0.07	0.05	0.01	0.07	0.02	0.04	0.02	0.01	0.01
Tressin	59602	844	832	0.28	0.72	0.16	0.4	0.14	0.05	0.05	0.05	0.08	0.02	0.03	0.01	0	0
Trith-Saint-Léger	59603	3274	3044	0.67	0.33	0.43	0.15	0.2	0.04	0.01	0.1	0.02	0.02	0.01	0.01	0	0.01
Troisvilles	59604	424	410	0.7	0.3	0.47	0.16	0.16	0.05	0.04	0.04	0.01	0.03	0.01	0.02	0	0
Trélon	59601	1215	1204	0.66	0.34	0.48	0.23	0.12	0.06	0.02	0.02	0.01	0.02	0.01	0.02	0	0
Téteghem-Coudekerque-Village	59588	5354	5215	0.44	0.56	0.29	0.34	0.13	0.07	0.05	0.02	0.03	0.02	0.02	0.02	0.01	0.01
Uxem	59605	870	858	0.5	0.5	0.31	0.32	0.15	0.05	0.03	0.03	0.03	0.02	0.02	0.01	0.01	0.01
Valenciennes	59606	17363	16223	0.42	0.58	0.25	0.29	0.22	0.07	0.04	0.04	0.04	0.02	0.01	0.01	0.01	0
Vendegies-au-Bois	59607	293	283	0.57	0.43	0.35	0.25	0.14	0.1	0.03	0.04	0.04	0.02	0.02	0.01	0.01	0
Vendegies-sur-Ecaillon	59608	680	625	0.53	0.47	0.32	0.27	0.17	0.06	0.05	0.03	0.02	0.03	0.02	0.02	0.01	0
Vendeville	59609	1055	1024	0.37	0.63	0.23	0.37	0.16	0.07	0.05	0.02	0.05	0.01	0.01	0.02	0.01	0
Verchain-Maugré	59610	631	595	0.58	0.42	0.42	0.22	0.1	0.07	0.03	0.06	0.03	0.02	0.02	0.01	0.01	0
Verlinghem	59611	1651	1597	0.26	0.74	0.16	0.44	0.12	0.07	0.08	0.02	0.05	0.03	0.02	0.01	0.01	0
Vertain	59612	349	323	0.54	0.46	0.32	0.23	0.15	0.08	0.07	0.05	0.03	0.03	0.01	0.01	0	0.01
Vicq	59613	695	644	0.65	0.35	0.43	0.17	0.19	0.04	0.02	0.08	0.01	0.02	0.01	0.01	0	0.01
Viesly	59614	781	745	0.71	0.29	0.48	0.16	0.15	0.06	0.05	0.04	0.01	0.01	0.01	0.01	0.01	0.01
Vieux-Berquin	59615	1572	1496	0.53	0.47	0.33	0.28	0.13	0.07	0.06	0.03	0.04	0.03	0.02	0.02	0.01	0.01
Vieux-Condé	59616	4958	4687	0.67	0.33	0.43	0.16	0.21	0.06	0.02	0.07	0.01	0.02	0.02	0.01	0	0.01
Vieux-Mesnil	59617	354	336	0.58	0.42	0.39	0.29	0.13	0.04	0.02	0.02	0.02	0.03	0.03	0.01	0	0.02
Vieux-Reng	59618	413	425	0.7	0.3	0.48	0.18	0.14	0.08	0.02	0.02	0.02	0	0.03	0.01	0	0.01
Villeneuve-d'Ascq	59009	27984	25434	0.27	0.73	0.14	0.29	0.34	0.05	0.03	0.03	0.06	0.01	0.01	0.02	0.01	0.01
Villereau	59619	582	534	0.52	0.48	0.33	0.28	0.15	0.06	0.03	0.03	0.04	0.02	0.02	0.02	0.01	0.01
Villers-Guislain	59623	430	418	0.73	0.27	0.53	0.19	0.07	0.07	0.03	0.03	0.01	0.03	0.02	0	0.01	0
Villers-Outréaux	59624	1079	1065	0.63	0.37	0.42	0.24	0.13	0.09	0.04	0.01	0.01	0.03	0.02	0	0.01	0.01
Villers-Plouich	59625	234	221	0.58	0.42	0.41	0.24	0.09	0.05	0.07	0.03	0.02	0.01	0.02	0.03	0	0.03
Villers-Pol	59626	728	706	0.42	0.58	0.25	0.38	0.11	0.08	0.05	0.03	0.03	0.03	0.02	0.01	0	0
Villers-Sire-Nicole	59627	487	488	0.63	0.37	0.47	0.21	0.1	0.07	0.05	0.02	0.02	0.02	0.02	0.01	0.01	0.01
Villers-au-Tertre	59620	396	378	0.52	0.48	0.35	0.22	0.16	0.04	0.03	0.06	0.06	0.02	0.01	0.03	0.01	0.01
Villers-en-Cauchies	59622	646	623	0.68	0.32	0.45	0.19	0.15	0.07	0.03	0.04	0.02	0.01	0.02	0.01	0.01	0
Volckerinckhove	59628	350	343	0.49	0.51	0.35	0.33	0.09	0.05	0.05	0.03	0.03	0.02	0.02	0.01	0.01	0.01
Vred	59629	782	740	0.59	0.41	0.35	0.22	0.18	0.06	0.02	0.05	0.04	0.03	0.02	0.02	0.01	0
Wahagnies	59630	1490	1433	0.51	0.49	0.33	0.26	0.16	0.07	0.03	0.03	0.04	0.02	0.02	0.02	0.01	0.01
Walincourt-Selvigny	59631	1037	1007	0.64	0.36	0.45	0.22	0.12	0.05	0.03	0.03	0.02	0.02	0.02	0.02	0.01	0.01
Wallers	59632	2836	2737	0.63	0.37	0.41	0.21	0.16	0.06	0.03	0.06	0.02	0.01	0.01	0.01	0	0.01
Wallers-en-Fagne	59633	157	139	0.67	0.33	0.47	0.22	0.07	0.08	0.03	0.03	0.04	0.03	0.03	0	0.01	0
Wallon-Cappel	59634	547	537	0.4	0.6	0.27	0.39	0.1	0.05	0.06	0.02	0.04	0.03	0.02	0.02	0.01	0
Wambaix	59635	241	221	0.5	0.5	0.32	0.26	0.12	0.1	0.07	0.01	0.04	0.04	0.02	0.02	0.01	0
Wambrechies	59636	6260	6035	0.34	0.66	0.2	0.39	0.15	0.08	0.05	0.02	0.06	0.02	0.02	0.01	0.01	0
Wandignies-Hamage	59637	778	739	0.53	0.47	0.37	0.29	0.13	0.07	0.02	0.03	0.04	0.02	0.01	0.01	0	0.01
Wannehain	59638	756	737	0.43	0.57	0.24	0.29	0.19	0.08	0.05	0.02	0.05	0.03	0.02	0.02	0.01	0.01
Wargnies-le-Grand	59639	675	652	0.52	0.48	0.32	0.27	0.13	0.06	0.05	0.05	0.04	0.02	0.03	0.01	0.01	0
Wargnies-le-Petit	59640	463	437	0.59	0.41	0.38	0.24	0.1	0.12	0.03	0.05	0.02	0.03	0.02	0.01	0.01	0
Warhem	59641	1279	1251	0.51	0.49	0.33	0.3	0.15	0.04	0.05	0.03	0.02	0.03	0.02	0.01	0.01	0
Warlaing	59642	356	332	0.44	0.56	0.28	0.31	0.13	0.05	0.07	0.05	0.03	0.03	0.03	0.02	0	0.01
Warneton	59643	154	147	0.44	0.56	0.27	0.34	0.09	0.05	0.11	0.02	0.05	0.04	0.01	0.02	0.01	0
Wasnes-au-Bac	59645	382	362	0.63	0.37	0.41	0.29	0.08	0.09	0.03	0.03	0.01	0.01	0.02	0.01	0.01	0.01
Wasquehal	59646	11307	10795	0.3	0.7	0.17	0.37	0.19	0.07	0.05	0.02	0.06	0.02	0.02	0.01	0.01	0
Watten	59647	1430	1395	0.7	0.3	0.48	0.2	0.14	0.06	0.01	0.03	0.02	0.02	0.01	0.01	0	0.01
Wattignies	59648	6807	6246	0.34	0.66	0.2	0.3	0.28	0.05	0.03	0.03	0.05	0.02	0.01	0.01	0.01	0.01
Wattignies-la-Victoire	59649	177	168	0.44	0.56	0.29	0.34	0.08	0.04	0.1	0.03	0.02	0.05	0.02	0.01	0.02	0.01
Wattrelos	59650	18668	17144	0.53	0.47	0.33	0.22	0.29	0.05	0.01	0.02	0.02	0.01	0.01	0.01	0.01	0.01
Wavrechain-sous-Denain	59651	765	745	0.7	0.3	0.5	0.13	0.19	0.04	0.01	0.06	0.01	0.02	0.02	0.01	0.01	0.01
Wavrechain-sous-Faulx	59652	252	250	0.69	0.31	0.41	0.21	0.17	0.07	0.01	0.07	0.02	0.03	0.02	0	0	0
Wavrin	59653	4481	4235	0.48	0.52	0.31	0.28	0.17	0.05	0.03	0.03	0.05	0.02	0.02	0.02	0.01	0.01
Waziers	59654	3331	2993	0.58	0.42	0.36	0.13	0.35	0.04	0.01	0.06	0.01	0.01	0.01	0.01	0.01	0
Wemaers-Cappel	59655	141	130	0.58	0.42	0.33	0.28	0.1	0.1	0.06	0.04	0.04	0.02	0.01	0.02	0.01	0
Wervicq-Sud	59656	2546	2473	0.43	0.57	0.28	0.34	0.16	0.07	0.04	0.02	0.04	0.01	0.02	0.01	0	0
West-Cappel	59657	389	368	0.54	0.46	0.33	0.26	0.12	0.07	0.05	0.03	0.04	0.05	0.02	0.02	0.01	0.01
Wicres	59658	302	277	0.36	0.64	0.2	0.3	0.16	0.09	0.09	0.03	0.03	0.02	0.03	0.03	0.01	0.01
Wignehies	59659	1325	1308	0.66	0.34	0.46	0.18	0.16	0.05	0.02	0.04	0.01	0.02	0.02	0.01	0.01	0.01
Willems	59660	1838	1764	0.4	0.6	0.25	0.33	0.15	0.06	0.05	0.02	0.05	0.02	0.02	0.03	0.01	0
Willies	59661	74	63	0.48	0.52	0.28	0.19	0.27	0.07	0.01	0.03	0.04	0.01	0.04	0.04	0	0.01
Winnezeele	59662	743	733	0.52	0.48	0.32	0.31	0.14	0.06	0.03	0.03	0.03	0.02	0.03	0.01	0	0
Wormhout	59663	3301	3182	0.52	0.48	0.31	0.29	0.14	0.05	0.06	0.03	0.03	0.03	0.03	0.02	0.01	0.01
Wulverdinghe	59664	200	199	0.7	0.3	0.44	0.14	0.15	0.06	0.05	0.03	0.03	0.06	0.03	0	0	0.01
Wylder	59665	183	165	0.68	0.32	0.41	0.17	0.12	0.13	0.03	0.01	0.03	0.05	0.04	0.01	0.01	0.01
Zegerscappel	59666	919	873	0.57	0.43	0.4	0.24	0.12	0.06	0.07	0.02	0.02	0.03	0.02	0.01	0.01	0
Zermezeele	59667	156	155	0.5	0.5	0.35	0.31	0.05	0.06	0.09	0.01	0.02	0.02	0.03	0.03	0.01	0.02
Zuydcoote	59668	879	846	0.47	0.53	0.27	0.3	0.16	0.07	0.04	0.05	0.03	0.03	0.03	0.01	0.01	0.01
Zuytpeene	59669	330	305	0.5	0.5	0.34	0.24	0.18	0.06	0.07	0.03	0.02	0.01	0.03	0.01	0.01	0
