code	natl	n0	n1	pct_sex_m	pct_sex_f	pct_age_15	pct_age_60	pct_resid_19	pct_resid_20	pct_edu_lo	pct_edu_hi	pct_occ_else	pct_occ_empl
59001	BEL	0	NA	0	0	0	0	0	0	0	0	0	0
59001	NLD	0	NA	0	0	0	0	0	0	0	0	0	0
59001	PRT	0	NA	0	0	0	0	0	0	0	0	0	0
59002	BEL	4	NA	0	0	0	0	0	0	0	0	0	0
59002	ITA	8	NA	0	0	0	0	0	0	0	0	0	0
59002	PRT	0	NA	0	0	0	0	0	0	0	0	0	0
59002	ROU	5	NA	0	0	0	0	0	0	0	0	0	0
59003	BEL	33.77	NA	0	0	0	0	0	0	0	0	0	0
59003	ESP	0	NA	0	0	0	0	0	0	0	0	0	0
59003	ITA	0	NA	0	0	0	0	0	0	0	0	0	0
59004	BEL	0	NA	0	0	0	0	0	0	0	0	0	0
59004	ITA	0	NA	0	0	0	0	0	0	0	0	0	0
59004	PRT	0	NA	0	0	0	0	0	0	0	0	0	0
59005	BEL	6.14	NA	0	0	0	0	0	0	0	0	0	0
59005	ITA	0	NA	0	0	0	0	0	0	0	0	0	0
59005	POL	0	NA	0	0	0	0	0	0	0	0	0	0
59005	PRT	4.15	NA	0	0	0	0	0	0	0	0	0	0
59006	BEL	7.64	NA	0	0	0	0	0	0	0	0	0	0
59006	ITA	0	NA	0	0	0	0	0	0	0	0	0	0
59007	BEL	0	NA	0	0	0	0	0	0	0	0	0	0
59007	ITA	0	NA	0	0	0	0	0	0	0	0	0	0
59008	BEL	16.19	16.19	0	0	0	0	0	0	0	0	66.95	0
59008	BGR	0	NA	0	0	0	0	0	0	0	0	0	0
59008	ITA	27.55	27.55	52.81	47.19	0	0	0	100	0	0	0	0
59008	POL	0	NA	0	0	0	0	0	0	0	0	0	0
59008	PRT	0	NA	0	0	0	0	0	0	0	0	0	0
59008	ROU	0	NA	0	0	0	0	0	0	0	0	0	0
59009	BEL	102.84	102.84	35.08	64.91	48.67	51.33	33.16	66.83	55.46	44.54	41.29	32.88
59009	BGR	6.89	6.89	0	100	100	0	100	0	0	0	0	0
59009	DEU	27.05	27.05	55.82	44.21	0	0	0	0	48.5	51.5	0	0
59009	ESP	88.15	88.15	49.87	50.13	63.1	36.9	58.58	41.42	66.52	33.48	43.02	25.17
59009	ITA	94.86	94.86	38.11	61.89	85.35	14.66	69.48	30.52	60.4	39.6	24.26	41.06
59009	NLD	23.86	23.86	47.49	52.51	0	0	0	0	34.62	65.42	60.14	31.48
59009	Other EU	34.86	34.86	51.92	48.05	0	0	0	0	51.35	48.65	42.91	45.47
59009	POL	19.05	19.05	0	0	0	0	0	0	29.45	70.55	0	0
59009	PRT	110.71	110.71	45.79	54.21	79.68	20.32	40.63	59.37	84.82	15.18	9.84	68.55
59009	ROU	47.54	47.54	32.35	67.65	100	0	100	0	31.76	68.26	40.16	31.3
59011	BEL	10.1	10.1	0	0	0	0	34.06	65.94	0	0	0	0
59011	BGR	3.54	3.54	100	0	100	0	100	0	100	0	0	0
59011	DEU	3.83	3.83	0	0	0	0	0	0	100	0	0	0
59011	ESP	0	NA	0	0	0	0	0	0	0	0	0	0
59011	ITA	12.67	12.67	0	0	53.99	46.01	0	0	0	0	0	0
59011	NLD	7.71	7.71	0	0	0	0	100	0	0	0	0	0
59011	Other EU	7.2	7.2	0	0	100	0	100	0	100	0	0	0
59011	PRT	17.69	17.69	42.79	57.21	0	0	0	0	0	0	0	0
59011	ROU	22.38	22.38	100	0	100	0	0	0	0	0	0	0
59012	BEL	93.17	NA	0	0	0	0	0	0	0	0	0	0
59012	DEU	0	NA	0	0	0	0	0	0	0	0	0	0
59012	ITA	0	NA	0	0	0	0	0	0	0	0	0	0
59012	POL	0	NA	0	0	0	0	0	0	0	0	0	0
59012	PRT	0	NA	0	0	0	0	0	0	0	0	0	0
59013	BEL	0	NA	0	0	0	0	0	0	0	0	0	0
59013	DEU	0	NA	0	0	0	0	0	0	0	0	0	0
59013	ITA	0	NA	0	0	0	0	0	0	0	0	0	0
59013	Other EU	0	NA	0	0	0	0	0	0	0	0	0	0
59013	POL	0	NA	0	0	0	0	0	0	0	0	0	0
59013	PRT	0	NA	0	0	0	0	0	0	0	0	0	0
59013	ROU	0	NA	0	0	0	0	0	0	0	0	0	0
59014	BEL	14.94	14.94	0	0	0	0	0	0	0	0	0	0
59014	DEU	0	NA	0	0	0	0	0	0	0	0	0	0
59014	ESP	0	NA	0	0	0	0	0	0	0	0	0	0
59014	ITA	32.98	32.98	0	0	40.42	59.55	0	0	0	0	0	26.23
59014	POL	0	NA	0	0	0	0	0	0	0	0	0	0
59014	PRT	0	NA	0	0	0	0	0	0	0	0	0	0
59014	ROU	0	NA	0	0	0	0	0	0	0	0	0	0
59015	BEL	0	NA	0	0	0	0	0	0	0	0	0	0
59015	DEU	0	NA	0	0	0	0	0	0	0	0	0	0
59015	ITA	0	NA	0	0	0	0	0	0	0	0	0	0
59015	POL	0	NA	0	0	0	0	0	0	0	0	0	0
59015	PRT	4	NA	0	0	0	0	0	0	0	0	0	0
59016	BEL	0	NA	0	0	0	0	0	0	0	0	0	0
59017	BEL	60.84	60.84	49.84	50.16	73.42	26.58	60.01	39.99	63.05	36.95	26.07	52.45
59017	ESP	17.56	17.56	0	0	0	0	0	100	0	0	0	0
59017	ITA	15.9	15.9	0	0	0	0	0	0	0	0	0	0
59017	Other EU	0	NA	0	0	0	0	0	0	0	0	0	0
59017	PRT	122.94	122.94	51.97	48.03	35.47	64.53	10.18	89.82	90.77	9.23	0	31.49
59017	ROU	21.18	21.18	35.84	64.16	65.39	34.66	100	0	0	0	0	68.41
59018	BEL	0	NA	0	0	0	0	0	0	0	0	0	0
59018	ROU	0	NA	0	0	0	0	0	0	0	0	0	0
59019	BEL	4.83	NA	0	0	0	0	0	0	0	0	0	0
59019	DEU	4.04	NA	0	0	0	0	0	0	0	0	0	0
59019	ITA	0	NA	0	0	0	0	0	0	0	0	0	0
59021	BEL	20	NA	0	0	0	0	0	0	0	0	0	0
59021	BGR	0	NA	0	0	0	0	0	0	0	0	0	0
59021	ESP	0	NA	0	0	0	0	0	0	0	0	0	0
59021	ITA	7.09	NA	0	0	0	0	0	0	0	0	0	0
59021	ROU	0	NA	0	0	0	0	0	0	0	0	0	0
59022	ESP	4.04	NA	0	0	0	0	0	0	0	0	0	0
59022	ITA	0	NA	0	0	0	0	0	0	0	0	0	0
59022	NLD	0	NA	0	0	0	0	0	0	0	0	0	0
59022	Other EU	0	NA	0	0	0	0	0	0	0	0	0	0
59022	PRT	0	NA	0	0	0	0	0	0	0	0	0	0
59023	ITA	0	NA	0	0	0	0	0	0	0	0	0	0
59023	PRT	0	NA	0	0	0	0	0	0	0	0	0	0
59024	BEL	4.15	NA	0	0	0	0	0	0	0	0	0	0
59024	DEU	0	NA	0	0	0	0	0	0	0	0	0	0
59024	ESP	0	NA	0	0	0	0	0	0	0	0	0	0
59024	ITA	0	NA	0	0	0	0	0	0	0	0	0	0
59024	POL	5.18	NA	0	0	0	0	0	0	0	0	0	0
59024	PRT	0	NA	0	0	0	0	0	0	0	0	0	0
59024	ROU	0	NA	0	0	0	0	0	0	0	0	0	0
59025	BEL	0	NA	0	0	0	0	0	0	0	0	0	0
59025	ESP	0	NA	0	0	0	0	0	0	0	0	0	0
59025	ITA	0	NA	0	0	0	0	0	0	0	0	0	0
59025	Other EU	0	NA	0	0	0	0	0	0	0	0	0	0
59025	PRT	0	NA	0	0	0	0	0	0	0	0	0	0
59026	BEL	0	NA	0	0	0	0	0	0	0	0	0	0
59027	BEL	4.04	NA	0	0	0	0	0	0	0	0	0	0
59027	ESP	0	NA	0	0	0	0	0	0	0	0	0	0
59027	ITA	0	NA	0	0	0	0	0	0	0	0	0	0
59027	NLD	0	NA	0	0	0	0	0	0	0	0	0	0
59027	PRT	4.05	NA	0	0	0	0	0	0	0	0	0	0
59028	BEL	7.94	7.94	0	0	0	0	0	0	0	0	0	0
59028	ESP	8.92	8.92	0	0	0	0	55.16	44.96	0	0	0	0
59028	ITA	4.98	4.98	0	0	0	100	0	100	100	0	0	0
59028	POL	8	8	50	50	0	0	0	100	100	0	0	0
59028	ROU	0	NA	0	0	0	0	0	0	0	0	0	0
59029	BEL	0	NA	0	0	0	0	0	0	0	0	0	0
59029	ITA	0	NA	0	0	0	0	0	0	0	0	0	0
59029	POL	0	NA	0	0	0	0	0	0	0	0	0	0
59029	PRT	0	NA	0	0	0	0	0	0	0	0	0	0
59031	BEL	6.13	NA	0	0	0	0	0	0	0	0	0	0
59031	ITA	0	NA	0	0	0	0	0	0	0	0	0	0
59032	BEL	8	8	50	50	0	0	0	0	0	0	0	0
59032	BGR	0	NA	0	0	0	0	0	0	0	0	0	0
59032	DEU	0	NA	0	0	0	0	0	0	0	0	0	0
59032	ESP	5	5	0	0	0	0	0	0	0	0	0	0
59032	ITA	10	10	50	50	0	0	0	0	40	60	0	0
59032	NLD	0	NA	0	0	0	0	0	0	0	0	0	0
59032	Other EU	0	NA	0	0	0	0	0	0	0	0	0	0
59032	POL	0	NA	0	0	0	0	0	0	0	0	0	0
59032	PRT	5	5	0	0	0	0	0	100	100	0	0	0
59032	ROU	0	NA	0	0	0	0	0	0	0	0	0	0
59033	BEL	20.85	20.85	62.11	37.89	0	0	66.47	33.53	81.25	18.75	0	0
59033	DEU	0	NA	0	0	0	0	0	0	0	0	0	0
59033	ITA	10.12	10.12	50.2	49.8	50.1	50	40.22	59.78	0	0	0	0
59033	NLD	0	NA	0	0	0	0	0	0	0	0	0	0
59033	Other EU	0	NA	0	0	0	0	0	0	0	0	0	0
59033	POL	8.99	8.99	44.27	55.73	100	0	0	0	0	0	0	0
59033	PRT	10.9	10.9	54.4	45.6	54.31	45.69	0	0	100	0	0	0
59033	ROU	0	NA	0	0	0	0	0	0	0	0	0	0
59034	BEL	12	NA	0	0	0	0	0	0	0	0	0	0
59034	ESP	0	NA	0	0	0	0	0	0	0	0	0	0
59034	ITA	4	NA	0	0	0	0	0	0	0	0	0	0
59034	NLD	0	NA	0	0	0	0	0	0	0	0	0	0
59034	Other EU	0	NA	0	0	0	0	0	0	0	0	0	0
59034	POL	0	NA	0	0	0	0	0	0	0	0	0	0
59034	PRT	4	NA	0	0	0	0	0	0	0	0	0	0
59034	ROU	0	NA	0	0	0	0	0	0	0	0	0	0
59035	BEL	6	NA	0	0	0	0	0	0	0	0	0	0
59035	ITA	0	NA	0	0	0	0	0	0	0	0	0	0
59036	BEL	14.88	NA	0	0	0	0	0	0	0	0	0	0
59036	ESP	0	NA	0	0	0	0	0	0	0	0	0	0
59036	ITA	20.96	NA	0	0	0	0	0	0	0	0	0	0
59036	Other EU	5.91	NA	0	0	0	0	0	0	0	0	0	0
59036	POL	0	NA	0	0	0	0	0	0	0	0	0	0
59036	PRT	4	NA	0	0	0	0	0	0	0	0	0	0
59037	BEL	4	NA	0	0	0	0	0	0	0	0	0	0
59037	ITA	4.01	NA	0	0	0	0	0	0	0	0	0	0
59037	PRT	0	NA	0	0	0	0	0	0	0	0	0	0
59038	ESP	0	NA	0	0	0	0	0	0	0	0	0	0
59038	ITA	0	NA	0	0	0	0	0	0	0	0	0	0
59038	POL	0	NA	0	0	0	0	0	0	0	0	0	0
59039	PRT	4.06	NA	0	0	0	0	0	0	0	0	0	0
59041	BEL	7	NA	0	0	0	0	0	0	0	0	0	0
59041	DEU	0	NA	0	0	0	0	0	0	0	0	0	0
59041	ESP	0	NA	0	0	0	0	0	0	0	0	0	0
59041	ITA	0	NA	0	0	0	0	0	0	0	0	0	0
59041	NLD	0	NA	0	0	0	0	0	0	0	0	0	0
59041	POL	0	NA	0	0	0	0	0	0	0	0	0	0
59041	PRT	0	NA	0	0	0	0	0	0	0	0	0	0
59041	ROU	6	NA	0	0	0	0	0	0	0	0	0	0
59042	BEL	14	NA	0	0	0	0	0	0	0	0	0	0
59042	DEU	0	NA	0	0	0	0	0	0	0	0	0	0
59042	ESP	0	NA	0	0	0	0	0	0	0	0	0	0
59042	ITA	0	NA	0	0	0	0	0	0	0	0	0	0
59042	PRT	0	NA	0	0	0	0	0	0	0	0	0	0
59043	BEL	39.76	39.76	36.29	63.71	0	0	39.74	60.29	60.41	39.61	52.77	37
59043	DEU	0	NA	0	0	0	0	0	0	0	0	0	0
59043	ITA	0	NA	0	0	0	0	0	0	0	0	0	0
59043	NLD	0	NA	0	0	0	0	0	0	0	0	0	0
59043	Other EU	0	NA	0	0	0	0	0	0	0	0	0	0
59043	PRT	11.87	11.87	0	0	100	0	0	100	100	0	0	0
59044	BEL	49.44	NA	0	0	0	0	0	0	0	0	0	63.79
59044	ESP	5.31	NA	0	0	0	0	0	0	0	0	0	0
59044	ITA	12.8	NA	0	0	0	0	0	0	0	0	0	0
59044	POL	0	NA	0	0	0	0	0	0	0	0	0	0
59044	PRT	10.6	NA	0	0	0	0	0	0	0	0	0	0
59044	ROU	5.31	NA	0	0	0	0	0	0	0	0	0	0
59045	BEL	30.81	NA	0	0	0	0	0	0	0	0	0	0
59046	BEL	4.91	NA	0	0	0	0	0	0	0	0	0	0
59047	PRT	0	NA	0	0	0	0	0	0	0	0	0	0
59048	PRT	0	NA	0	0	0	0	0	0	0	0	0	0
59049	BEL	0	NA	0	0	0	0	0	0	0	0	0	0
59049	ITA	0	NA	0	0	0	0	0	0	0	0	0	0
59050	BEL	0	NA	0	0	0	0	0	0	0	0	0	0
59051	BEL	5.7	5.7	0	0	0	0	0	0	0	0	0	0
59051	ESP	0	NA	0	0	0	0	0	0	0	0	0	0
59051	ITA	0	NA	0	0	0	0	0	0	0	0	0	0
59051	NLD	0	NA	0	0	0	0	0	0	0	0	0	0
59051	Other EU	0	NA	0	0	0	0	0	0	0	0	0	0
59051	POL	0	NA	0	0	0	0	0	0	0	0	0	0
59051	PRT	0	NA	0	0	0	0	0	0	0	0	0	0
59051	ROU	0	NA	0	0	0	0	0	0	0	0	0	0
59052	BEL	7.96	7.96	0	0	0	0	49.75	50.25	0	0	0	0
59052	DEU	0	NA	0	0	0	0	0	0	0	0	0	0
59052	ITA	8.09	8.09	0	0	0	0	0	100	100	0	0	0
59052	PRT	0	NA	0	0	0	0	0	0	0	0	0	0
59052	ROU	0	NA	0	0	0	0	0	0	0	0	0	0
59053	BEL	74.75	NA	0	0	0	0	0	0	0	0	0	0
59053	DEU	0	NA	0	0	0	0	0	0	0	0	0	0
59053	ESP	0	NA	0	0	0	0	0	0	0	0	0	0
59053	ITA	7.98	NA	0	0	0	0	0	0	0	0	0	0
59053	NLD	0	NA	0	0	0	0	0	0	0	0	0	0
59053	PRT	7.97	NA	0	0	0	0	0	0	0	0	0	0
59054	BEL	0	NA	0	0	0	0	0	0	0	0	0	0
59055	BEL	0	NA	0	0	0	0	0	0	0	0	0	0
59055	ITA	0	NA	0	0	0	0	0	0	0	0	0	0
59055	PRT	0	NA	0	0	0	0	0	0	0	0	0	0
59056	BEL	0	NA	0	0	0	0	0	0	0	0	0	0
59056	ESP	0	NA	0	0	0	0	0	0	0	0	0	0
59057	BEL	3.99	NA	0	0	0	0	0	0	0	0	0	0
59057	ROU	0	NA	0	0	0	0	0	0	0	0	0	0
59058	BEL	5.01	NA	0	0	0	0	0	0	0	0	0	0
59058	ESP	0	NA	0	0	0	0	0	0	0	0	0	0
59058	ITA	5.02	NA	0	0	0	0	0	0	0	0	0	0
59059	BEL	0	NA	0	0	0	0	0	0	0	0	0	0
59060	BEL	0	NA	0	0	0	0	0	0	0	0	0	0
59060	PRT	0	NA	0	0	0	0	0	0	0	0	0	0
59061	BEL	0	NA	0	0	0	0	0	0	0	0	0	0
59061	PRT	0	NA	0	0	0	0	0	0	0	0	0	0
59062	BEL	26	NA	0	0	0	0	0	0	0	0	0	0
59062	ITA	0	NA	0	0	0	0	0	0	0	0	0	0
59063	BEL	0	NA	0	0	0	0	0	0	0	0	0	0
59063	ESP	4	NA	0	0	0	0	0	0	0	0	0	0
59063	ITA	0	NA	0	0	0	0	0	0	0	0	0	0
59063	PRT	8	NA	0	0	0	0	0	0	0	0	0	0
59064	BEL	0	NA	0	0	0	0	0	0	0	0	0	0
59064	ITA	0	NA	0	0	0	0	0	0	0	0	0	0
59064	POL	0	NA	0	0	0	0	0	0	0	0	0	0
59064	PRT	0	NA	0	0	0	0	0	0	0	0	0	0
59065	BEL	63.1	NA	0	0	0	0	0	0	0	0	0	0
59065	ITA	0	NA	0	0	0	0	0	0	0	0	0	0
59065	Other EU	0	NA	0	0	0	0	0	0	0	0	0	0
59065	PRT	0	NA	0	0	0	0	0	0	0	0	0	0
59066	BEL	14	NA	0	0	0	0	0	0	0	0	0	0
59066	ITA	0	NA	0	0	0	0	0	0	0	0	0	0
59067	BEL	0	NA	0	0	0	0	0	0	0	0	0	0
59067	BGR	0	NA	0	0	0	0	0	0	0	0	0	0
59067	DEU	0	NA	0	0	0	0	0	0	0	0	0	0
59067	ITA	0	NA	0	0	0	0	0	0	0	0	0	0
59067	Other EU	0	NA	0	0	0	0	0	0	0	0	0	0
59068	BEL	17.12	NA	0	0	0	0	0	0	0	0	0	0
59068	DEU	0	NA	0	0	0	0	0	0	0	0	0	0
59068	ESP	0	NA	0	0	0	0	0	0	0	0	0	0
59068	ITA	0	NA	0	0	0	0	0	0	0	0	0	0
59068	POL	0	NA	0	0	0	0	0	0	0	0	0	0
59068	PRT	12.08	NA	0	0	0	0	0	0	0	0	0	0
59068	ROU	0	NA	0	0	0	0	0	0	0	0	0	0
59070	BEL	6.07	NA	0	0	0	0	0	0	0	0	0	0
59070	ROU	0	NA	0	0	0	0	0	0	0	0	0	0
59071	BEL	5.02	NA	0	0	0	0	0	0	0	0	0	0
59071	ESP	0	NA	0	0	0	0	0	0	0	0	0	0
59071	ITA	0	NA	0	0	0	0	0	0	0	0	0	0
59071	NLD	0	NA	0	0	0	0	0	0	0	0	0	0
59071	PRT	6.08	NA	0	0	0	0	0	0	0	0	0	0
59072	BEL	18.28	NA	0	0	0	0	0	0	0	0	0	0
59073	BEL	0	NA	0	0	0	0	0	0	0	0	0	0
59074	BEL	3.97	NA	0	0	0	0	0	0	0	0	0	0
59074	DEU	0	NA	0	0	0	0	0	0	0	0	0	0
59074	ITA	0	NA	0	0	0	0	0	0	0	0	0	0
59074	PRT	0	NA	0	0	0	0	0	0	0	0	0	0
59074	ROU	0	NA	0	0	0	0	0	0	0	0	0	0
59075	PRT	0	NA	0	0	0	0	0	0	0	0	0	0
59076	BEL	41.81	NA	0	0	0	0	0	0	0	0	0	0
59076	DEU	0	NA	0	0	0	0	0	0	0	0	0	0
59076	ITA	0	NA	0	0	0	0	0	0	0	0	0	0
59077	BEL	18	NA	0	0	0	0	0	0	0	0	0	0
59077	PRT	0	NA	0	0	0	0	0	0	0	0	0	0
59078	BEL	7	NA	0	0	0	0	0	0	0	0	0	0
59078	DEU	0	NA	0	0	0	0	0	0	0	0	0	0
59078	ESP	0	NA	0	0	0	0	0	0	0	0	0	0
59078	ITA	0	NA	0	0	0	0	0	0	0	0	0	0
59078	PRT	0	NA	0	0	0	0	0	0	0	0	0	0
59079	BEL	5.01	5.01	0	0	0	0	0	0	0	0	0	0
59079	BGR	0	NA	0	0	0	0	0	0	0	0	0	0
59079	ESP	0	NA	0	0	0	0	0	0	0	0	0	0
59079	ITA	13.03	13.03	69.15	30.85	0	0	0	0	0	0	0	0
59079	POL	6.02	6.02	0	0	0	0	0	0	100	0	0	0
59079	PRT	6.96	6.96	0	0	0	0	0	0	100	0	0	0
59079	ROU	0	NA	0	0	0	0	0	0	0	0	0	0
59080	BEL	9.96	NA	0	0	0	0	0	0	0	0	0	0
59080	ESP	0	NA	0	0	0	0	0	0	0	0	0	0
59080	ITA	0	NA	0	0	0	0	0	0	0	0	0	0
59080	Other EU	0	NA	0	0	0	0	0	0	0	0	0	0
59080	POL	0	NA	0	0	0	0	0	0	0	0	0	0
59080	PRT	0	NA	0	0	0	0	0	0	0	0	0	0
59080	ROU	0	NA	0	0	0	0	0	0	0	0	0	0
59081	BEL	0	NA	0	0	0	0	0	0	0	0	0	0
59081	POL	0	NA	0	0	0	0	0	0	0	0	0	0
59081	PRT	0	NA	0	0	0	0	0	0	0	0	0	0
59082	ESP	0	NA	0	0	0	0	0	0	0	0	0	0
59082	NLD	0	NA	0	0	0	0	0	0	0	0	0	0
59082	PRT	0	NA	0	0	0	0	0	0	0	0	0	0
59082	ROU	3.8	NA	0	0	0	0	0	0	0	0	0	0
59083	ROU	0	NA	0	0	0	0	0	0	0	0	0	0
59084	NLD	0	NA	0	0	0	0	0	0	0	0	0	0
59084	PRT	0	NA	0	0	0	0	0	0	0	0	0	0
59085	PRT	0	NA	0	0	0	0	0	0	0	0	0	0
59086	BEL	31.71	NA	0	0	0	0	0	0	0	0	0	0
59086	DEU	0	NA	0	0	0	0	0	0	0	0	0	0
59086	ESP	0	NA	0	0	0	0	0	0	0	0	0	0
59087	BEL	0	NA	0	0	0	0	0	0	0	0	0	0
59087	ITA	0	NA	0	0	0	0	0	0	0	0	0	0
59087	PRT	0	NA	0	0	0	0	0	0	0	0	0	0
59088	BEL	0	NA	0	0	0	0	0	0	0	0	0	0
59088	ITA	0	NA	0	0	0	0	0	0	0	0	0	0
59088	Other EU	0	NA	0	0	0	0	0	0	0	0	0	0
59089	ITA	5.96	NA	0	0	0	0	0	0	0	0	0	0
59090	BEL	54.96	54.96	36.44	63.56	57.33	42.65	22.2	77.8	37.88	62.1	45.54	0
59090	DEU	6.86	6.86	0	0	0	0	0	0	0	0	0	0
59090	ESP	5.17	5.17	0	0	0	0	0	100	0	0	0	0
59090	ITA	14.81	14.81	66.24	33.83	68.47	31.53	47.67	52.33	58.74	41.26	169.01	0
59090	NLD	5.11	5.11	0	0	0	0	0	0	0	0	0	0
59090	Other EU	7.04	7.04	0	0	0	0	0	0	0	0	0	0
59090	POL	4.03	4.03	0	100	0	0	0	0	0	0	0	0
59090	PRT	15.82	15.82	62.83	37.17	44.18	55.82	0	0	74.65	25.35	0	0
59090	ROU	5.22	5.22	0	0	0	0	100	0	0	0	0	0
59091	BEL	0	NA	0	0	0	0	0	0	0	0	0	0
59091	DEU	0	NA	0	0	0	0	0	0	0	0	0	0
59091	ITA	0	NA	0	0	0	0	0	0	0	0	0	0
59092	BEL	0	NA	0	0	0	0	0	0	0	0	0	0
59092	ESP	0	NA	0	0	0	0	0	0	0	0	0	0
59092	ITA	13.12	NA	0	0	0	0	0	0	0	0	0	0
59092	POL	0	NA	0	0	0	0	0	0	0	0	0	0
59092	PRT	0	NA	0	0	0	0	0	0	0	0	0	0
59093	BEL	0	NA	0	0	0	0	0	0	0	0	0	0
59094	BEL	7.01	7.01	0	0	0	0	0	0	0	0	0	0
59094	ESP	0	NA	0	0	0	0	0	0	0	0	0	0
59094	ITA	0	NA	0	0	0	0	0	0	0	0	0	0
59094	POL	0	NA	0	0	0	0	0	0	0	0	0	0
59094	PRT	10.2	10.2	0	0	0	0	0	0	100	0	0	0
59094	ROU	0	NA	0	0	0	0	0	0	0	0	0	0
59096	BEL	7.98	NA	0	0	0	0	0	0	0	0	0	0
59096	DEU	0	NA	0	0	0	0	0	0	0	0	0	0
59096	ITA	0	NA	0	0	0	0	0	0	0	0	0	0
59097	BEL	0	NA	0	0	0	0	0	0	0	0	0	0
59097	POL	4.98	NA	0	0	0	0	0	0	0	0	0	0
59098	BEL	17	NA	0	0	0	0	0	0	0	0	0	0
59098	ESP	44	NA	0	0	0	0	0	0	0	0	0	0
59098	ITA	4	NA	0	0	0	0	0	0	0	0	0	0
59098	NLD	0	NA	0	0	0	0	0	0	0	0	0	0
59098	Other EU	0	NA	0	0	0	0	0	0	0	0	0	0
59098	PRT	31	NA	0	0	0	0	0	0	0	0	0	0
59099	BEL	0	NA	0	0	0	0	0	0	0	0	0	0
59099	ITA	0	NA	0	0	0	0	0	0	0	0	0	0
59099	PRT	0	NA	0	0	0	0	0	0	0	0	0	0
59100	BEL	0	NA	0	0	0	0	0	0	0	0	0	0
59101	BEL	95	NA	0	0	0	0	0	0	0	0	0	0
59101	ITA	0	NA	0	0	0	0	0	0	0	0	0	0
59101	POL	0	NA	0	0	0	0	0	0	0	0	0	0
59101	ROU	0	NA	0	0	0	0	0	0	0	0	0	0
59102	PRT	0	NA	0	0	0	0	0	0	0	0	0	0
59103	BEL	0	NA	0	0	0	0	0	0	0	0	0	0
59103	ITA	0	NA	0	0	0	0	0	0	0	0	0	0
59104	BEL	72.26	NA	0	0	0	0	0	0	0	0	0	0
59104	DEU	0	NA	0	0	0	0	0	0	0	0	0	0
59104	ESP	0	NA	0	0	0	0	0	0	0	0	0	0
59104	ITA	11.95	NA	0	0	0	0	0	0	0	0	0	0
59104	NLD	0	NA	0	0	0	0	0	0	0	0	0	0
59104	PRT	0	NA	0	0	0	0	0	0	0	0	0	0
59104	ROU	0	NA	0	0	0	0	0	0	0	0	0	0
59105	BEL	4.14	NA	0	0	0	0	0	0	0	0	0	0
59105	DEU	0	NA	0	0	0	0	0	0	0	0	0	0
59105	ITA	0	NA	0	0	0	0	0	0	0	0	0	0
59105	NLD	0	NA	0	0	0	0	0	0	0	0	0	0
59105	Other EU	0	NA	0	0	0	0	0	0	0	0	0	0
59106	BEL	0	NA	0	0	0	0	0	0	0	0	0	0
59106	BGR	0	NA	0	0	0	0	0	0	0	0	0	0
59106	NLD	0	NA	0	0	0	0	0	0	0	0	0	0
59106	Other EU	0	NA	0	0	0	0	0	0	0	0	0	0
59107	BEL	97.71	NA	0	0	0	0	0	0	0	0	0	0
59107	ESP	0	NA	0	0	0	0	0	0	0	0	0	0
59107	ITA	4.12	NA	0	0	0	0	0	0	0	0	0	0
59107	PRT	0	NA	0	0	0	0	0	0	0	0	0	0
59107	ROU	0	NA	0	0	0	0	0	0	0	0	0	0
59108	BEL	0	NA	0	0	0	0	0	0	0	0	0	0
59108	ITA	0	NA	0	0	0	0	0	0	0	0	0	0
59109	BEL	0	NA	0	0	0	0	0	0	0	0	0	0
59109	Other EU	0	NA	0	0	0	0	0	0	0	0	0	0
59110	BEL	0	NA	0	0	0	0	0	0	0	0	0	0
59110	ITA	0	NA	0	0	0	0	0	0	0	0	0	0
59111	BEL	0	NA	0	0	0	0	0	0	0	0	0	0
59112	BEL	40.32	40.32	57.96	42.04	0	0	21.45	78.52	66.89	33.11	39.83	26.07
59112	ESP	9.5	9.5	0	0	0	0	0	0	0	0	0	0
59112	ITA	54.53	54.53	48.78	51.22	15.33	84.67	0	0	0	0	0	0
59112	POL	0	NA	0	0	0	0	0	0	0	0	0	0
59112	PRT	6.9	6.9	0	0	0	0	0	0	100	0	0	0
59112	ROU	0	NA	0	0	0	0	0	0	0	0	0	0
59113	BEL	0	NA	0	0	0	0	0	0	0	0	0	0
59113	DEU	0	NA	0	0	0	0	0	0	0	0	0	0
59113	ITA	0	NA	0	0	0	0	0	0	0	0	0	0
59113	Other EU	0	NA	0	0	0	0	0	0	0	0	0	0
59113	PRT	0	NA	0	0	0	0	0	0	0	0	0	0
59114	BEL	7.8	NA	0	0	0	0	0	0	0	0	0	0
59114	Other EU	0	NA	0	0	0	0	0	0	0	0	0	0
59114	PRT	0	NA	0	0	0	0	0	0	0	0	0	0
59115	PRT	0	NA	0	0	0	0	0	0	0	0	0	0
59116	BEL	13.14	NA	0	0	0	0	0	0	0	0	0	0
59117	DEU	0	NA	0	0	0	0	0	0	0	0	0	0
59117	ITA	0	NA	0	0	0	0	0	0	0	0	0	0
59118	BEL	0	NA	0	0	0	0	0	0	0	0	0	0
59118	ITA	0	NA	0	0	0	0	0	0	0	0	0	0
59118	PRT	0	NA	0	0	0	0	0	0	0	0	0	0
59119	BEL	0	NA	0	0	0	0	0	0	0	0	0	0
59119	ITA	0	NA	0	0	0	0	0	0	0	0	0	0
59120	BEL	6.16	NA	0	0	0	0	0	0	0	0	0	0
59120	DEU	0	NA	0	0	0	0	0	0	0	0	0	0
59120	ESP	0	NA	0	0	0	0	0	0	0	0	0	0
59120	POL	6.08	NA	0	0	0	0	0	0	0	0	0	0
59120	PRT	0	NA	0	0	0	0	0	0	0	0	0	0
59121	POL	0	NA	0	0	0	0	0	0	0	0	0	0
59121	PRT	0	NA	0	0	0	0	0	0	0	0	0	0
59122	BEL	18.83	18.83	0	0	100	0	0	0	0	0	55.82	0
59122	DEU	7.66	7.66	0	0	100	0	100	0	0	0	0	0
59122	ESP	50.93	50.93	55.78	44.22	69.06	30.94	45.95	54.05	73.96	26.04	42.47	0
59122	ITA	16.33	16.33	0	0	0	0	0	0	0	0	0	0
59122	NLD	0	NA	0	0	0	0	0	0	0	0	0	0
59122	Other EU	7.12	7.12	0	0	100	0	100	0	0	0	0	0
59122	POL	35.54	35.54	39.56	60.44	0	0	0	0	63.2	36.83	28.45	38.44
59122	PRT	207.62	207.62	47.4	52.6	34.22	65.78	4.85	95.15	95.27	4.73	7.97	25.16
59122	ROU	0	NA	0	0	0	0	0	0	0	0	0	0
59123	BEL	0	NA	0	0	0	0	0	0	0	0	0	0
59123	ESP	0	NA	0	0	0	0	0	0	0	0	0	0
59123	ITA	0	NA	0	0	0	0	0	0	0	0	0	0
59123	ROU	0	NA	0	0	0	0	0	0	0	0	0	0
59124	BEL	23.62	NA	0	0	0	0	0	0	0	0	0	0
59124	DEU	0	NA	0	0	0	0	0	0	0	0	0	0
59124	ITA	0	NA	0	0	0	0	0	0	0	0	0	0
59124	Other EU	0	NA	0	0	0	0	0	0	0	0	0	0
59124	PRT	3.84	NA	0	0	0	0	0	0	0	0	0	0
59125	BEL	0	NA	0	0	0	0	0	0	0	0	0	0
59125	DEU	0	NA	0	0	0	0	0	0	0	0	0	0
59125	PRT	0	NA	0	0	0	0	0	0	0	0	0	0
59126	BEL	0	NA	0	0	0	0	0	0	0	0	0	0
59126	DEU	0	NA	0	0	0	0	0	0	0	0	0	0
59126	PRT	7.94	NA	0	0	0	0	0	0	0	0	0	0
59127	ITA	0	NA	0	0	0	0	0	0	0	0	0	0
59127	NLD	0	NA	0	0	0	0	0	0	0	0	0	0
59128	BEL	7.58	NA	0	0	0	0	0	0	0	0	0	0
59128	ITA	0	NA	0	0	0	0	0	0	0	0	0	0
59128	POL	0	NA	0	0	0	0	0	0	0	0	0	0
59128	PRT	5.94	NA	0	0	0	0	0	0	0	0	0	0
59129	BEL	3.88	NA	0	0	0	0	0	0	0	0	0	0
59129	ESP	0	NA	0	0	0	0	0	0	0	0	0	0
59129	ITA	0	NA	0	0	0	0	0	0	0	0	0	0
59129	PRT	3.88	NA	0	0	0	0	0	0	0	0	0	0
59129	ROU	0	NA	0	0	0	0	0	0	0	0	0	0
59130	ITA	0	NA	0	0	0	0	0	0	0	0	0	0
59130	PRT	0	NA	0	0	0	0	0	0	0	0	0	0
59131	BEL	6.08	6.08	0	0	0	0	0	0	0	0	0	0
59131	DEU	0	NA	0	0	0	0	0	0	0	0	0	0
59131	ESP	0	NA	0	0	0	0	0	0	0	0	0	0
59131	ITA	5.08	5.08	0	0	0	0	0	0	0	0	0	0
59131	NLD	0	NA	0	0	0	0	0	0	0	0	0	0
59131	PRT	8.98	8.98	0	0	0	0	0	0	100	0	0	0
59132	PRT	10.1	NA	0	0	0	0	0	0	0	0	0	0
59133	BEL	0	NA	0	0	0	0	0	0	0	0	0	0
59133	ITA	0	NA	0	0	0	0	0	0	0	0	0	0
59133	PRT	0	NA	0	0	0	0	0	0	0	0	0	0
59134	BEL	0	NA	0	0	0	0	0	0	0	0	0	0
59135	BEL	0	NA	0	0	0	0	0	0	0	0	0	0
59135	DEU	0	NA	0	0	0	0	0	0	0	0	0	0
59135	ITA	0	NA	0	0	0	0	0	0	0	0	0	0
59135	NLD	0	NA	0	0	0	0	0	0	0	0	0	0
59136	BEL	6.04	6.04	0	0	100	0	0	0	0	0	0	0
59136	ESP	0	NA	0	0	0	0	0	0	0	0	0	0
59136	ITA	9.31	9.31	44.04	55.96	0	0	0	100	0	0	0	0
59136	Other EU	0	NA	0	0	0	0	0	0	0	0	0	0
59136	PRT	11.2	11.2	63.13	36.88	0	0	0	100	0	0	0	0
59136	ROU	0	NA	0	0	0	0	0	0	0	0	0	0
59137	POL	0	NA	0	0	0	0	0	0	0	0	0	0
59137	PRT	0	NA	0	0	0	0	0	0	0	0	0	0
59138	BEL	0	NA	0	0	0	0	0	0	0	0	0	0
59138	ESP	0	NA	0	0	0	0	0	0	0	0	0	0
59138	PRT	0	NA	0	0	0	0	0	0	0	0	0	0
59139	BEL	16.49	16.49	0	0	0	0	0	0	0	0	0	0
59139	DEU	0	NA	0	0	0	0	0	0	0	0	0	0
59139	ESP	0	NA	0	0	0	0	0	0	0	0	0	0
59139	ITA	0	NA	0	0	0	0	0	0	0	0	0	0
59139	NLD	0	NA	0	0	0	0	0	0	0	0	0	0
59139	Other EU	0	NA	0	0	0	0	0	0	0	0	0	0
59139	PRT	42.13	42.13	51.55	48.42	27.3	72.7	0	100	0	0	0	0
59139	ROU	0	NA	0	0	0	0	0	0	0	0	0	0
59140	PRT	0	NA	0	0	0	0	0	0	0	0	0	0
59142	BEL	7.23	NA	0	0	0	0	0	0	0	0	0	0
59143	BEL	16.79	16.79	47.71	52.35	0	0	65.69	34.37	64.44	35.56	0	119.18
59143	DEU	0	NA	0	0	0	0	0	0	0	0	0	0
59143	ESP	7.97	7.97	0	0	48.93	51.07	0	0	0	0	0	0
59143	ITA	7.94	7.94	0	0	50	50	0	0	0	0	0	0
59143	NLD	0	NA	0	0	0	0	0	0	0	0	0	0
59143	Other EU	0	NA	0	0	0	0	0	0	0	0	0	0
59143	POL	0	NA	0	0	0	0	0	0	0	0	0	0
59143	PRT	15.72	15.72	44.08	55.92	31.93	68.07	0	0	0	0	0	0
59143	ROU	9.94	9.94	39.64	60.46	0	0	100	0	61.17	38.93	0	0
59144	BEL	33.01	NA	0	0	0	0	0	0	0	0	0	0
59144	ESP	0	NA	0	0	0	0	0	0	0	0	0	0
59144	PRT	0	NA	0	0	0	0	0	0	0	0	0	0
59145	ITA	0	NA	0	0	0	0	0	0	0	0	0	0
59145	PRT	0	NA	0	0	0	0	0	0	0	0	0	0
59146	BEL	15.74	NA	0	0	0	0	0	0	0	0	0	0
59146	DEU	0	NA	0	0	0	0	0	0	0	0	0	0
59146	ITA	0	NA	0	0	0	0	0	0	0	0	0	0
59146	Other EU	0	NA	0	0	0	0	0	0	0	0	0	0
59146	POL	0	NA	0	0	0	0	0	0	0	0	0	0
59146	PRT	6.11	NA	0	0	0	0	0	0	0	0	0	0
59147	BEL	4	NA	0	0	0	0	0	0	0	0	0	0
59148	BEL	43.37	NA	0	0	0	0	0	0	0	0	0	0
59148	DEU	0	NA	0	0	0	0	0	0	0	0	0	0
59149	ESP	0	NA	0	0	0	0	0	0	0	0	0	0
59149	PRT	7	NA	0	0	0	0	0	0	0	0	0	0
59150	BEL	3.89	NA	0	0	0	0	0	0	0	0	0	0
59150	ITA	0	NA	0	0	0	0	0	0	0	0	0	0
59150	Other EU	0	NA	0	0	0	0	0	0	0	0	0	0
59151	BEL	54.84	NA	0	0	0	0	0	0	0	0	0	0
59151	ITA	11.83	NA	0	0	0	0	0	0	0	0	0	0
59151	Other EU	0	NA	0	0	0	0	0	0	0	0	0	0
59152	BEL	127.47	127.47	35.26	64.74	69.11	30.89	47.93	52.07	64.16	35.84	27.21	34.05
59152	ESP	86.08	86.08	63.06	36.94	38.13	61.86	0	100	0	0	0	41.94
59152	ITA	30.58	30.58	58.93	41.07	0	0	0	100	100	0	0	0
59152	NLD	6.08	6.08	0	0	100	0	0	100	0	0	0	0
59152	POL	8.95	8.95	0	0	0	0	0	0	100	0	0	78.44
59152	PRT	100.28	100.28	54.5	45.5	74.49	25.51	0	0	100	0	12.36	66.53
59153	BEL	164	164	53.05	46.95	71.34	28.66	64.02	35.98	72.56	27.44	30.49	42.68
59153	DEU	0	NA	0	0	0	0	0	0	0	0	0	0
59153	ESP	0	NA	0	0	0	0	0	0	0	0	0	0
59153	ITA	108	108	60.19	39.81	26.85	73.15	5.56	94.44	93.52	6.48	23.15	0
59153	NLD	0	NA	0	0	0	0	0	0	0	0	0	0
59153	POL	0	NA	0	0	0	0	0	0	0	0	0	0
59153	PRT	13	13	61.54	38.46	61.54	38.46	0	0	0	0	0	0
59153	ROU	7	7	0	0	100	0	100	0	100	0	0	0
59155	BEL	19.39	19.39	0	0	0	0	0	0	0	0	0	57.81
59155	DEU	0	NA	0	0	0	0	0	0	0	0	0	0
59155	ESP	19.79	19.79	61.85	38.15	52.8	47.2	52.8	47.2	0	0	0	0
59155	ITA	14.74	14.74	0	0	0	0	0	100	0	0	0	0
59155	Other EU	0	NA	0	0	0	0	0	0	0	0	0	0
59155	PRT	18.88	18.88	0	0	0	0	0	0	100	0	0	61.44
59155	ROU	10.85	10.85	0	0	100	0	100	0	100	0	0	0
59156	BEL	5.19	NA	0	0	0	0	0	0	0	0	0	0
59156	ITA	6.41	NA	0	0	0	0	0	0	0	0	0	0
59156	Other EU	0	NA	0	0	0	0	0	0	0	0	0	0
59156	PRT	0	NA	0	0	0	0	0	0	0	0	0	0
59157	BEL	181	NA	0	0	0	0	0	0	0	0	0	0
59157	DEU	0	NA	0	0	0	0	0	0	0	0	0	0
59157	ESP	0	NA	0	0	0	0	0	0	0	0	0	0
59157	ITA	6	NA	0	0	0	0	0	0	0	0	0	0
59157	Other EU	0	NA	0	0	0	0	0	0	0	0	0	0
59157	POL	0	NA	0	0	0	0	0	0	0	0	0	0
59157	ROU	0	NA	0	0	0	0	0	0	0	0	0	0
59158	BEL	5.18	NA	0	0	0	0	0	0	0	0	0	0
59158	DEU	0	NA	0	0	0	0	0	0	0	0	0	0
59158	ESP	0	NA	0	0	0	0	0	0	0	0	0	0
59158	ITA	0	NA	0	0	0	0	0	0	0	0	0	0
59158	POL	0	NA	0	0	0	0	0	0	0	0	0	0
59158	PRT	16.03	NA	0	0	0	0	0	0	0	0	0	0
59159	PRT	0	NA	0	0	0	0	0	0	0	0	0	0
59160	BEL	88.84	NA	0	0	0	0	0	0	0	0	0	0
59160	ESP	0	NA	0	0	0	0	0	0	0	0	0	0
59160	ITA	20.02	NA	0	0	0	0	0	0	0	0	0	0
59160	Other EU	0	NA	0	0	0	0	0	0	0	0	0	0
59160	POL	5.01	NA	0	0	0	0	0	0	0	0	0	0
59160	PRT	6.96	NA	0	0	0	0	0	0	0	0	0	0
59161	BEL	0	NA	0	0	0	0	0	0	0	0	0	0
59161	ITA	0	NA	0	0	0	0	0	0	0	0	0	0
59162	BEL	0	NA	0	0	0	0	0	0	0	0	0	0
59162	ROU	0	NA	0	0	0	0	0	0	0	0	0	0
59163	BEL	42.99	42.99	50.57	49.43	70.09	29.91	61.27	38.73	51.13	48.87	42.24	27.59
59163	BGR	0	NA	0	0	0	0	0	0	0	0	0	0
59163	DEU	0	NA	0	0	0	0	0	0	0	0	0	0
59163	ESP	16.25	16.25	0	0	0	0	0	0	0	0	0	0
59163	ITA	70.22	70.22	66.96	33.05	51.44	48.58	21.99	78.03	78.61	21.4	14.95	43.85
59163	Other EU	12.66	12.66	0	0	100	0	100	0	0	0	0	64.45
59163	POL	34.92	34.92	64.92	35.11	0	0	71.42	28.58	0	0	0	70.9
59163	PRT	191.8	191.8	56.21	43.79	37.82	62.18	3.84	96.16	88.67	11.34	15.86	32.67
59163	ROU	16.22	16.22	0	0	100	0	0	0	0	0	0	0
59164	BEL	0	NA	0	0	0	0	0	0	0	0	0	0
59165	BEL	11.16	11.16	65.59	34.41	57.8	42.2	66.4	33.6	56.45	43.55	0	0
59165	DEU	0	NA	0	0	0	0	0	0	0	0	0	0
59165	ESP	3.9	3.9	0	0	0	0	0	100	0	0	0	0
59165	ITA	4.83	4.83	100	0	0	0	0	0	100	0	0	0
59165	Other EU	0	NA	0	0	0	0	0	0	0	0	0	0
59165	POL	0	NA	0	0	0	0	0	0	0	0	0	0
59165	PRT	3.9	3.9	0	0	0	0	0	100	0	0	0	0
59165	ROU	0	NA	0	0	0	0	0	0	0	0	0	0
59166	BEL	4.04	NA	0	0	0	0	0	0	0	0	0	0
59166	DEU	0	NA	0	0	0	0	0	0	0	0	0	0
59166	ESP	0	NA	0	0	0	0	0	0	0	0	0	0
59166	ITA	0	NA	0	0	0	0	0	0	0	0	0	0
59167	BEL	0	NA	0	0	0	0	0	0	0	0	0	0
59168	BEL	18.07	NA	0	0	0	0	0	0	0	0	0	0
59168	DEU	0	NA	0	0	0	0	0	0	0	0	0	0
59168	ESP	0	NA	0	0	0	0	0	0	0	0	0	0
59168	ITA	6.07	NA	0	0	0	0	0	0	0	0	0	0
59168	NLD	0	NA	0	0	0	0	0	0	0	0	0	0
59168	Other EU	0	NA	0	0	0	0	0	0	0	0	0	0
59168	POL	0	NA	0	0	0	0	0	0	0	0	0	0
59168	PRT	3.95	NA	0	0	0	0	0	0	0	0	0	0
59169	BEL	0	NA	0	0	0	0	0	0	0	0	0	0
59169	Other EU	0	NA	0	0	0	0	0	0	0	0	0	0
59170	BEL	0	NA	0	0	0	0	0	0	0	0	0	0
59170	ITA	14	14	42.86	57.14	0	100	0	100	100	0	0	0
59170	Other EU	0	NA	0	0	0	0	0	0	0	0	0	0
59170	POL	0	NA	0	0	0	0	0	0	0	0	0	0
59170	PRT	0	NA	0	0	0	0	0	0	0	0	0	0
59170	ROU	0	NA	0	0	0	0	0	0	0	0	0	0
59172	BEL	21	21	46.76	53.24	45.62	54.43	0	0	0	0	0	0
59172	ESP	17.34	17.34	0	0	0	0	0	0	0	0	0	63.26
59172	ITA	83.65	83.65	60.73	39.27	41.53	58.47	39.13	60.87	0	0	0	34.5
59172	Other EU	0	NA	0	0	0	0	0	0	0	0	0	0
59172	POL	0	NA	0	0	0	0	0	0	0	0	0	0
59172	PRT	21.82	21.82	0	0	0	0	0	0	0	0	0	0
59172	ROU	39.11	39.11	57.04	42.98	100	0	100	0	100	0	19.64	92.02
59173	BEL	12	NA	0	0	0	0	0	0	0	0	0	0
59173	ESP	0	NA	0	0	0	0	0	0	0	0	0	0
59173	ITA	0	NA	0	0	0	0	0	0	0	0	0	0
59173	POL	0	NA	0	0	0	0	0	0	0	0	0	0
59173	PRT	0	NA	0	0	0	0	0	0	0	0	0	0
59174	BEL	14.68	NA	0	0	0	0	0	0	0	0	0	0
59175	BEL	3.56	NA	0	0	0	0	0	0	0	0	0	0
59176	BEL	0	NA	0	0	0	0	0	0	0	0	0	0
59178	BEL	61.61	61.61	63.82	36.18	72.62	27.38	59.57	40.43	36.68	63.32	49.41	39.86
59178	DEU	0	NA	0	0	0	0	0	0	0	0	0	0
59178	ESP	15.34	15.34	49.48	50.59	39.77	60.23	0	0	0	0	0	0
59178	ITA	55.74	55.74	56.96	43.06	73.47	26.53	57.39	42.61	0	0	23.63	24.99
59178	NLD	9.42	9.42	0	0	100	0	100	0	0	0	0	0
59178	Other EU	0	NA	0	0	0	0	0	0	0	0	0	0
59178	POL	0	NA	0	0	0	0	0	0	0	0	0	0
59178	PRT	0	NA	0	0	0	0	0	0	0	0	0	0
59178	ROU	7.38	7.38	0	0	100	0	100	0	0	0	0	0
59179	BEL	13.12	13.12	0	0	0	0	0	0	0	0	0	0
59179	ITA	28.26	28.26	0	0	0	0	0	0	100	0	0	0
59179	NLD	0	NA	0	0	0	0	0	0	0	0	0	0
59179	PRT	23.01	23.01	44.63	55.41	44.59	55.41	0	100	100	0	0	44.59
59180	BEL	5.82	NA	0	0	0	0	0	0	0	0	0	0
59180	PRT	0	NA	0	0	0	0	0	0	0	0	0	0
59181	BEL	0	NA	0	0	0	0	0	0	0	0	0	0
59183	BEL	121.23	121.23	52.83	47.18	76.85	23.15	51.58	48.42	56.93	43.07	42.57	28.99
59183	BGR	0	NA	0	0	0	0	0	0	0	0	0	0
59183	DEU	23.32	23.32	62.56	37.44	0	0	100	0	0	100	58.49	0
59183	ESP	77.81	77.81	57.63	42.37	70.74	29.26	75.07	24.93	75.45	24.55	30.82	22.13
59183	ITA	109.79	109.79	60.01	39.99	51.57	48.43	49.08	50.92	83.15	16.85	15.93	36.35
59183	NLD	19.67	19.67	0	0	0	0	0	0	0	0	0	0
59183	Other EU	43.42	43.42	49.77	50.23	0	0	0	0	51.61	48.36	47.95	0
59183	POL	22.23	22.23	0	0	0	0	100	0	0	0	0	97.12
59183	PRT	83.88	83.88	71.57	28.43	61.54	38.46	30.45	69.55	87.05	12.95	22.44	48.99
59183	ROU	113.32	113.32	47.41	52.59	0	0	0	0	84.65	15.35	23.54	31.26
59184	BEL	0	NA	0	0	0	0	0	0	0	0	0	0
59184	DEU	0	NA	0	0	0	0	0	0	0	0	0	0
59185	BEL	0	NA	0	0	0	0	0	0	0	0	0	0
59185	ESP	0	NA	0	0	0	0	0	0	0	0	0	0
59185	ITA	0	NA	0	0	0	0	0	0	0	0	0	0
59185	POL	0	NA	0	0	0	0	0	0	0	0	0	0
59185	PRT	0	NA	0	0	0	0	0	0	0	0	0	0
59186	BEL	5.48	NA	0	0	0	0	0	0	0	0	0	0
59187	BEL	0	NA	0	0	0	0	0	0	0	0	0	0
59187	ITA	0	NA	0	0	0	0	0	0	0	0	0	0
59189	BEL	6	NA	0	0	0	0	0	0	0	0	0	0
59189	ITA	0	NA	0	0	0	0	0	0	0	0	0	0
59190	BEL	59.35	NA	0	0	0	0	0	0	0	0	0	0
59190	DEU	0	NA	0	0	0	0	0	0	0	0	0	0
59190	ESP	0	NA	0	0	0	0	0	0	0	0	0	0
59190	ITA	0	NA	0	0	0	0	0	0	0	0	0	0
59190	PRT	0	NA	0	0	0	0	0	0	0	0	0	0
59191	BEL	0	NA	0	0	0	0	0	0	0	0	0	0
59191	PRT	0	NA	0	0	0	0	0	0	0	0	0	0
59192	ITA	0	NA	0	0	0	0	0	0	0	0	0	0
59192	PRT	0	NA	0	0	0	0	0	0	0	0	0	0
59193	BEL	5	NA	0	0	0	0	0	0	0	0	0	0
59193	DEU	0	NA	0	0	0	0	0	0	0	0	0	0
59193	NLD	0	NA	0	0	0	0	0	0	0	0	0	0
59193	PRT	6	NA	0	0	0	0	0	0	0	0	0	0
59194	BEL	0	NA	0	0	0	0	0	0	0	0	0	0
59194	ITA	0	NA	0	0	0	0	0	0	0	0	0	0
59194	PRT	9	NA	0	0	0	0	0	0	0	0	0	0
59195	BEL	0	NA	0	0	0	0	0	0	0	0	0	0
59195	PRT	0	NA	0	0	0	0	0	0	0	0	0	0
59196	DEU	0	NA	0	0	0	0	0	0	0	0	0	0
59196	ESP	0	NA	0	0	0	0	0	0	0	0	0	0
59196	ITA	0	NA	0	0	0	0	0	0	0	0	0	0
59197	BEL	8.96	NA	0	0	0	0	0	0	0	0	0	0
59197	DEU	0	NA	0	0	0	0	0	0	0	0	0	0
59197	ESP	0	NA	0	0	0	0	0	0	0	0	0	0
59197	ITA	0	NA	0	0	0	0	0	0	0	0	0	0
59197	POL	0	NA	0	0	0	0	0	0	0	0	0	0
59197	PRT	0	NA	0	0	0	0	0	0	0	0	0	0
59197	ROU	7.44	NA	0	0	0	0	0	0	0	0	0	0
59198	BEL	53.52	NA	0	0	0	0	0	0	0	0	0	0
59198	DEU	0	NA	0	0	0	0	0	0	0	0	0	0
59198	ITA	0	NA	0	0	0	0	0	0	0	0	0	0
59199	BEL	0	NA	0	0	0	0	0	0	0	0	0	0
59199	ITA	0	NA	0	0	0	0	0	0	0	0	0	0
59200	BEL	0	NA	0	0	0	0	0	0	0	0	0	0
59201	BEL	0	NA	0	0	0	0	0	0	0	0	0	0
59201	BGR	0	NA	0	0	0	0	0	0	0	0	0	0
59201	ITA	0	NA	0	0	0	0	0	0	0	0	0	0
59201	PRT	0	NA	0	0	0	0	0	0	0	0	0	0
59202	BEL	14.61	14.61	50.38	49.56	71.18	28.75	42.57	57.43	0	0	0	0
59202	ESP	0	NA	0	0	0	0	0	0	0	0	0	0
59202	Other EU	0	NA	0	0	0	0	0	0	0	0	0	0
59202	PRT	16.65	16.65	62.64	37.3	55.92	44.02	0	0	100	0	0	0
59202	ROU	4	4	0	0	100	0	100	0	100	0	0	0
59203	BEL	0	NA	0	0	0	0	0	0	0	0	0	0
59203	ESP	0	NA	0	0	0	0	0	0	0	0	0	0
59203	ITA	4	NA	0	0	0	0	0	0	0	0	0	0
59203	PRT	0	NA	0	0	0	0	0	0	0	0	0	0
59204	BEL	4.21	NA	0	0	0	0	0	0	0	0	0	0
59204	POL	0	NA	0	0	0	0	0	0	0	0	0	0
59205	BEL	0	NA	0	0	0	0	0	0	0	0	0	0
59205	ESP	7.97	7.97	50.19	49.81	0	0	0	100	100	0	0	0
59205	ITA	62.84	62.84	58.45	41.55	21.93	78.07	16.76	83.24	89.91	10.09	0	34.07
59205	NLD	0	NA	0	0	0	0	0	0	0	0	0	0
59205	Other EU	0	NA	0	0	0	0	0	0	0	0	0	0
59205	POL	0	NA	0	0	0	0	0	0	0	0	0	0
59205	PRT	9.04	9.04	0	0	43.92	55.97	0	0	100	0	0	0
59205	ROU	0	NA	0	0	0	0	0	0	0	0	0	0
59206	BEL	0	NA	0	0	0	0	0	0	0	0	0	0
59206	DEU	0	NA	0	0	0	0	0	0	0	0	0	0
59206	ESP	4	NA	0	0	0	0	0	0	0	0	0	0
59206	ITA	0	NA	0	0	0	0	0	0	0	0	0	0
59206	Other EU	0	NA	0	0	0	0	0	0	0	0	0	0
59206	POL	0	NA	0	0	0	0	0	0	0	0	0	0
59206	PRT	37.96	NA	0	0	0	0	0	0	0	0	0	0
59207	BEL	16.01	NA	0	0	0	0	0	0	0	0	0	0
59207	ESP	8.23	NA	0	0	0	0	0	0	0	0	0	0
59207	ITA	17.35	NA	0	0	0	0	0	0	0	0	0	0
59207	Other EU	7.28	NA	0	0	0	0	0	0	0	0	0	0
59207	POL	0	NA	0	0	0	0	0	0	0	0	0	0
59207	PRT	0	NA	0	0	0	0	0	0	0	0	0	0
59208	ESP	0	NA	0	0	0	0	0	0	0	0	0	0
59208	ITA	0	NA	0	0	0	0	0	0	0	0	0	0
59208	Other EU	0	NA	0	0	0	0	0	0	0	0	0	0
59209	BEL	0	NA	0	0	0	0	0	0	0	0	0	0
59209	ITA	0	NA	0	0	0	0	0	0	0	0	0	0
59210	BEL	0	NA	0	0	0	0	0	0	0	0	0	0
59210	ITA	0	NA	0	0	0	0	0	0	0	0	0	0
59210	NLD	0	NA	0	0	0	0	0	0	0	0	0	0
59211	BEL	0	NA	0	0	0	0	0	0	0	0	0	0
59212	BEL	12	12	0	0	100	0	0	0	66.67	33.33	0	0
59212	ESP	0	NA	0	0	0	0	0	0	0	0	0	0
59212	ITA	0	NA	0	0	0	0	0	0	0	0	0	0
59212	POL	0	NA	0	0	0	0	0	0	0	0	0	0
59212	PRT	20	20	50	50	0	0	75	25	0	0	0	0
59212	ROU	0	NA	0	0	0	0	0	0	0	0	0	0
59213	BEL	0	NA	0	0	0	0	0	0	0	0	0	0
59213	PRT	0	NA	0	0	0	0	0	0	0	0	0	0
59214	ITA	0	NA	0	0	0	0	0	0	0	0	0	0
59214	POL	0	NA	0	0	0	0	0	0	0	0	0	0
59214	ROU	0	NA	0	0	0	0	0	0	0	0	0	0
59215	BEL	8	NA	0	0	0	0	0	0	0	0	0	0
59215	ITA	0	NA	0	0	0	0	0	0	0	0	0	0
59215	PRT	0	NA	0	0	0	0	0	0	0	0	0	0
59216	PRT	4.18	NA	0	0	0	0	0	0	0	0	0	0
59217	BEL	5.13	NA	0	0	0	0	0	0	0	0	0	0
59217	ITA	0	NA	0	0	0	0	0	0	0	0	0	0
59218	BEL	0	NA	0	0	0	0	0	0	0	0	0	0
59218	DEU	0	NA	0	0	0	0	0	0	0	0	0	0
59218	POL	0	NA	0	0	0	0	0	0	0	0	0	0
59218	ROU	0	NA	0	0	0	0	0	0	0	0	0	0
59219	BEL	6.02	NA	0	0	0	0	0	0	0	0	0	0
59219	DEU	6.04	NA	0	0	0	0	0	0	0	0	0	0
59219	ITA	0	NA	0	0	0	0	0	0	0	0	0	0
59220	BEL	47.54	47.54	31.7	68.32	0	0	78	22	43.48	56.52	32.58	56.6
59220	ESP	13.33	13.33	0	0	0	0	0	0	0	0	31.81	0
59220	ITA	10.12	10.12	0	0	0	0	0	0	0	0	0	0
59220	NLD	0	NA	0	0	0	0	0	0	0	0	0	0
59220	Other EU	0	NA	0	0	0	0	0	0	0	0	0	0
59220	POL	8.2	8.2	0	0	100	0	100	0	0	0	0	0
59220	PRT	33.13	33.13	0	0	60.43	39.54	0	0	0	0	39.21	0
59220	ROU	17.7	17.7	0	0	100	0	100	0	0	0	0	0
59221	BEL	6.04	NA	0	0	0	0	0	0	0	0	0	0
59221	DEU	0	NA	0	0	0	0	0	0	0	0	0	0
59221	ESP	0	NA	0	0	0	0	0	0	0	0	0	0
59221	ITA	4.97	NA	0	0	0	0	0	0	0	0	0	0
59221	PRT	0	NA	0	0	0	0	0	0	0	0	0	0
59221	ROU	0	NA	0	0	0	0	0	0	0	0	0	0
59222	BEL	4	NA	0	0	0	0	0	0	0	0	0	0
59222	ITA	0	NA	0	0	0	0	0	0	0	0	0	0
59222	PRT	8	NA	0	0	0	0	0	0	0	0	0	0
59223	BEL	0	NA	0	0	0	0	0	0	0	0	0	0
59224	BEL	0	NA	0	0	0	0	0	0	0	0	0	0
59224	ESP	0	NA	0	0	0	0	0	0	0	0	0	0
59224	PRT	0	NA	0	0	0	0	0	0	0	0	0	0
59225	BEL	149	149	50.34	49.66	75.17	24.83	67.79	32.21	59.73	40.27	36.91	36.91
59225	ESP	0	NA	0	0	0	0	0	0	0	0	0	0
59225	ITA	19	19	68.42	31.58	47.37	52.63	21.05	78.95	78.95	21.05	0	0
59225	NLD	0	NA	0	0	0	0	0	0	0	0	0	0
59225	Other EU	0	NA	0	0	0	0	0	0	0	0	0	0
59225	POL	0	NA	0	0	0	0	0	0	0	0	0	0
59225	PRT	28	28	39.29	60.71	39.29	60.71	0	0	0	0	0	0
59226	BEL	25.12	NA	0	0	0	0	0	0	0	0	0	0
59226	ESP	0	NA	0	0	0	0	0	0	0	0	0	0
59226	ITA	0	NA	0	0	0	0	0	0	0	0	0	0
59226	Other EU	0	NA	0	0	0	0	0	0	0	0	0	0
59226	ROU	0	NA	0	0	0	0	0	0	0	0	0	0
59227	BEL	5.01	5.01	0	0	0	0	0	100	0	0	0	0
59227	DEU	0	NA	0	0	0	0	0	0	0	0	0	0
59227	ESP	6.01	6.01	0	0	0	0	0	0	0	0	0	0
59227	ITA	18.08	18.08	61.06	38.94	0	0	0	100	0	0	0	0
59227	POL	0	NA	0	0	0	0	0	0	0	0	0	0
59227	PRT	4	4	0	0	0	0	0	100	100	0	0	0
59228	BEL	0	NA	0	0	0	0	0	0	0	0	0	0
59228	ITA	0	NA	0	0	0	0	0	0	0	0	0	0
59229	BEL	0	NA	0	0	0	0	0	0	0	0	0	0
59229	Other EU	0	NA	0	0	0	0	0	0	0	0	0	0
59229	PRT	0	NA	0	0	0	0	0	0	0	0	0	0
59230	BEL	46.93	46.93	58.15	41.85	84.76	15.24	74.69	25.31	65.59	34.41	0	51.18
59230	ESP	4.09	4.09	0	0	0	0	0	100	100	0	0	0
59230	ITA	18.32	18.32	71.62	28.38	43.72	56.28	22.49	77.51	0	0	0	0
59230	POL	0	NA	0	0	0	0	0	0	0	0	0	0
59230	PRT	0	NA	0	0	0	0	0	0	0	0	0	0
59230	ROU	0	NA	0	0	0	0	0	0	0	0	0	0
59231	BEL	22.2	NA	0	0	0	0	0	0	0	0	0	0
59231	ESP	0	NA	0	0	0	0	0	0	0	0	0	0
59231	ITA	0	NA	0	0	0	0	0	0	0	0	0	0
59231	PRT	0	NA	0	0	0	0	0	0	0	0	0	0
59232	BEL	46.92	NA	0	0	0	0	0	0	0	0	0	0
59233	BEL	0	NA	0	0	0	0	0	0	0	0	0	0
59233	ESP	0	NA	0	0	0	0	0	0	0	0	0	0
59234	BEL	7.66	7.66	0	0	100	0	0	0	0	0	0	0
59234	ESP	0	NA	0	0	0	0	0	0	0	0	0	0
59234	ITA	4.91	4.91	0	0	0	0	0	100	100	0	0	0
59234	NLD	0	NA	0	0	0	0	0	0	0	0	0	0
59234	POL	5.17	5.17	0	100	0	100	0	100	100	0	0	0
59234	PRT	0	NA	0	0	0	0	0	0	0	0	0	0
59234	ROU	3.54	3.54	0	0	100	0	100	0	100	0	0	0
59237	DEU	0	NA	0	0	0	0	0	0	0	0	0	0
59238	BEL	96.63	NA	0	0	0	0	0	0	0	0	0	0
59238	DEU	0	NA	0	0	0	0	0	0	0	0	0	0
59238	ESP	6.18	NA	0	0	0	0	0	0	0	0	0	0
59238	ITA	0	NA	0	0	0	0	0	0	0	0	0	0
59238	PRT	0	NA	0	0	0	0	0	0	0	0	0	0
59238	ROU	0	NA	0	0	0	0	0	0	0	0	0	0
59239	BEL	11.05	11.05	0	0	100	0	54.12	45.88	54.57	45.43	0	0
59239	BGR	0	NA	0	0	0	0	0	0	0	0	0	0
59239	ITA	13.21	13.21	61.62	38.38	0	0	0	100	100	0	0	0
59239	NLD	0	NA	0	0	0	0	0	0	0	0	0	0
59239	POL	5.9	5.9	0	0	100	0	0	0	0	0	0	0
59239	ROU	0	NA	0	0	0	0	0	0	0	0	0	0
59240	BEL	0	NA	0	0	0	0	0	0	0	0	0	0
59241	BEL	0	NA	0	0	0	0	0	0	0	0	0	0
59241	PRT	0	NA	0	0	0	0	0	0	0	0	0	0
59242	BEL	0	NA	0	0	0	0	0	0	0	0	0	0
59242	ITA	0	NA	0	0	0	0	0	0	0	0	0	0
59243	BEL	0	NA	0	0	0	0	0	0	0	0	0	0
59243	ESP	0	NA	0	0	0	0	0	0	0	0	0	0
59244	BEL	4.05	NA	0	0	0	0	0	0	0	0	0	0
59244	BGR	0	NA	0	0	0	0	0	0	0	0	0	0
59244	DEU	0	NA	0	0	0	0	0	0	0	0	0	0
59244	ITA	0	NA	0	0	0	0	0	0	0	0	0	0
59244	Other EU	0	NA	0	0	0	0	0	0	0	0	0	0
59244	PRT	6.07	NA	0	0	0	0	0	0	0	0	0	0
59246	BEL	0	NA	0	0	0	0	0	0	0	0	0	0
59247	BEL	7.22	NA	0	0	0	0	0	0	0	0	0	0
59247	ESP	0	NA	0	0	0	0	0	0	0	0	0	0
59247	ITA	0	NA	0	0	0	0	0	0	0	0	0	0
59247	Other EU	0	NA	0	0	0	0	0	0	0	0	0	0
59247	PRT	0	NA	0	0	0	0	0	0	0	0	0	0
59249	BEL	50.73	50.73	65.66	34.34	62.13	37.87	36.19	63.81	78.89	21.11	20.97	38.48
59249	ESP	0	NA	0	0	0	0	0	0	0	0	0	0
59249	ITA	0	NA	0	0	0	0	0	0	0	0	0	0
59249	POL	0	NA	0	0	0	0	0	0	0	0	0	0
59249	PRT	0	NA	0	0	0	0	0	0	0	0	0	0
59249	ROU	0	NA	0	0	0	0	0	0	0	0	0	0
59250	ESP	0	NA	0	0	0	0	0	0	0	0	0	0
59250	ITA	0	NA	0	0	0	0	0	0	0	0	0	0
59250	NLD	0	NA	0	0	0	0	0	0	0	0	0	0
59250	PRT	0	NA	0	0	0	0	0	0	0	0	0	0
59251	BEL	0	NA	0	0	0	0	0	0	0	0	0	0
59252	BEL	10.14	NA	0	0	0	0	0	0	0	0	0	0
59252	ESP	0	NA	0	0	0	0	0	0	0	0	0	0
59252	ITA	0	NA	0	0	0	0	0	0	0	0	0	0
59252	NLD	0	NA	0	0	0	0	0	0	0	0	0	0
59252	Other EU	0	NA	0	0	0	0	0	0	0	0	0	0
59252	PRT	5.1	NA	0	0	0	0	0	0	0	0	0	0
59253	BEL	38.04	38.04	47.48	52.52	65.67	34.33	68.35	31.65	73.84	26.18	0	0
59253	DEU	0	NA	0	0	0	0	0	0	0	0	0	0
59253	ITA	31.07	31.07	64.53	35.5	25.59	74.41	0	0	0	0	0	63.76
59253	NLD	0	NA	0	0	0	0	0	0	0	0	0	0
59253	PRT	5.03	5.03	0	0	0	0	0	0	100	0	0	0
59253	ROU	4	4	0	0	100	0	100	0	100	0	0	0
59254	BEL	0	NA	0	0	0	0	0	0	0	0	0	0
59254	ITA	0	NA	0	0	0	0	0	0	0	0	0	0
59255	BEL	0	NA	0	0	0	0	0	0	0	0	0	0
59256	BEL	6	NA	0	0	0	0	0	0	0	0	0	0
59256	DEU	0	NA	0	0	0	0	0	0	0	0	0	0
59256	ESP	0	NA	0	0	0	0	0	0	0	0	0	0
59256	ITA	6	NA	0	0	0	0	0	0	0	0	0	0
59256	NLD	0	NA	0	0	0	0	0	0	0	0	0	0
59256	PRT	0	NA	0	0	0	0	0	0	0	0	0	0
59257	BEL	0	NA	0	0	0	0	0	0	0	0	0	0
59257	ITA	0	NA	0	0	0	0	0	0	0	0	0	0
59257	PRT	0	NA	0	0	0	0	0	0	0	0	0	0
59258	BEL	12.21	NA	0	0	0	0	0	0	0	0	0	0
59258	ITA	0	NA	0	0	0	0	0	0	0	0	0	0
59258	Other EU	0	NA	0	0	0	0	0	0	0	0	0	0
59258	POL	0	NA	0	0	0	0	0	0	0	0	0	0
59258	PRT	5.84	NA	0	0	0	0	0	0	0	0	0	0
59258	ROU	6.38	NA	0	0	0	0	0	0	0	0	0	0
59259	BEL	5.99	NA	0	0	0	0	0	0	0	0	0	0
59259	ITA	0	NA	0	0	0	0	0	0	0	0	0	0
59259	NLD	0	NA	0	0	0	0	0	0	0	0	0	0
59259	PRT	0	NA	0	0	0	0	0	0	0	0	0	0
59259	ROU	0	NA	0	0	0	0	0	0	0	0	0	0
59260	BEL	51.52	NA	0	0	0	0	0	0	0	0	0	0
59260	ESP	0	NA	0	0	0	0	0	0	0	0	0	0
59260	ITA	0	NA	0	0	0	0	0	0	0	0	0	0
59260	PRT	3.94	NA	0	0	0	0	0	0	0	0	0	0
59260	ROU	0	NA	0	0	0	0	0	0	0	0	0	0
59261	BEL	19.89	NA	0	0	0	0	0	0	0	0	0	0
59261	DEU	0	NA	0	0	0	0	0	0	0	0	0	0
59261	ESP	0	NA	0	0	0	0	0	0	0	0	0	0
59261	POL	0	NA	0	0	0	0	0	0	0	0	0	0
59261	PRT	0	NA	0	0	0	0	0	0	0	0	0	0
59262	BEL	20.1	NA	0	0	0	0	0	0	0	0	0	0
59262	ITA	0	NA	0	0	0	0	0	0	0	0	0	0
59262	NLD	0	NA	0	0	0	0	0	0	0	0	0	0
59262	POL	0	NA	0	0	0	0	0	0	0	0	0	0
59262	ROU	0	NA	0	0	0	0	0	0	0	0	0	0
59264	BEL	108.28	NA	0	0	0	0	0	0	0	0	0	0
59264	ITA	0	NA	0	0	0	0	0	0	0	0	0	0
59264	POL	0	NA	0	0	0	0	0	0	0	0	0	0
59264	PRT	0	NA	0	0	0	0	0	0	0	0	0	0
59265	BEL	12.11	NA	0	0	0	0	0	0	0	0	0	0
59266	BEL	6.1	NA	0	0	0	0	0	0	0	0	0	0
59266	DEU	0	NA	0	0	0	0	0	0	0	0	0	0
59266	ESP	5.94	NA	0	0	0	0	0	0	0	0	0	0
59266	ITA	0	NA	0	0	0	0	0	0	0	0	0	0
59266	NLD	0	NA	0	0	0	0	0	0	0	0	0	0
59266	Other EU	0	NA	0	0	0	0	0	0	0	0	0	0
59266	POL	0	NA	0	0	0	0	0	0	0	0	0	0
59266	PRT	0	NA	0	0	0	0	0	0	0	0	0	0
59266	ROU	4.08	NA	0	0	0	0	0	0	0	0	0	0
59267	BEL	0	NA	0	0	0	0	0	0	0	0	0	0
59268	BEL	9	9	0	0	0	0	44.44	55.56	0	0	0	0
59268	ITA	0	NA	0	0	0	0	0	0	0	0	0	0
59268	NLD	0	NA	0	0	0	0	0	0	0	0	0	0
59268	Other EU	0	NA	0	0	0	0	0	0	0	0	0	0
59268	POL	5	5	0	0	100	0	100	0	100	0	0	0
59268	PRT	15	15	66.67	33.33	73.33	26.67	40	60	100	0	0	0
59269	BEL	0	NA	0	0	0	0	0	0	0	0	0	0
59269	ESP	0	NA	0	0	0	0	0	0	0	0	0	0
59269	PRT	0	NA	0	0	0	0	0	0	0	0	0	0
59270	BEL	0	NA	0	0	0	0	0	0	0	0	0	0
59270	NLD	0	NA	0	0	0	0	0	0	0	0	0	0
59271	BEL	16.98	16.98	0	0	0	0	0	0	0	0	0	0
59271	ESP	38.87	38.87	58.01	41.99	59.63	40.37	39.13	60.87	0	0	0	0
59271	ITA	64.65	64.65	57.94	42.06	53.64	46.36	56.98	43	0	0	0	18.81
59271	NLD	0	NA	0	0	0	0	0	0	0	0	0	0
59271	POL	11.64	11.64	0	0	0	0	0	0	0	0	0	0
59271	PRT	74.37	74.37	59.54	40.46	37.31	62.7	16.27	83.73	100	0	0	32.37
59271	ROU	19.64	19.64	0	0	100	0	100	0	100	0	0	0
59272	BEL	13.09	13.09	53.63	46.37	46.91	53.09	69.21	30.79	0	0	0	0
59272	ESP	0	NA	0	0	0	0	0	0	0	0	0	0
59272	ITA	0	NA	0	0	0	0	0	0	0	0	0	0
59272	PRT	0	NA	0	0	0	0	0	0	0	0	0	0
59272	ROU	0	NA	0	0	0	0	0	0	0	0	0	0
59273	BEL	13.77	13.77	0	0	0	0	0	0	0	0	0	0
59273	DEU	0	NA	0	0	0	0	0	0	0	0	0	0
59273	ESP	0	NA	0	0	0	0	0	0	0	0	0	0
59273	ITA	0	NA	0	0	0	0	0	0	0	0	0	0
59273	Other EU	0	NA	0	0	0	0	0	0	0	0	0	0
59273	PRT	0	NA	0	0	0	0	0	0	0	0	0	0
59273	ROU	0	NA	0	0	0	0	0	0	0	0	0	0
59275	BEL	12	NA	0	0	0	0	0	0	0	0	0	0
59275	ITA	0	NA	0	0	0	0	0	0	0	0	0	0
59275	NLD	0	NA	0	0	0	0	0	0	0	0	0	0
59275	PRT	0	NA	0	0	0	0	0	0	0	0	0	0
59276	BEL	0	NA	0	0	0	0	0	0	0	0	0	0
59276	ITA	13.69	NA	0	0	0	0	0	0	0	0	0	0
59276	POL	3.87	NA	0	0	0	0	0	0	0	0	0	0
59276	PRT	0	NA	0	0	0	0	0	0	0	0	0	0
59276	ROU	0	NA	0	0	0	0	0	0	0	0	0	0
59277	BEL	88.63	NA	0	0	0	0	0	0	0	0	0	0
59277	ITA	4.64	NA	0	0	0	0	0	0	0	0	0	0
59278	BEL	4.8	NA	0	0	0	0	0	0	0	0	0	0
59278	DEU	0	NA	0	0	0	0	0	0	0	0	0	0
59278	ESP	0	NA	0	0	0	0	0	0	0	0	0	0
59278	ITA	7.92	NA	0	0	0	0	0	0	0	0	0	0
59278	Other EU	0	NA	0	0	0	0	0	0	0	0	0	0
59278	POL	0	NA	0	0	0	0	0	0	0	0	0	0
59278	PRT	13.08	NA	0	0	0	0	0	0	0	0	0	0
59278	ROU	0	NA	0	0	0	0	0	0	0	0	0	0
59279	BEL	160.74	160.74	40.76	59.24	67.74	32.26	42.91	57.09	78.13	21.87	29.41	32.94
59279	BGR	19.01	19.01	0	0	100	0	100	0	0	0	0	57.13
59279	DEU	0	NA	0	0	0	0	0	0	0	0	0	0
59279	ESP	53.5	53.5	62.95	37.05	58.06	41.96	31.61	68.39	0	0	0	47.4
59279	ITA	57.46	57.46	70.29	29.71	24.4	75.58	0	0	0	0	19.68	23.15
59279	NLD	0	NA	0	0	0	0	0	0	0	0	0	0
59279	Other EU	16.35	16.35	0	0	0	0	0	100	0	0	0	0
59279	POL	0	NA	0	0	0	0	0	0	0	0	0	0
59279	PRT	80.74	80.74	60.27	39.73	56.94	43.06	0	0	0	0	0	56.54
59279	ROU	0	NA	0	0	0	0	0	0	0	0	0	0
59280	DEU	0	NA	0	0	0	0	0	0	0	0	0	0
59280	ITA	0	NA	0	0	0	0	0	0	0	0	0	0
59281	BEL	0	NA	0	0	0	0	0	0	0	0	0	0
59281	ESP	0	NA	0	0	0	0	0	0	0	0	0	0
59281	ROU	0	NA	0	0	0	0	0	0	0	0	0	0
59282	BEL	3.87	NA	0	0	0	0	0	0	0	0	0	0
59282	PRT	0	NA	0	0	0	0	0	0	0	0	0	0
59282	ROU	0	NA	0	0	0	0	0	0	0	0	0	0
59283	BEL	14.34	NA	0	0	0	0	0	0	0	0	0	0
59283	ITA	0	NA	0	0	0	0	0	0	0	0	0	0
59283	PRT	0	NA	0	0	0	0	0	0	0	0	0	0
59284	BEL	14.87	NA	0	0	0	0	0	0	0	0	0	0
59284	ESP	0	NA	0	0	0	0	0	0	0	0	0	0
59284	ITA	4.86	NA	0	0	0	0	0	0	0	0	0	0
59284	Other EU	0	NA	0	0	0	0	0	0	0	0	0	0
59284	PRT	0	NA	0	0	0	0	0	0	0	0	0	0
59285	BEL	0	NA	0	0	0	0	0	0	0	0	0	0
59285	ITA	0	NA	0	0	0	0	0	0	0	0	0	0
59286	BEL	19.08	19.08	100	0	0	0	0	0	0	0	0	0
59286	DEU	0	NA	0	0	0	0	0	0	0	0	0	0
59286	ESP	8.74	8.74	0	0	100	0	100	0	0	0	0	0
59286	ITA	10.45	10.45	0	0	100	0	0	100	100	0	0	0
59286	Other EU	0	NA	0	0	0	0	0	0	0	0	0	0
59286	POL	0	NA	0	0	0	0	0	0	0	0	0	0
59286	PRT	12.9	12.9	0	0	0	0	0	100	0	0	0	0
59286	ROU	0	NA	0	0	0	0	0	0	0	0	0	0
59288	BEL	0	NA	0	0	0	0	0	0	0	0	0	0
59288	ITA	7.99	NA	0	0	0	0	0	0	0	0	0	0
59288	NLD	0	NA	0	0	0	0	0	0	0	0	0	0
59288	Other EU	0	NA	0	0	0	0	0	0	0	0	0	0
59288	POL	0	NA	0	0	0	0	0	0	0	0	0	0
59289	BEL	0	NA	0	0	0	0	0	0	0	0	0	0
59289	POL	0	NA	0	0	0	0	0	0	0	0	0	0
59290	BEL	0	NA	0	0	0	0	0	0	0	0	0	0
59291	BEL	61.04	61.04	44.77	55.23	69.15	30.87	82.47	17.53	77.42	22.58	25.03	31.88
59291	ESP	22.53	22.53	0	0	0	0	0	100	100	0	0	0
59291	ITA	27.44	27.44	0	0	34.11	65.89	0	0	0	0	0	0
59291	PRT	57.28	57.28	53.37	46.63	58.03	41.97	28.54	71.46	0	0	15.97	47.42
59291	ROU	0	NA	0	0	0	0	0	0	0	0	0	0
59292	BEL	0	NA	0	0	0	0	0	0	0	0	0	0
59292	ITA	8.07	NA	0	0	0	0	0	0	0	0	0	0
59292	POL	0	NA	0	0	0	0	0	0	0	0	0	0
59292	PRT	0	NA	0	0	0	0	0	0	0	0	0	0
59293	BEL	0	NA	0	0	0	0	0	0	0	0	0	0
59293	ITA	0	NA	0	0	0	0	0	0	0	0	0	0
59295	BEL	25.73	25.73	55.89	44.11	0	0	0	0	54.96	45.04	0	0
59295	DEU	0	NA	0	0	0	0	0	0	0	0	0	0
59295	ESP	0	NA	0	0	0	0	0	0	0	0	0	0
59295	POL	0	NA	0	0	0	0	0	0	0	0	0	0
59295	PRT	0	NA	0	0	0	0	0	0	0	0	0	0
59295	ROU	9.99	9.99	0	0	100	0	100	0	0	0	0	0
59296	BEL	0	NA	0	0	0	0	0	0	0	0	0	0
59297	ESP	0	NA	0	0	0	0	0	0	0	0	0	0
59297	ITA	5.64	NA	0	0	0	0	0	0	0	0	0	0
59297	POL	0	NA	0	0	0	0	0	0	0	0	0	0
59297	PRT	4.85	NA	0	0	0	0	0	0	0	0	0	0
59299	BEL	41.89	41.89	31.82	68.18	72.12	27.88	59.06	40.94	69.75	30.25	43.45	22.89
59299	BGR	0	NA	0	0	0	0	0	0	0	0	0	0
59299	DEU	14.26	14.26	0	100	0	0	0	100	0	100	80.72	0
59299	ESP	0	NA	0	0	0	0	0	0	0	0	0	0
59299	ITA	62.51	62.51	60.85	39.15	16.53	83.46	0	0	0	0	14.93	0
59299	NLD	0	NA	0	0	0	0	0	0	0	0	0	0
59299	Other EU	0	NA	0	0	0	0	0	0	0	0	0	0
59299	POL	7.55	7.55	0	0	0	0	0	0	0	0	0	0
59299	PRT	121.61	121.61	50.45	49.56	50.87	49.13	0	0	0	0	9.78	46.19
59299	ROU	0	NA	0	0	0	0	0	0	0	0	0	0
59301	BEL	105.24	NA	0	0	0	0	0	0	0	0	0	0
59301	DEU	0	NA	0	0	0	0	0	0	0	0	0	0
59301	ESP	0	NA	0	0	0	0	0	0	0	0	0	0
59301	ITA	19.25	NA	0	0	0	0	0	0	0	0	0	0
59301	POL	0	NA	0	0	0	0	0	0	0	0	0	0
59302	BEL	10	NA	0	0	0	0	0	0	0	0	0	0
59302	DEU	0	NA	0	0	0	0	0	0	0	0	0	0
59302	ESP	0	NA	0	0	0	0	0	0	0	0	0	0
59302	ITA	19	NA	0	0	0	0	0	0	0	0	0	0
59302	POL	0	NA	0	0	0	0	0	0	0	0	0	0
59302	PRT	0	NA	0	0	0	0	0	0	0	0	0	0
59302	ROU	0	NA	0	0	0	0	0	0	0	0	0	0
59303	BEL	0	NA	0	0	0	0	0	0	0	0	0	0
59303	ITA	0	NA	0	0	0	0	0	0	0	0	0	0
59303	POL	0	NA	0	0	0	0	0	0	0	0	0	0
59304	ESP	0	NA	0	0	0	0	0	0	0	0	0	0
59305	BEL	5.11	NA	0	0	0	0	0	0	0	0	0	0
59305	NLD	0	NA	0	0	0	0	0	0	0	0	0	0
59305	POL	0	NA	0	0	0	0	0	0	0	0	0	0
59306	BEL	59.65	NA	0	0	0	0	0	0	0	0	0	0
59307	BEL	0	NA	0	0	0	0	0	0	0	0	0	0
59307	PRT	0	NA	0	0	0	0	0	0	0	0	0	0
59308	BEL	0	NA	0	0	0	0	0	0	0	0	0	0
59308	DEU	0	NA	0	0	0	0	0	0	0	0	0	0
59308	ITA	3.93	NA	0	0	0	0	0	0	0	0	0	0
59308	POL	0	NA	0	0	0	0	0	0	0	0	0	0
59308	PRT	0	NA	0	0	0	0	0	0	0	0	0	0
59308	ROU	0	NA	0	0	0	0	0	0	0	0	0	0
59309	BEL	36.95	NA	0	0	0	0	0	0	0	0	0	0
59309	ESP	0	NA	0	0	0	0	0	0	0	0	0	0
59309	PRT	0	NA	0	0	0	0	0	0	0	0	0	0
59309	ROU	0	NA	0	0	0	0	0	0	0	0	0	0
59310	BEL	150.43	NA	0	0	0	0	0	0	0	0	0	0
59310	DEU	0	NA	0	0	0	0	0	0	0	0	0	0
59310	ESP	0	NA	0	0	0	0	0	0	0	0	0	0
59310	ITA	4.08	NA	0	0	0	0	0	0	0	0	0	0
59310	PRT	0	NA	0	0	0	0	0	0	0	0	0	0
59312	BEL	0	NA	0	0	0	0	0	0	0	0	0	0
59312	POL	0	NA	0	0	0	0	0	0	0	0	0	0
59313	ESP	0	NA	0	0	0	0	0	0	0	0	0	0
59313	ITA	0	NA	0	0	0	0	0	0	0	0	0	0
59314	BEL	0	NA	0	0	0	0	0	0	0	0	0	0
59314	ESP	0	NA	0	0	0	0	0	0	0	0	0	0
59314	ITA	4.75	NA	0	0	0	0	0	0	0	0	0	0
59314	PRT	0	NA	0	0	0	0	0	0	0	0	0	0
59315	BEL	59	NA	0	0	0	0	0	0	0	0	0	0
59315	ITA	0	NA	0	0	0	0	0	0	0	0	0	0
59315	PRT	0	NA	0	0	0	0	0	0	0	0	0	0
59316	BEL	4.08	NA	0	0	0	0	0	0	0	0	0	0
59316	ESP	0	NA	0	0	0	0	0	0	0	0	0	0
59316	ITA	4.89	NA	0	0	0	0	0	0	0	0	0	0
59316	NLD	0	NA	0	0	0	0	0	0	0	0	0	0
59316	Other EU	0	NA	0	0	0	0	0	0	0	0	0	0
59316	PRT	3.95	NA	0	0	0	0	0	0	0	0	0	0
59316	ROU	0	NA	0	0	0	0	0	0	0	0	0	0
59317	BEL	39.62	39.62	53.71	46.29	87.1	12.9	71.81	28.22	71.83	28.19	0	0
59317	ESP	6.15	6.15	0	0	0	0	0	100	0	0	0	0
59317	ITA	8.11	8.11	0	0	0	0	0	0	0	0	0	0
59317	Other EU	0	NA	0	0	0	0	0	0	0	0	0	0
59317	PRT	38.82	38.82	65.77	34.26	31.45	68.57	0	0	100	0	0	0
59317	ROU	0	NA	0	0	0	0	0	0	0	0	0	0
59318	BEL	0	NA	0	0	0	0	0	0	0	0	0	0
59319	BEL	7.09	NA	0	0	0	0	0	0	0	0	0	0
59319	ITA	4.05	NA	0	0	0	0	0	0	0	0	0	0
59319	PRT	0	NA	0	0	0	0	0	0	0	0	0	0
59320	BEL	0	NA	0	0	0	0	0	0	0	0	0	0
59320	NLD	0	NA	0	0	0	0	0	0	0	0	0	0
59320	Other EU	0	NA	0	0	0	0	0	0	0	0	0	0
59321	BEL	0	NA	0	0	0	0	0	0	0	0	0	0
59321	ESP	0	NA	0	0	0	0	0	0	0	0	0	0
59321	ITA	0	NA	0	0	0	0	0	0	0	0	0	0
59321	PRT	4	NA	0	0	0	0	0	0	0	0	0	0
59322	BEL	5.03	NA	0	0	0	0	0	0	0	0	0	0
59322	BGR	0	NA	0	0	0	0	0	0	0	0	0	0
59322	Other EU	0	NA	0	0	0	0	0	0	0	0	0	0
59322	PRT	8.02	NA	0	0	0	0	0	0	0	0	0	0
59322	ROU	0	NA	0	0	0	0	0	0	0	0	0	0
59323	BEL	4.01	NA	0	0	0	0	0	0	0	0	0	0
59323	ITA	0	NA	0	0	0	0	0	0	0	0	0	0
59323	ROU	0	NA	0	0	0	0	0	0	0	0	0	0
59324	BEL	361.24	361.24	56.46	43.54	74.51	25.49	73.26	26.74	77.25	22.75	40.55	39.41
59324	ESP	8	8	0	0	0	0	0	100	100	0	0	0
59324	ITA	59.96	59.96	57.02	42.96	36.49	63.51	29.82	70.18	87.91	12.09	0	34.97
59324	Other EU	0	NA	0	0	0	0	0	0	0	0	0	0
59324	POL	0	NA	0	0	0	0	0	0	0	0	0	0
59324	PRT	0	NA	0	0	0	0	0	0	0	0	0	0
59325	BEL	3.89	NA	0	0	0	0	0	0	0	0	0	0
59325	PRT	0	NA	0	0	0	0	0	0	0	0	0	0
59326	BEL	4.1	NA	0	0	0	0	0	0	0	0	0	0
59327	BEL	3.97	3.97	0	0	0	0	0	0	100	0	0	0
59327	ITA	32.45	32.45	46.53	53.47	0	0	0	0	100	0	0	0
59327	POL	4.03	4.03	0	0	0	0	0	0	100	0	0	0
59327	PRT	0	NA	0	0	0	0	0	0	0	0	0	0
59327	ROU	0	NA	0	0	0	0	0	0	0	0	0	0
59328	BEL	76.14	76.14	55.31	44.69	82.69	17.31	47.71	52.29	28.95	71.05	48.19	26.94
59328	DEU	34.11	34.11	0	0	0	0	58.84	41.19	29.05	70.98	62.06	0
59328	ESP	23.64	23.64	39.55	60.45	100	0	0	0	0	0	63.66	0
59328	ITA	39.53	39.53	34.66	65.34	0	0	77.08	22.89	37.47	62.51	36.02	41.39
59328	NLD	19.81	19.81	0	0	0	0	0	0	0	100	56.84	0
59328	Other EU	29.83	29.83	0	0	0	0	100	0	0	0	72.24	0
59328	POL	0	NA	0	0	0	0	0	0	0	0	0	0
59328	PRT	13.8	13.8	0	0	0	0	0	0	0	0	0	0
59328	ROU	0	NA	0	0	0	0	0	0	0	0	0	0
59329	BEL	0	NA	0	0	0	0	0	0	0	0	0	0
59329	DEU	4	NA	0	0	0	0	0	0	0	0	0	0
59329	ITA	5	NA	0	0	0	0	0	0	0	0	0	0
59329	POL	0	NA	0	0	0	0	0	0	0	0	0	0
59330	BEL	11.18	NA	0	0	0	0	0	0	0	0	0	0
59330	NLD	0	NA	0	0	0	0	0	0	0	0	0	0
59330	PRT	0	NA	0	0	0	0	0	0	0	0	0	0
59331	BEL	4.99	NA	0	0	0	0	0	0	0	0	0	0
59331	BGR	0	NA	0	0	0	0	0	0	0	0	0	0
59331	ESP	0	NA	0	0	0	0	0	0	0	0	0	0
59331	POL	0	NA	0	0	0	0	0	0	0	0	0	0
59332	BEL	9.96	NA	0	0	0	0	0	0	0	0	0	0
59332	ITA	0	NA	0	0	0	0	0	0	0	0	0	0
59332	POL	0	NA	0	0	0	0	0	0	0	0	0	0
59332	PRT	7	NA	0	0	0	0	0	0	0	0	0	0
59332	ROU	3.98	NA	0	0	0	0	0	0	0	0	0	0
59334	BEL	0	NA	0	0	0	0	0	0	0	0	0	0
59334	NLD	0	NA	0	0	0	0	0	0	0	0	0	0
59334	Other EU	0	NA	0	0	0	0	0	0	0	0	0	0
59335	BEL	29.58	NA	0	0	0	0	0	0	0	0	0	0
59335	BGR	0	NA	0	0	0	0	0	0	0	0	0	0
59335	DEU	0	NA	0	0	0	0	0	0	0	0	0	0
59335	ITA	0	NA	0	0	0	0	0	0	0	0	0	0
59335	POL	0	NA	0	0	0	0	0	0	0	0	0	0
59335	PRT	6.09	NA	0	0	0	0	0	0	0	0	0	0
59336	ITA	0	NA	0	0	0	0	0	0	0	0	0	0
59336	PRT	0	NA	0	0	0	0	0	0	0	0	0	0
59337	BEL	0	NA	0	0	0	0	0	0	0	0	0	0
59338	BEL	3.91	NA	0	0	0	0	0	0	0	0	0	0
59338	ITA	0	NA	0	0	0	0	0	0	0	0	0	0
59338	NLD	0	NA	0	0	0	0	0	0	0	0	0	0
59338	PRT	0	NA	0	0	0	0	0	0	0	0	0	0
59339	BEL	49.96	49.96	32.61	67.39	73.28	26.72	44.58	55.42	59.11	40.89	0	0
59339	ESP	6.03	6.03	0	0	0	0	0	0	0	0	0	0
59339	ITA	65.79	65.79	65.5	34.5	35.45	64.55	0	0	87.66	12.34	30.51	0
59339	NLD	0	NA	0	0	0	0	0	0	0	0	0	0
59339	Other EU	0	NA	0	0	0	0	0	0	0	0	0	0
59339	POL	0	NA	0	0	0	0	0	0	0	0	0	0
59339	PRT	62.24	62.24	60.49	39.51	68.64	31.36	6.54	93.46	90.36	9.64	0	64.51
59340	BEL	12.32	NA	0	0	0	0	0	0	0	0	0	0
59340	DEU	0	NA	0	0	0	0	0	0	0	0	0	0
59340	ESP	0	NA	0	0	0	0	0	0	0	0	0	0
59340	POL	0	NA	0	0	0	0	0	0	0	0	0	0
59340	PRT	6.15	NA	0	0	0	0	0	0	0	0	0	0
59340	ROU	0	NA	0	0	0	0	0	0	0	0	0	0
59341	Other EU	0	NA	0	0	0	0	0	0	0	0	0	0
59342	BEL	10.71	NA	0	0	0	0	0	0	0	0	0	0
59342	ITA	0	NA	0	0	0	0	0	0	0	0	0	0
59343	BEL	12.15	12.15	66.67	33.33	0	0	66.67	33.33	0	0	0	0
59343	DEU	6.08	6.08	0	0	0	0	0	0	0	0	0	0
59343	ESP	4.03	4.03	0	0	100	0	100	0	0	0	0	0
59343	ITA	10.12	10.12	59.98	39.92	49.9	50	0	0	0	0	0	0
59343	NLD	0	NA	0	0	0	0	0	0	0	0	0	0
59343	Other EU	4.05	4.05	0	0	100	0	0	0	0	0	0	0
59343	POL	5.06	5.06	0	0	0	0	0	0	0	100	0	0
59343	PRT	20.24	20.24	54.99	45.01	69.96	30.04	29.99	70.01	75.05	24.95	0	0
59344	BEL	11.51	NA	0	0	0	0	0	0	0	0	0	0
59344	ITA	0	NA	0	0	0	0	0	0	0	0	0	0
59344	POL	0	NA	0	0	0	0	0	0	0	0	0	0
59344	PRT	7	NA	0	0	0	0	0	0	0	0	0	0
59344	ROU	0	NA	0	0	0	0	0	0	0	0	0	0
59345	BEL	0	NA	0	0	0	0	0	0	0	0	0	0
59345	ITA	0	NA	0	0	0	0	0	0	0	0	0	0
59345	ROU	0	NA	0	0	0	0	0	0	0	0	0	0
59346	BEL	5.04	NA	0	0	0	0	0	0	0	0	0	0
59346	DEU	4.99	NA	0	0	0	0	0	0	0	0	0	0
59346	ESP	3.9	NA	0	0	0	0	0	0	0	0	0	0
59346	ITA	0	NA	0	0	0	0	0	0	0	0	0	0
59346	POL	0	NA	0	0	0	0	0	0	0	0	0	0
59346	PRT	6	NA	0	0	0	0	0	0	0	0	0	0
59346	ROU	7.67	NA	0	0	0	0	0	0	0	0	0	0
59347	BEL	28.91	NA	0	0	0	0	0	0	0	0	0	0
59348	BEL	0	NA	0	0	0	0	0	0	0	0	0	0
59348	ITA	0	NA	0	0	0	0	0	0	0	0	0	0
59348	Other EU	0	NA	0	0	0	0	0	0	0	0	0	0
59349	BEL	0	NA	0	0	0	0	0	0	0	0	0	0
59349	ITA	0	NA	0	0	0	0	0	0	0	0	0	0
59349	PRT	34.04	NA	0	0	0	0	0	0	0	0	0	0
59350	BEL	501.26	501.26	48.49	51.51	81.33	18.67	66.64	33.36	46.79	53.21	54.33	20.94
59350	BGR	71.07	71.07	30.97	69.03	0	0	0	0	57.11	42.89	46.76	29.93
59350	DEU	162.29	162.29	24.06	75.94	0	0	80.1	19.9	40.22	59.78	56.16	8.14
59350	ESP	574.76	574.76	49.29	50.71	94.15	5.84	87.14	12.86	54.6	45.4	41.59	24.31
59350	ITA	569.61	569.61	58.15	41.84	85.4	14.6	86.52	13.48	50.01	49.98	40.78	34.36
59350	NLD	105.17	105.17	65.64	34.36	89.16	10.83	72.53	27.47	37.7	62.29	53.04	32.2
59350	Other EU	241.49	241.49	44.83	55.17	88.3	11.7	76.94	23.06	25.78	74.21	44.89	23.72
59350	POL	124.82	124.82	21.85	78.14	94.73	5.26	94.88	5.11	14.8	85.2	49.42	27.1
59350	PRT	375.34	375.34	53.57	46.43	58.52	41.48	33.31	66.69	83.19	16.8	17.88	39.82
59350	ROU	328.52	328.52	43.55	56.45	96.44	3.56	97.55	2.45	68.31	31.69	27.67	45.48
59351	BEL	0	NA	0	0	0	0	0	0	0	0	0	0
59352	BEL	28.65	28.65	34	65.97	63.87	36.13	40.52	59.44	66.18	33.82	0	0
59352	DEU	0	NA	0	0	0	0	0	0	0	0	0	0
59352	ESP	22.11	22.11	58.8	41.2	40.25	59.75	0	0	0	0	0	0
59352	ITA	9.95	9.95	0	0	49.55	50.45	0	0	0	0	0	0
59352	NLD	5.97	5.97	0	0	0	0	0	0	0	0	0	0
59352	Other EU	3.75	3.75	0	0	0	0	0	0	0	0	0	0
59352	PRT	31.08	31.08	44.34	55.63	56.85	43.15	0	0	0	0	0	0
59352	ROU	4.09	4.09	0	0	100	0	100	0	100	0	0	0
59353	BEL	0	NA	0	0	0	0	0	0	0	0	0	0
59354	ROU	0	NA	0	0	0	0	0	0	0	0	0	0
59356	BEL	6	NA	0	0	0	0	0	0	0	0	0	0
59356	DEU	4	NA	0	0	0	0	0	0	0	0	0	0
59356	ITA	0	NA	0	0	0	0	0	0	0	0	0	0
59356	Other EU	0	NA	0	0	0	0	0	0	0	0	0	0
59356	POL	0	NA	0	0	0	0	0	0	0	0	0	0
59356	PRT	4	NA	0	0	0	0	0	0	0	0	0	0
59356	ROU	7	NA	0	0	0	0	0	0	0	0	0	0
59357	BEL	77.28	NA	0	0	0	0	0	0	0	0	0	0
59357	ITA	0	NA	0	0	0	0	0	0	0	0	0	0
59357	POL	0	NA	0	0	0	0	0	0	0	0	0	0
59357	PRT	7.13	NA	0	0	0	0	0	0	0	0	0	0
59358	BEL	0	NA	0	0	0	0	0	0	0	0	0	0
59358	NLD	0	NA	0	0	0	0	0	0	0	0	0	0
59359	BEL	4.11	4.11	0	0	0	0	0	100	100	0	0	0
59359	DEU	0	NA	0	0	0	0	0	0	0	0	0	0
59359	ITA	7.09	7.09	0	0	0	0	0	0	100	0	0	0
59359	NLD	0	NA	0	0	0	0	0	0	0	0	0	0
59359	Other EU	0	NA	0	0	0	0	0	0	0	0	0	0
59359	PRT	6.84	6.84	0	0	0	0	0	100	100	0	0	0
59360	BEL	36.01	36.01	48.04	51.96	100	0	0	0	56.29	43.71	55.46	0
59360	BGR	0	NA	0	0	0	0	0	0	0	0	0	0
59360	DEU	0	NA	0	0	0	0	0	0	0	0	0	0
59360	ESP	19.58	19.58	49.69	50.36	100	0	0	0	0	0	0	0
59360	ITA	33.2	33.2	57.92	42.05	0	0	0	0	100	0	0	38.7
59360	NLD	0	NA	0	0	0	0	0	0	0	0	0	0
59360	Other EU	12.91	12.91	0	0	100	0	0	0	0	0	92.1	0
59360	POL	0	NA	0	0	0	0	0	0	0	0	0	0
59360	PRT	78.11	78.11	63.73	36.27	72.3	27.69	40.31	59.69	80.83	19.17	15.34	46.61
59360	ROU	4.79	4.79	0	0	100	0	100	0	0	0	0	0
59361	BEL	6.15	NA	0	0	0	0	0	0	0	0	0	0
59361	ESP	0	NA	0	0	0	0	0	0	0	0	0	0
59361	ITA	15.65	NA	0	0	0	0	0	0	0	0	0	0
59361	PRT	0	NA	0	0	0	0	0	0	0	0	0	0
59361	ROU	0	NA	0	0	0	0	0	0	0	0	0	0
59363	BEL	5.13	NA	0	0	0	0	0	0	0	0	0	0
59363	ITA	0	NA	0	0	0	0	0	0	0	0	0	0
59363	PRT	0	NA	0	0	0	0	0	0	0	0	0	0
59364	BEL	4	NA	0	0	0	0	0	0	0	0	0	0
59364	DEU	0	NA	0	0	0	0	0	0	0	0	0	0
59364	ITA	0	NA	0	0	0	0	0	0	0	0	0	0
59364	Other EU	0	NA	0	0	0	0	0	0	0	0	0	0
59365	BEL	22.18	22.18	45.45	54.55	63.48	36.52	68.08	31.92	77.28	22.72	0	0
59365	BGR	4.98	4.98	0	0	100	0	100	0	100	0	0	0
59365	DEU	0	NA	0	0	0	0	0	0	0	0	0	0
59365	ESP	0	NA	0	0	0	0	0	0	0	0	0	0
59365	ITA	7.12	7.12	0	0	0	0	0	0	100	0	0	0
59365	NLD	0	NA	0	0	0	0	0	0	0	0	0	0
59365	PRT	7.04	7.04	0	0	0	0	0	0	100	0	0	0
59365	ROU	10.95	10.95	45.57	54.52	100	0	100	0	0	0	0	0
59366	PRT	0	NA	0	0	0	0	0	0	0	0	0	0
59367	BEL	48.78	48.78	45.16	54.84	69.54	30.46	57.85	42.17	77.47	22.53	43.05	30.75
59367	ESP	10.22	10.22	0	0	0	0	0	0	100	0	0	0
59367	ITA	86.69	86.69	60.4	39.6	51.19	48.81	20.51	79.49	0	0	0	36.91
59367	Other EU	0	NA	0	0	0	0	0	0	0	0	0	0
59367	PRT	121.55	121.55	60.85	39.16	68.81	31.19	29.55	70.46	87.63	12.37	16.82	45.87
59367	ROU	11.14	11.14	0	0	100	0	100	0	0	100	67.32	0
59368	BEL	90.76	90.76	47.68	52.34	80.37	19.63	70.45	29.55	29.89	70.11	46.25	27.89
59368	BGR	11.08	11.08	100	0	100	0	100	0	0	0	0	0
59368	DEU	20.28	20.28	0	0	100	0	0	0	0	100	68.79	0
59368	ESP	26.83	26.83	37.72	62.28	100	0	100	0	0	0	95.56	0
59368	ITA	91.79	91.79	55.22	44.78	75.55	24.45	79.13	20.87	50.9	49.1	34.28	38.24
59368	NLD	0	NA	0	0	0	0	0	0	0	0	0	0
59368	Other EU	15.22	15.22	0	0	100	0	0	0	0	100	58.67	0
59368	POL	0	NA	0	0	0	0	0	0	0	0	0	0
59368	PRT	88.06	88.06	54.93	45.07	70.24	29.76	31.96	68.04	86.71	13.29	13.51	61.83
59368	ROU	17.14	17.14	0	0	100	0	0	0	0	100	0	0
59369	BEL	9.93	NA	0	0	0	0	0	0	0	0	0	0
59369	ESP	0	NA	0	0	0	0	0	0	0	0	0	0
59369	ITA	6.76	NA	0	0	0	0	0	0	0	0	0	0
59369	Other EU	4.2	NA	0	0	0	0	0	0	0	0	0	0
59369	ROU	4.3	NA	0	0	0	0	0	0	0	0	0	0
59370	BEL	56	NA	0	0	0	0	0	0	0	0	0	0
59370	ESP	0	NA	0	0	0	0	0	0	0	0	0	0
59370	ITA	0	NA	0	0	0	0	0	0	0	0	0	0
59370	PRT	0	NA	0	0	0	0	0	0	0	0	0	0
59371	BEL	3.76	NA	0	0	0	0	0	0	0	0	0	0
59371	ESP	0	NA	0	0	0	0	0	0	0	0	0	0
59372	POL	0	NA	0	0	0	0	0	0	0	0	0	0
59372	PRT	7.1	NA	0	0	0	0	0	0	0	0	0	0
59375	BEL	5.94	NA	0	0	0	0	0	0	0	0	0	0
59375	DEU	0	NA	0	0	0	0	0	0	0	0	0	0
59375	ESP	0	NA	0	0	0	0	0	0	0	0	0	0
59375	ITA	0	NA	0	0	0	0	0	0	0	0	0	0
59375	Other EU	0	NA	0	0	0	0	0	0	0	0	0	0
59375	POL	0	NA	0	0	0	0	0	0	0	0	0	0
59375	PRT	0	NA	0	0	0	0	0	0	0	0	0	0
59375	ROU	0	NA	0	0	0	0	0	0	0	0	0	0
59377	BEL	0	NA	0	0	0	0	0	0	0	0	0	0
59377	ITA	0	NA	0	0	0	0	0	0	0	0	0	0
59378	BEL	95.41	95.41	43.93	56.07	71.45	28.55	48.03	51.97	28.78	71.22	57.31	11.34
59378	BGR	9.94	9.94	0	100	0	0	100	0	0	0	0	0
59378	DEU	26.33	26.33	58.45	41.51	0	0	55.56	44.44	0	0	41.74	0
59378	ESP	98.05	98.05	55.34	44.66	86.14	13.86	71.91	28.09	37.36	62.64	55.78	18.51
59378	ITA	61.5	61.5	42.44	57.56	74.37	25.63	69.98	30.02	43.15	56.85	51.67	0
59378	NLD	10.99	10.99	0	0	0	0	0	0	0	0	100	0
59378	Other EU	42.23	42.23	45.02	54.96	100	0	0	0	0	0	74.45	0
59378	POL	25.15	25.15	42.54	57.46	0	0	0	0	0	0	58.65	0
59378	PRT	113.27	113.27	47.61	52.39	51.78	48.22	18.8	81.2	82.08	17.92	27.49	30.88
59378	ROU	27.2	27.2	35.33	64.67	100	0	0	0	42.35	57.65	54.19	0
59379	ITA	0	NA	0	0	0	0	0	0	0	0	0	0
59379	ROU	0	NA	0	0	0	0	0	0	0	0	0	0
59381	BEL	4	NA	0	0	0	0	0	0	0	0	0	0
59381	ITA	4	NA	0	0	0	0	0	0	0	0	0	0
59382	BEL	0	NA	0	0	0	0	0	0	0	0	0	0
59382	DEU	0	NA	0	0	0	0	0	0	0	0	0	0
59382	ITA	0	NA	0	0	0	0	0	0	0	0	0	0
59382	PRT	21.85	NA	0	0	0	0	0	0	0	0	0	0
59383	BEL	17.16	17.16	57.46	42.54	46.04	53.96	30.07	69.99	0	0	36.48	0
59383	DEU	0	NA	0	0	0	0	0	0	0	0	0	0
59383	ESP	0	NA	0	0	0	0	0	0	0	0	0	0
59383	ITA	39.18	39.18	0	0	0	100	0	100	100	0	0	0
59383	NLD	0	NA	0	0	0	0	0	0	0	0	0	0
59383	POL	0	NA	0	0	0	0	0	0	0	0	0	0
59383	PRT	20.1	20.1	0	0	0	0	0	100	0	0	0	0
59383	ROU	9.08	9.08	0	0	100	0	100	0	0	0	0	0
59384	BEL	0	NA	0	0	0	0	0	0	0	0	0	0
59384	ESP	0	NA	0	0	0	0	0	0	0	0	0	0
59384	ITA	0	NA	0	0	0	0	0	0	0	0	0	0
59385	BEL	86	NA	0	0	0	0	0	0	0	0	0	0
59385	ESP	0	NA	0	0	0	0	0	0	0	0	0	0
59385	ITA	14	NA	0	0	0	0	0	0	0	0	0	0
59385	POL	0	NA	0	0	0	0	0	0	0	0	0	0
59385	ROU	0	NA	0	0	0	0	0	0	0	0	0	0
59386	BEL	15.88	15.88	0	0	100	0	0	0	0	0	0	0
59386	ESP	0	NA	0	0	0	0	0	0	0	0	0	0
59386	ITA	0	NA	0	0	0	0	0	0	0	0	0	0
59386	POL	0	NA	0	0	0	0	0	0	0	0	0	0
59386	PRT	34.84	34.84	51.58	48.42	0	0	0	0	0	0	30.51	0
59386	ROU	0	NA	0	0	0	0	0	0	0	0	0	0
59387	BEL	0	NA	0	0	0	0	0	0	0	0	0	0
59387	DEU	0	NA	0	0	0	0	0	0	0	0	0	0
59387	ESP	0	NA	0	0	0	0	0	0	0	0	0	0
59387	ITA	0	NA	0	0	0	0	0	0	0	0	0	0
59387	PRT	0	NA	0	0	0	0	0	0	0	0	0	0
59388	BEL	0	NA	0	0	0	0	0	0	0	0	0	0
59388	Other EU	0	NA	0	0	0	0	0	0	0	0	0	0
59388	PRT	0	NA	0	0	0	0	0	0	0	0	0	0
59389	BEL	0	NA	0	0	0	0	0	0	0	0	0	0
59389	ESP	0	NA	0	0	0	0	0	0	0	0	0	0
59389	ITA	0	NA	0	0	0	0	0	0	0	0	0	0
59389	Other EU	0	NA	0	0	0	0	0	0	0	0	0	0
59389	POL	0	NA	0	0	0	0	0	0	0	0	0	0
59389	PRT	11.94	NA	0	0	0	0	0	0	0	0	0	0
59390	BEL	0	NA	0	0	0	0	0	0	0	0	0	0
59390	DEU	0	NA	0	0	0	0	0	0	0	0	0	0
59390	ESP	0	NA	0	0	0	0	0	0	0	0	0	0
59390	ITA	32.47	NA	0	0	0	0	0	0	0	0	0	0
59390	Other EU	0	NA	0	0	0	0	0	0	0	0	0	0
59390	POL	0	NA	0	0	0	0	0	0	0	0	0	0
59390	PRT	0	NA	0	0	0	0	0	0	0	0	0	0
59390	ROU	8.41	NA	0	0	0	0	0	0	0	0	0	0
59391	ITA	0	NA	0	0	0	0	0	0	0	0	0	0
59391	PRT	0	NA	0	0	0	0	0	0	0	0	0	0
59392	BEL	287.49	287.49	55.09	44.91	63.85	36.15	67.88	32.12	59.8	40.2	25.86	38.26
59392	DEU	0	NA	0	0	0	0	0	0	0	0	0	0
59392	ESP	20.61	20.61	0	0	0	0	0	0	0	0	0	0
59392	ITA	91.29	91.29	71.86	28.14	60.84	39.16	36.79	63.21	86.49	13.51	16.64	38.15
59392	NLD	0	NA	0	0	0	0	0	0	0	0	0	0
59392	POL	13.3	13.3	0	0	0	0	0	0	0	0	0	0
59392	PRT	41.81	41.81	57	43	35.64	64.36	0	100	100	0	0	35.97
59392	ROU	42.5	42.5	41.65	58.33	0	0	100	0	43.48	56.49	59.58	0
59393	BEL	32.94	NA	0	0	0	0	0	0	0	0	0	0
59393	ESP	0	NA	0	0	0	0	0	0	0	0	0	0
59393	ITA	0	NA	0	0	0	0	0	0	0	0	0	0
59393	PRT	0	NA	0	0	0	0	0	0	0	0	0	0
59395	BEL	0	NA	0	0	0	0	0	0	0	0	0	0
59396	BEL	25.56	NA	0	0	0	0	0	0	0	0	0	0
59396	ITA	0	NA	0	0	0	0	0	0	0	0	0	0
59397	BEL	0	NA	0	0	0	0	0	0	0	0	0	0
59398	BEL	7.24	NA	0	0	0	0	0	0	0	0	0	0
59398	BGR	0	NA	0	0	0	0	0	0	0	0	0	0
59398	DEU	0	NA	0	0	0	0	0	0	0	0	0	0
59398	ITA	0	NA	0	0	0	0	0	0	0	0	0	0
59398	NLD	0	NA	0	0	0	0	0	0	0	0	0	0
59398	POL	0	NA	0	0	0	0	0	0	0	0	0	0
59398	PRT	0	NA	0	0	0	0	0	0	0	0	0	0
59399	BEL	0	NA	0	0	0	0	0	0	0	0	0	0
59399	ITA	0	NA	0	0	0	0	0	0	0	0	0	0
59400	BEL	10.22	10.22	0	0	0	0	0	0	50.2	49.8	0	0
59400	BGR	0	NA	0	0	0	0	0	0	0	0	0	0
59400	ESP	0	NA	0	0	0	0	0	0	0	0	0	0
59400	ITA	0	NA	0	0	0	0	0	0	0	0	0	0
59400	PRT	3.97	3.97	100	0	100	0	0	0	100	0	0	0
59401	BEL	6.96	NA	0	0	0	0	0	0	0	0	0	0
59401	DEU	0	NA	0	0	0	0	0	0	0	0	0	0
59401	ITA	0	NA	0	0	0	0	0	0	0	0	0	0
59401	Other EU	0	NA	0	0	0	0	0	0	0	0	0	0
59401	PRT	0	NA	0	0	0	0	0	0	0	0	0	0
59401	ROU	0	NA	0	0	0	0	0	0	0	0	0	0
59403	BEL	3.8	NA	0	0	0	0	0	0	0	0	0	0
59403	DEU	0	NA	0	0	0	0	0	0	0	0	0	0
59403	PRT	0	NA	0	0	0	0	0	0	0	0	0	0
59403	ROU	0	NA	0	0	0	0	0	0	0	0	0	0
59405	BEL	0	NA	0	0	0	0	0	0	0	0	0	0
59405	POL	0	NA	0	0	0	0	0	0	0	0	0	0
59407	BEL	0	NA	0	0	0	0	0	0	0	0	0	0
59408	BEL	0	NA	0	0	0	0	0	0	0	0	0	0
59408	DEU	0	NA	0	0	0	0	0	0	0	0	0	0
59408	ITA	0	NA	0	0	0	0	0	0	0	0	0	0
59409	BEL	0	NA	0	0	0	0	0	0	0	0	0	0
59409	ITA	0	NA	0	0	0	0	0	0	0	0	0	0
59409	POL	0	NA	0	0	0	0	0	0	0	0	0	0
59409	PRT	0	NA	0	0	0	0	0	0	0	0	0	0
59410	BEL	38.15	38.15	16.23	83.77	69.28	30.72	48.91	51.11	39.11	60.92	26.71	0
59410	BGR	0	NA	0	0	0	0	0	0	0	0	0	0
59410	DEU	0	NA	0	0	0	0	0	0	0	0	0	0
59410	ESP	14.13	14.13	0	0	0	0	0	0	0	0	0	0
59410	ITA	28.28	28.28	22.24	77.76	0	0	65.84	34.16	53.08	46.92	44.09	0
59410	NLD	0	NA	0	0	0	0	0	0	0	0	0	0
59410	Other EU	0	NA	0	0	0	0	0	0	0	0	0	0
59410	POL	11.37	11.37	0	0	100	0	100	0	100	0	0	0
59410	PRT	38.52	38.52	53.79	46.24	39.23	60.77	24.82	75.18	0	0	0	48.39
59410	ROU	21.75	21.75	40.28	59.72	100	0	100	0	68.09	31.95	0	54.85
59411	BEL	4	NA	0	0	0	0	0	0	0	0	0	0
59411	DEU	0	NA	0	0	0	0	0	0	0	0	0	0
59411	ESP	0	NA	0	0	0	0	0	0	0	0	0	0
59411	NLD	0	NA	0	0	0	0	0	0	0	0	0	0
59411	PRT	5	NA	0	0	0	0	0	0	0	0	0	0
59411	ROU	0	NA	0	0	0	0	0	0	0	0	0	0
59413	ESP	0	NA	0	0	0	0	0	0	0	0	0	0
59414	BEL	0	NA	0	0	0	0	0	0	0	0	0	0
59414	ESP	0	NA	0	0	0	0	0	0	0	0	0	0
59414	ITA	47.86	NA	0	0	0	0	0	0	0	0	0	0
59414	NLD	0	NA	0	0	0	0	0	0	0	0	0	0
59414	Other EU	0	NA	0	0	0	0	0	0	0	0	0	0
59414	POL	10.17	NA	0	0	0	0	0	0	0	0	0	0
59416	BEL	5.02	NA	0	0	0	0	0	0	0	0	0	0
59416	ITA	0	NA	0	0	0	0	0	0	0	0	0	0
59418	BEL	53.7	NA	0	0	0	0	0	0	0	0	0	0
59418	ITA	0	NA	0	0	0	0	0	0	0	0	0	0
59418	Other EU	0	NA	0	0	0	0	0	0	0	0	0	0
59418	POL	0	NA	0	0	0	0	0	0	0	0	0	0
59418	PRT	5.93	NA	0	0	0	0	0	0	0	0	0	0
59419	BEL	18.35	NA	0	0	0	0	0	0	0	0	0	0
59419	ITA	0	NA	0	0	0	0	0	0	0	0	0	0
59419	POL	0	NA	0	0	0	0	0	0	0	0	0	0
59419	PRT	0	NA	0	0	0	0	0	0	0	0	0	0
59420	BEL	18	NA	0	0	0	0	0	0	0	0	0	0
59421	BEL	34.52	34.52	66.8	33.2	63.53	36.47	42.73	57.27	41.54	58.46	26.25	36.27
59421	DEU	0	NA	0	0	0	0	0	0	0	0	0	0
59421	ESP	0	NA	0	0	0	0	0	0	0	0	0	0
59421	ITA	28.2	28.2	51.17	48.87	0	0	0	0	59.57	40.43	62.2	0
59421	Other EU	0	NA	0	0	0	0	0	0	0	0	0	0
59421	POL	15.45	15.45	0	0	0	0	0	0	0	0	0	0
59421	PRT	49.08	49.08	58.01	41.99	76.45	23.55	0	100	0	0	32.01	39.41
59422	BEL	5	NA	0	0	0	0	0	0	0	0	0	0
59423	BEL	0	NA	0	0	0	0	0	0	0	0	0	0
59423	ESP	0	NA	0	0	0	0	0	0	0	0	0	0
59423	NLD	0	NA	0	0	0	0	0	0	0	0	0	0
59423	PRT	0	NA	0	0	0	0	0	0	0	0	0	0
59424	BEL	0	NA	0	0	0	0	0	0	0	0	0	0
59424	ITA	0	NA	0	0	0	0	0	0	0	0	0	0
59424	PRT	4.1	NA	0	0	0	0	0	0	0	0	0	0
59425	BEL	0	NA	0	0	0	0	0	0	0	0	0	0
59425	PRT	0	NA	0	0	0	0	0	0	0	0	0	0
59426	BEL	58.51	58.51	45.75	54.25	49.63	50.35	40.44	59.56	51.19	48.81	38.68	15.26
59426	ESP	0	NA	0	0	0	0	0	0	0	0	0	0
59426	ITA	34.93	34.93	67.16	32.84	32.84	67.16	0	0	0	0	0	32.21
59426	POL	0	NA	0	0	0	0	0	0	0	0	0	0
59426	PRT	53.88	53.88	62.97	37.03	47.96	52.04	0	100	0	0	28.62	29.75
59427	BEL	0	NA	0	0	0	0	0	0	0	0	0	0
59428	BEL	0	NA	0	0	0	0	0	0	0	0	0	0
59428	ESP	0	NA	0	0	0	0	0	0	0	0	0	0
59428	ITA	0	NA	0	0	0	0	0	0	0	0	0	0
59428	Other EU	0	NA	0	0	0	0	0	0	0	0	0	0
59428	POL	0	NA	0	0	0	0	0	0	0	0	0	0
59428	PRT	29.21	NA	0	0	0	0	0	0	0	0	0	0
59428	ROU	0	NA	0	0	0	0	0	0	0	0	0	0
59429	BEL	0	NA	0	0	0	0	0	0	0	0	0	0
59429	ESP	0	NA	0	0	0	0	0	0	0	0	0	0
59429	ITA	8.04	NA	0	0	0	0	0	0	0	0	0	0
59429	POL	0	NA	0	0	0	0	0	0	0	0	0	0
59429	PRT	0	NA	0	0	0	0	0	0	0	0	0	0
59430	DEU	0	NA	0	0	0	0	0	0	0	0	0	0
59430	PRT	0	NA	0	0	0	0	0	0	0	0	0	0
59431	BEL	38.83	38.83	46.02	53.98	78.6	21.4	35.57	64.46	82.62	17.41	0	0
59431	DEU	0	NA	0	0	0	0	0	0	0	0	0	0
59431	ESP	0	NA	0	0	0	0	0	0	0	0	0	0
59431	ITA	0	NA	0	0	0	0	0	0	0	0	0	0
59431	Other EU	0	NA	0	0	0	0	0	0	0	0	0	0
59431	PRT	29.59	29.59	61.74	38.22	54.34	45.62	16.69	83.31	0	0	0	0
59432	ESP	0	NA	0	0	0	0	0	0	0	0	0	0
59432	PRT	0	NA	0	0	0	0	0	0	0	0	0	0
59434	BEL	19.29	NA	0	0	0	0	0	0	0	0	0	0
59434	ITA	0	NA	0	0	0	0	0	0	0	0	0	0
59434	NLD	0	NA	0	0	0	0	0	0	0	0	0	0
59434	POL	0	NA	0	0	0	0	0	0	0	0	0	0
59435	BEL	16.2	NA	0	0	0	0	0	0	0	0	0	0
59435	Other EU	0	NA	0	0	0	0	0	0	0	0	0	0
59435	POL	4.02	NA	0	0	0	0	0	0	0	0	0	0
59435	PRT	0	NA	0	0	0	0	0	0	0	0	0	0
59435	ROU	0	NA	0	0	0	0	0	0	0	0	0	0
59436	BEL	0	NA	0	0	0	0	0	0	0	0	0	0
59436	DEU	0	NA	0	0	0	0	0	0	0	0	0	0
59436	POL	0	NA	0	0	0	0	0	0	0	0	0	0
59436	PRT	0	NA	0	0	0	0	0	0	0	0	0	0
59437	DEU	0	NA	0	0	0	0	0	0	0	0	0	0
59437	Other EU	0	NA	0	0	0	0	0	0	0	0	0	0
59438	ESP	0	NA	0	0	0	0	0	0	0	0	0	0
59438	ITA	0	NA	0	0	0	0	0	0	0	0	0	0
59439	BEL	0	NA	0	0	0	0	0	0	0	0	0	0
59439	ITA	0	NA	0	0	0	0	0	0	0	0	0	0
59439	PRT	0	NA	0	0	0	0	0	0	0	0	0	0
59440	BEL	0	NA	0	0	0	0	0	0	0	0	0	0
59440	ESP	0	NA	0	0	0	0	0	0	0	0	0	0
59440	PRT	0	NA	0	0	0	0	0	0	0	0	0	0
59440	ROU	0	NA	0	0	0	0	0	0	0	0	0	0
59441	BEL	11.62	NA	0	0	0	0	0	0	0	0	0	0
59441	NLD	0	NA	0	0	0	0	0	0	0	0	0	0
59441	PRT	0	NA	0	0	0	0	0	0	0	0	0	0
59442	BEL	4	NA	0	0	0	0	0	0	0	0	0	0
59442	ITA	0	NA	0	0	0	0	0	0	0	0	0	0
59443	POL	0	NA	0	0	0	0	0	0	0	0	0	0
59444	BEL	6	NA	0	0	0	0	0	0	0	0	0	0
59445	BEL	66.15	NA	0	0	0	0	0	0	0	0	0	0
59445	DEU	0	NA	0	0	0	0	0	0	0	0	0	0
59445	ESP	0	NA	0	0	0	0	0	0	0	0	0	0
59446	BEL	4.16	NA	0	0	0	0	0	0	0	0	0	0
59446	ITA	0	NA	0	0	0	0	0	0	0	0	0	0
59446	PRT	0	NA	0	0	0	0	0	0	0	0	0	0
59446	ROU	0	NA	0	0	0	0	0	0	0	0	0	0
59447	BEL	43.91	43.91	63.86	36.14	79.34	20.66	72.58	27.42	74.88	25.12	0	0
59447	ESP	0	NA	0	0	0	0	0	0	0	0	0	0
59447	ITA	16.06	16.06	0	0	31.2	68.8	31.2	68.8	0	0	0	0
59447	POL	7.88	7.88	0	0	0	0	0	0	100	0	0	0
59447	PRT	25.67	25.67	57.85	42.15	0	0	80.68	19.32	0	0	0	0
59447	ROU	0	NA	0	0	0	0	0	0	0	0	0	0
59448	BEL	4	NA	0	0	0	0	0	0	0	0	0	0
59449	BEL	36	36	44.44	55.56	83.33	16.67	66.67	33.33	66.67	33.33	55.56	0
59449	DEU	0	NA	0	0	0	0	0	0	0	0	0	0
59449	ESP	0	NA	0	0	0	0	0	0	0	0	0	0
59449	ITA	12	12	0	0	0	0	0	0	0	0	0	0
59449	PRT	0	NA	0	0	0	0	0	0	0	0	0	0
59449	ROU	0	NA	0	0	0	0	0	0	0	0	0	0
59450	BEL	0	NA	0	0	0	0	0	0	0	0	0	0
59451	BEL	6.94	NA	0	0	0	0	0	0	0	0	0	0
59451	ESP	0	NA	0	0	0	0	0	0	0	0	0	0
59451	ITA	0	NA	0	0	0	0	0	0	0	0	0	0
59451	NLD	0	NA	0	0	0	0	0	0	0	0	0	0
59452	BEL	0	NA	0	0	0	0	0	0	0	0	0	0
59452	ESP	0	NA	0	0	0	0	0	0	0	0	0	0
59452	ITA	3.82	3.82	0	0	0	0	0	100	100	0	0	0
59452	NLD	0	NA	0	0	0	0	0	0	0	0	0	0
59452	Other EU	0	NA	0	0	0	0	0	0	0	0	0	0
59452	POL	5.8	5.8	0	0	0	0	0	100	100	0	0	0
59452	PRT	6.7	6.7	0	0	0	0	0	100	0	0	0	0
59452	ROU	0	NA	0	0	0	0	0	0	0	0	0	0
59453	BEL	0	NA	0	0	0	0	0	0	0	0	0	0
59453	ROU	0	NA	0	0	0	0	0	0	0	0	0	0
59454	DEU	0	NA	0	0	0	0	0	0	0	0	0	0
59455	BEL	0	NA	0	0	0	0	0	0	0	0	0	0
59455	PRT	5.11	NA	0	0	0	0	0	0	0	0	0	0
59456	BEL	7.22	7.22	0	0	100	0	0	0	0	0	0	0
59456	DEU	0	NA	0	0	0	0	0	0	0	0	0	0
59456	ESP	0	NA	0	0	0	0	0	0	0	0	0	0
59456	ITA	19.01	19.01	44.13	55.87	0	0	0	100	0	0	0	0
59456	POL	6.31	6.31	0	0	0	0	0	0	0	0	0	0
59456	PRT	0	NA	0	0	0	0	0	0	0	0	0	0
59457	BEL	10.28	10.28	50.19	49.81	59.05	40.95	0	0	0	0	0	0
59457	ESP	8.28	8.28	0	0	0	0	0	100	100	0	0	0
59457	ITA	26.04	26.04	71.85	28.15	19.55	80.45	0	0	0	0	0	0
59457	NLD	0	NA	0	0	0	0	0	0	0	0	0	0
59457	Other EU	0	NA	0	0	0	0	0	0	0	0	0	0
59457	POL	0	NA	0	0	0	0	0	0	0	0	0	0
59457	PRT	56.67	56.67	47.13	52.89	46.46	53.56	6.9	93.12	0	0	0	81.26
59458	BEL	5.36	NA	0	0	0	0	0	0	0	0	0	0
59458	ESP	0	NA	0	0	0	0	0	0	0	0	0	0
59458	ITA	0	NA	0	0	0	0	0	0	0	0	0	0
59458	NLD	0	NA	0	0	0	0	0	0	0	0	0	0
59458	POL	0	NA	0	0	0	0	0	0	0	0	0	0
59459	BEL	6.3	6.3	0	0	0	0	0	0	0	0	0	0
59459	ESP	0	NA	0	0	0	0	0	0	0	0	0	0
59459	ITA	17.73	17.73	70.61	29.44	40.78	59.22	0	0	0	0	0	0
59459	Other EU	0	NA	0	0	0	0	0	0	0	0	0	0
59459	PRT	0	NA	0	0	0	0	0	0	0	0	0	0
59459	ROU	0	NA	0	0	0	0	0	0	0	0	0	0
59461	NLD	0	NA	0	0	0	0	0	0	0	0	0	0
59462	BEL	4.97	NA	0	0	0	0	0	0	0	0	0	0
59462	ESP	0	NA	0	0	0	0	0	0	0	0	0	0
59462	ITA	7.95	NA	0	0	0	0	0	0	0	0	0	0
59462	POL	0	NA	0	0	0	0	0	0	0	0	0	0
59462	PRT	7.99	NA	0	0	0	0	0	0	0	0	0	0
59462	ROU	6.03	NA	0	0	0	0	0	0	0	0	0	0
59463	BEL	0	NA	0	0	0	0	0	0	0	0	0	0
59463	ITA	0	NA	0	0	0	0	0	0	0	0	0	0
59463	PRT	0	NA	0	0	0	0	0	0	0	0	0	0
59464	BEL	0	NA	0	0	0	0	0	0	0	0	0	0
59464	ITA	0	NA	0	0	0	0	0	0	0	0	0	0
59464	PRT	0	NA	0	0	0	0	0	0	0	0	0	0
59464	ROU	0	NA	0	0	0	0	0	0	0	0	0	0
59465	BEL	0	NA	0	0	0	0	0	0	0	0	0	0
59466	BEL	8	NA	0	0	0	0	0	0	0	0	0	0
59466	ESP	0	NA	0	0	0	0	0	0	0	0	0	0
59466	ITA	5	NA	0	0	0	0	0	0	0	0	0	0
59466	NLD	0	NA	0	0	0	0	0	0	0	0	0	0
59466	Other EU	0	NA	0	0	0	0	0	0	0	0	0	0
59466	POL	0	NA	0	0	0	0	0	0	0	0	0	0
59466	PRT	0	NA	0	0	0	0	0	0	0	0	0	0
59466	ROU	0	NA	0	0	0	0	0	0	0	0	0	0
59467	BEL	10	NA	0	0	0	0	0	0	0	0	0	0
59467	DEU	0	NA	0	0	0	0	0	0	0	0	0	0
59467	ITA	0	NA	0	0	0	0	0	0	0	0	0	0
59467	NLD	0	NA	0	0	0	0	0	0	0	0	0	0
59467	PRT	14	NA	0	0	0	0	0	0	0	0	0	0
59468	BEL	0	NA	0	0	0	0	0	0	0	0	0	0
59469	PRT	0	NA	0	0	0	0	0	0	0	0	0	0
59470	BEL	0	NA	0	0	0	0	0	0	0	0	0	0
59470	ITA	0	NA	0	0	0	0	0	0	0	0	0	0
59470	PRT	4.79	NA	0	0	0	0	0	0	0	0	0	0
59471	BEL	5.3	NA	0	0	0	0	0	0	0	0	0	0
59471	DEU	0	NA	0	0	0	0	0	0	0	0	0	0
59471	ITA	4.23	NA	0	0	0	0	0	0	0	0	0	0
59471	Other EU	0	NA	0	0	0	0	0	0	0	0	0	0
59471	PRT	0	NA	0	0	0	0	0	0	0	0	0	0
59472	BEL	0	NA	0	0	0	0	0	0	0	0	0	0
59473	BEL	8.63	NA	0	0	0	0	0	0	0	0	0	0
59473	Other EU	0	NA	0	0	0	0	0	0	0	0	0	0
59474	BEL	8.04	NA	0	0	0	0	0	0	0	0	0	0
59475	BEL	0	NA	0	0	0	0	0	0	0	0	0	0
59475	ITA	0	NA	0	0	0	0	0	0	0	0	0	0
59475	PRT	0	NA	0	0	0	0	0	0	0	0	0	0
59476	BEL	6.97	NA	0	0	0	0	0	0	0	0	0	0
59476	ESP	0	NA	0	0	0	0	0	0	0	0	0	0
59476	POL	0	NA	0	0	0	0	0	0	0	0	0	0
59476	PRT	14.83	NA	0	0	0	0	0	0	0	0	0	0
59476	ROU	0	NA	0	0	0	0	0	0	0	0	0	0
59477	BEL	0	NA	0	0	0	0	0	0	0	0	0	0
59477	ITA	0	NA	0	0	0	0	0	0	0	0	0	0
59477	POL	0	NA	0	0	0	0	0	0	0	0	0	0
59477	PRT	7	NA	0	0	0	0	0	0	0	0	0	0
59477	ROU	0	NA	0	0	0	0	0	0	0	0	0	0
59478	BEL	0	NA	0	0	0	0	0	0	0	0	0	0
59478	POL	0	NA	0	0	0	0	0	0	0	0	0	0
59479	BEL	35	NA	0	0	0	0	0	0	0	0	0	0
59479	DEU	0	NA	0	0	0	0	0	0	0	0	0	0
59479	ITA	7	NA	0	0	0	0	0	0	0	0	0	0
59479	NLD	0	NA	0	0	0	0	0	0	0	0	0	0
59479	POL	0	NA	0	0	0	0	0	0	0	0	0	0
59479	PRT	6	NA	0	0	0	0	0	0	0	0	0	0
59480	BEL	7.46	NA	0	0	0	0	0	0	0	0	0	0
59480	ESP	0	NA	0	0	0	0	0	0	0	0	0	0
59480	PRT	0	NA	0	0	0	0	0	0	0	0	0	0
59480	ROU	0	NA	0	0	0	0	0	0	0	0	0	0
59481	BEL	13.98	NA	0	0	0	0	0	0	0	0	0	0
59481	DEU	0	NA	0	0	0	0	0	0	0	0	0	0
59481	ESP	0	NA	0	0	0	0	0	0	0	0	0	0
59481	ITA	0	NA	0	0	0	0	0	0	0	0	0	0
59481	Other EU	0	NA	0	0	0	0	0	0	0	0	0	0
59481	PRT	4	NA	0	0	0	0	0	0	0	0	0	0
59481	ROU	0	NA	0	0	0	0	0	0	0	0	0	0
59482	BEL	26.88	26.88	45.68	54.32	76.38	23.66	33.97	66.03	69.53	30.51	0	0
59482	BGR	0	NA	0	0	0	0	0	0	0	0	0	0
59482	ESP	6.41	6.41	0	0	0	100	0	100	100	0	0	0
59482	ITA	10.66	10.66	0	0	39.59	60.41	0	100	0	0	0	0
59482	Other EU	0	NA	0	0	0	0	0	0	0	0	0	0
59482	PRT	9.37	9.37	0	0	0	0	0	100	100	0	0	0
59483	BEL	7.05	NA	0	0	0	0	0	0	0	0	0	0
59484	BEL	110.89	110.89	53.18	46.83	81.92	18.09	72.04	27.96	79.29	20.71	40.59	40.54
59484	DEU	4.97	4.97	0	0	100	0	0	0	0	0	0	0
59484	ESP	8	8	0	0	0	0	0	0	100	0	0	0
59484	ITA	30.07	30.07	39.94	60.06	26.57	73.43	16.63	83.34	0	0	0	0
59484	POL	5.02	5.02	0	0	0	0	0	100	100	0	0	0
59484	PRT	7.99	7.99	0	0	0	0	0	0	100	0	0	0
59484	ROU	0	NA	0	0	0	0	0	0	0	0	0	0
59485	BEL	4.01	NA	0	0	0	0	0	0	0	0	0	0
59485	NLD	0	NA	0	0	0	0	0	0	0	0	0	0
59485	POL	0	NA	0	0	0	0	0	0	0	0	0	0
59486	BEL	6	NA	0	0	0	0	0	0	0	0	0	0
59486	DEU	0	NA	0	0	0	0	0	0	0	0	0	0
59486	ESP	0	NA	0	0	0	0	0	0	0	0	0	0
59486	PRT	0	NA	0	0	0	0	0	0	0	0	0	0
59487	BEL	0	NA	0	0	0	0	0	0	0	0	0	0
59487	PRT	0	NA	0	0	0	0	0	0	0	0	0	0
59488	BEL	0	NA	0	0	0	0	0	0	0	0	0	0
59488	ITA	0	NA	0	0	0	0	0	0	0	0	0	0
59488	PRT	9	NA	0	0	0	0	0	0	0	0	0	0
59488	ROU	0	NA	0	0	0	0	0	0	0	0	0	0
59489	BEL	0	NA	0	0	0	0	0	0	0	0	0	0
59489	DEU	0	NA	0	0	0	0	0	0	0	0	0	0
59489	ESP	0	NA	0	0	0	0	0	0	0	0	0	0
59489	ITA	5	NA	0	0	0	0	0	0	0	0	0	0
59489	Other EU	0	NA	0	0	0	0	0	0	0	0	0	0
59489	POL	5	NA	0	0	0	0	0	0	0	0	0	0
59489	PRT	0	NA	0	0	0	0	0	0	0	0	0	0
59489	ROU	0	NA	0	0	0	0	0	0	0	0	0	0
59490	BEL	4.72	NA	0	0	0	0	0	0	0	0	0	0
59490	PRT	0	NA	0	0	0	0	0	0	0	0	0	0
59491	BEL	19.83	19.83	0	0	47.66	52.4	0	0	0	0	0	0
59491	BGR	0	NA	0	0	0	0	0	0	0	0	0	0
59491	ESP	20.53	20.53	43.74	56.26	0	0	0	0	0	0	0	0
59491	ITA	43.81	43.81	62.93	37.07	0	0	0	100	0	0	0	23.28
59491	Other EU	0	NA	0	0	0	0	0	0	0	0	0	0
59491	POL	0	NA	0	0	0	0	0	0	0	0	0	0
59491	PRT	22.24	22.24	0	0	0	0	0	100	0	0	0	0
59491	ROU	14.26	14.26	50	50	100	0	100	0	0	0	0	0
59492	PRT	5.08	NA	0	0	0	0	0	0	0	0	0	0
59494	BEL	0	NA	0	0	0	0	0	0	0	0	0	0
59495	BEL	33.58	NA	0	0	0	0	0	0	0	0	0	0
59495	ITA	0	NA	0	0	0	0	0	0	0	0	0	0
59495	POL	0	NA	0	0	0	0	0	0	0	0	0	0
59495	PRT	0	NA	0	0	0	0	0	0	0	0	0	0
59496	BEL	0	NA	0	0	0	0	0	0	0	0	0	0
59497	BEL	0	NA	0	0	0	0	0	0	0	0	0	0
59497	PRT	0	NA	0	0	0	0	0	0	0	0	0	0
59497	ROU	0	NA	0	0	0	0	0	0	0	0	0	0
59499	BEL	14.92	NA	0	0	0	0	0	0	0	0	0	0
59499	PRT	0	NA	0	0	0	0	0	0	0	0	0	0
59500	PRT	0	NA	0	0	0	0	0	0	0	0	0	0
59501	BEL	0	NA	0	0	0	0	0	0	0	0	0	0
59501	POL	0	NA	0	0	0	0	0	0	0	0	0	0
59501	PRT	3.92	NA	0	0	0	0	0	0	0	0	0	0
59502	PRT	0	NA	0	0	0	0	0	0	0	0	0	0
59504	BEL	0	NA	0	0	0	0	0	0	0	0	0	0
59504	ESP	0	NA	0	0	0	0	0	0	0	0	0	0
59504	ITA	13	NA	0	0	0	0	0	0	0	0	0	0
59504	POL	0	NA	0	0	0	0	0	0	0	0	0	0
59505	BEL	16.13	NA	0	0	0	0	0	0	0	0	0	0
59505	ITA	0	NA	0	0	0	0	0	0	0	0	0	0
59505	PRT	0	NA	0	0	0	0	0	0	0	0	0	0
59506	BEL	0	NA	0	0	0	0	0	0	0	0	0	0
59507	BEL	30.51	30.51	63	37.04	0	0	0	0	0	0	54.97	59.49
59507	DEU	0	NA	0	0	0	0	0	0	0	0	0	0
59507	ESP	11.27	11.27	0	0	0	0	0	0	0	0	0	0
59507	ITA	21.5	21.5	0	0	45.4	54.6	0	0	0	0	0	0
59507	NLD	0	NA	0	0	0	0	0	0	0	0	0	0
59507	Other EU	5.99	5.99	0	0	100	0	100	0	0	0	0	0
59507	POL	15.65	15.65	0	0	100	0	100	0	0	0	0	62.81
59507	PRT	12.43	12.43	0	0	0	0	0	100	100	0	0	0
59507	ROU	35.4	35.4	45.73	54.29	0	0	0	0	0	0	0	47.37
59508	BEL	75.72	75.72	39.14	60.86	55.98	44.02	41.67	58.33	73.84	26.16	32.33	22.19
59508	BGR	0	NA	0	0	0	0	0	0	0	0	0	0
59508	ESP	23.05	23.05	42.08	57.92	0	0	0	0	0	0	0	0
59508	ITA	35.12	35.12	62.98	37.02	0	0	0	0	0	0	37.87	0
59508	NLD	0	NA	0	0	0	0	0	0	0	0	0	0
59508	Other EU	0	NA	0	0	0	0	0	0	0	0	0	0
59508	POL	0	NA	0	0	0	0	0	0	0	0	0	0
59508	PRT	76.48	76.48	53.41	46.59	39.98	60.02	0	100	0	0	0	23.95
59508	ROU	0	NA	0	0	0	0	0	0	0	0	0	0
59509	BEL	7	7	0	0	0	0	0	0	0	0	0	0
59509	ESP	0	NA	0	0	0	0	0	0	0	0	0	0
59509	ITA	27	27	55.56	44.44	18.52	81.48	0	0	100	0	0	0
59509	POL	6	6	0	0	0	0	0	100	100	0	0	0
59509	PRT	0	NA	0	0	0	0	0	0	0	0	0	0
59511	BEL	6.39	NA	0	0	0	0	0	0	0	0	0	0
59511	ESP	0	NA	0	0	0	0	0	0	0	0	0	0
59511	ITA	0	NA	0	0	0	0	0	0	0	0	0	0
59511	NLD	0	NA	0	0	0	0	0	0	0	0	0	0
59511	POL	0	NA	0	0	0	0	0	0	0	0	0	0
59511	PRT	0	NA	0	0	0	0	0	0	0	0	0	0
59512	BEL	161.76	161.76	51.95	48.05	69.76	30.25	43.72	56.28	79.46	20.55	32.6	40.71
59512	BGR	54.15	54.15	55.84	44.16	0	0	100	0	77.49	22.51	0	34.53
59512	DEU	32.62	32.62	32.22	67.75	100	0	51.69	48.31	49.51	50.49	43.04	36.82
59512	ESP	171.16	171.16	56.98	43.02	60.63	39.38	54.57	45.43	84.07	15.93	16.8	33.89
59512	ITA	433.69	433.69	55.41	44.59	55.39	44.61	36.49	63.51	92.1	7.9	7.81	30.74
59512	NLD	29.64	29.64	0	0	0	0	0	0	0	0	0	42.41
59512	Other EU	70.24	70.24	58.29	41.71	0	0	100	0	0	0	0	55.47
59512	POL	18.47	18.47	0	0	0	0	50.24	49.76	0	0	0	0
59512	PRT	1010.26	1010.26	53.37	46.63	50.4	49.6	18.23	81.77	95.64	4.36	11.23	38.11
59512	ROU	367.54	367.54	50.05	49.95	97.04	2.96	90.75	9.25	92.66	7.34	6.44	46.7
59513	ITA	0	NA	0	0	0	0	0	0	0	0	0	0
59513	PRT	0	NA	0	0	0	0	0	0	0	0	0	0
59514	BEL	39	NA	0	0	0	0	0	0	0	0	0	0
59514	ESP	5	NA	0	0	0	0	0	0	0	0	0	0
59514	ITA	7	NA	0	0	0	0	0	0	0	0	0	0
59514	POL	0	NA	0	0	0	0	0	0	0	0	0	0
59514	PRT	5	NA	0	0	0	0	0	0	0	0	0	0
59515	PRT	0	NA	0	0	0	0	0	0	0	0	0	0
59516	BEL	0	NA	0	0	0	0	0	0	0	0	0	0
59517	BEL	0	NA	0	0	0	0	0	0	0	0	0	0
59517	ITA	0	NA	0	0	0	0	0	0	0	0	0	0
59517	Other EU	0	NA	0	0	0	0	0	0	0	0	0	0
59518	ITA	0	NA	0	0	0	0	0	0	0	0	0	0
59519	BEL	34	NA	0	0	0	0	0	0	0	0	0	0
59519	ITA	0	NA	0	0	0	0	0	0	0	0	0	0
59519	PRT	0	NA	0	0	0	0	0	0	0	0	0	0
59520	BEL	0	NA	0	0	0	0	0	0	0	0	0	0
59520	PRT	14.06	NA	0	0	0	0	0	0	0	0	0	0
59521	BEL	0	NA	0	0	0	0	0	0	0	0	0	0
59521	PRT	5	NA	0	0	0	0	0	0	0	0	0	0
59522	BEL	4.06	NA	0	0	0	0	0	0	0	0	0	0
59522	DEU	0	NA	0	0	0	0	0	0	0	0	0	0
59522	ITA	9.14	NA	0	0	0	0	0	0	0	0	0	0
59522	NLD	0	NA	0	0	0	0	0	0	0	0	0	0
59522	POL	0	NA	0	0	0	0	0	0	0	0	0	0
59522	PRT	14.28	NA	0	0	0	0	0	0	0	0	0	0
59523	BEL	8.25	NA	0	0	0	0	0	0	0	0	0	0
59523	BGR	0	NA	0	0	0	0	0	0	0	0	0	0
59523	DEU	0	NA	0	0	0	0	0	0	0	0	0	0
59523	ESP	0	NA	0	0	0	0	0	0	0	0	0	0
59523	NLD	0	NA	0	0	0	0	0	0	0	0	0	0
59523	Other EU	0	NA	0	0	0	0	0	0	0	0	0	0
59523	PRT	0	NA	0	0	0	0	0	0	0	0	0	0
59524	BEL	4.08	4.08	0	0	0	0	100	0	100	0	0	0
59524	DEU	0	NA	0	0	0	0	0	0	0	0	0	0
59524	ESP	0	NA	0	0	0	0	0	0	0	0	0	0
59524	ITA	0	NA	0	0	0	0	0	0	0	0	0	0
59524	POL	0	NA	0	0	0	0	0	0	0	0	0	0
59524	PRT	12.3	12.3	41.54	58.46	57.97	41.95	0	0	0	0	0	0
59525	BEL	12.9	NA	0	0	0	0	0	0	0	0	0	0
59525	ITA	0	NA	0	0	0	0	0	0	0	0	0	0
59525	Other EU	0	NA	0	0	0	0	0	0	0	0	0	0
59526	BEL	81.39	81.39	48.72	51.28	77.38	22.62	56.09	43.9	62.99	37.01	33.2	41.53
59526	DEU	0	NA	0	0	0	0	0	0	0	0	0	0
59526	ESP	6.54	6.54	0	0	0	0	0	0	0	0	0	0
59526	ITA	72.45	72.45	62.14	37.86	39.79	60.22	11.3	88.71	0	0	0	24.2
59526	Other EU	0	NA	0	0	0	0	0	0	0	0	0	0
59526	PRT	8.06	8.06	0	0	100	0	0	0	0	0	0	0
59526	ROU	11.77	11.77	0	0	100	0	100	0	0	100	100	0
59527	BEL	13.33	13.33	0	0	100	0	0	0	0	0	59.04	0
59527	DEU	0	NA	0	0	0	0	0	0	0	0	0	0
59527	ESP	16.91	16.91	0	0	100	0	0	0	0	100	87.46	0
59527	ITA	23.19	23.19	0	0	0	0	0	0	0	0	0	0
59527	NLD	0	NA	0	0	0	0	0	0	0	0	0	0
59527	Other EU	0	NA	0	0	0	0	0	0	0	0	0	0
59527	POL	0	NA	0	0	0	0	0	0	0	0	0	0
59527	PRT	78.88	78.88	44.31	55.69	48.25	51.75	14.14	85.86	0	0	15.43	33.08
59527	ROU	0	NA	0	0	0	0	0	0	0	0	0	0
59528	BEL	0	NA	0	0	0	0	0	0	0	0	0	0
59528	ESP	0	NA	0	0	0	0	0	0	0	0	0	0
59528	POL	0	NA	0	0	0	0	0	0	0	0	0	0
59529	BEL	0	NA	0	0	0	0	0	0	0	0	0	0
59529	DEU	0	NA	0	0	0	0	0	0	0	0	0	0
59530	BEL	18	NA	0	0	0	0	0	0	0	0	0	0
59530	ITA	0	NA	0	0	0	0	0	0	0	0	0	0
59531	BEL	0	NA	0	0	0	0	0	0	0	0	0	0
59533	BEL	4.01	NA	0	0	0	0	0	0	0	0	0	0
59533	ESP	0	NA	0	0	0	0	0	0	0	0	0	0
59533	ITA	0	NA	0	0	0	0	0	0	0	0	0	0
59534	BEL	4.01	NA	0	0	0	0	0	0	0	0	0	0
59534	ITA	0	NA	0	0	0	0	0	0	0	0	0	0
59534	NLD	0	NA	0	0	0	0	0	0	0	0	0	0
59535	BEL	13.02	NA	0	0	0	0	0	0	0	0	0	0
59535	POL	0	NA	0	0	0	0	0	0	0	0	0	0
59535	PRT	0	NA	0	0	0	0	0	0	0	0	0	0
59536	BEL	0	NA	0	0	0	0	0	0	0	0	0	0
59536	POL	0	NA	0	0	0	0	0	0	0	0	0	0
59537	BEL	0	NA	0	0	0	0	0	0	0	0	0	0
59537	PRT	0	NA	0	0	0	0	0	0	0	0	0	0
59537	ROU	0	NA	0	0	0	0	0	0	0	0	0	0
59539	BEL	0	NA	0	0	0	0	0	0	0	0	0	0
59539	Other EU	0	NA	0	0	0	0	0	0	0	0	0	0
59541	PRT	0	NA	0	0	0	0	0	0	0	0	0	0
59542	BEL	0	NA	0	0	0	0	0	0	0	0	0	0
59543	BEL	7.13	NA	0	0	0	0	0	0	0	0	0	0
59543	ESP	0	NA	0	0	0	0	0	0	0	0	0	0
59543	NLD	0	NA	0	0	0	0	0	0	0	0	0	0
59543	PRT	0	NA	0	0	0	0	0	0	0	0	0	0
59544	BEL	64.49	64.49	56.13	43.87	72.03	27.97	45.99	54.01	59.56	40.44	31.34	34.47
59544	BGR	0	NA	0	0	0	0	0	0	0	0	0	0
59544	DEU	0	NA	0	0	0	0	0	0	0	0	0	0
59544	ESP	9.35	9.35	0	0	0	0	0	0	0	0	0	0
59544	ITA	26.72	26.72	64.56	35.44	0	0	0	0	0	0	0	0
59544	POL	13.08	13.08	0	0	0	0	0	0	0	0	0	0
59544	PRT	10.97	10.97	0	0	0	0	0	0	100	0	0	0
59544	ROU	0	NA	0	0	0	0	0	0	0	0	0	0
59545	BEL	0	NA	0	0	0	0	0	0	0	0	0	0
59545	PRT	0	NA	0	0	0	0	0	0	0	0	0	0
59546	BEL	0	NA	0	0	0	0	0	0	0	0	0	0
59546	ITA	0	NA	0	0	0	0	0	0	0	0	0	0
59546	PRT	0	NA	0	0	0	0	0	0	0	0	0	0
59548	BEL	22.05	NA	0	0	0	0	0	0	0	0	0	0
59548	DEU	0	NA	0	0	0	0	0	0	0	0	0	0
59548	ITA	0	NA	0	0	0	0	0	0	0	0	0	0
59549	BEL	0	NA	0	0	0	0	0	0	0	0	0	0
59550	NLD	0	NA	0	0	0	0	0	0	0	0	0	0
59550	PRT	0	NA	0	0	0	0	0	0	0	0	0	0
59551	BEL	10.19	NA	0	0	0	0	0	0	0	0	0	0
59553	BEL	8.41	8.41	48.99	51.01	0	0	0	0	51.01	48.99	0	0
59553	ESP	4	4	0	0	0	0	0	0	0	0	0	0
59553	ITA	8.52	8.52	0	0	49.65	50.35	0	100	0	0	0	0
59553	NLD	0	NA	0	0	0	0	0	0	0	0	0	0
59553	PRT	0	NA	0	0	0	0	0	0	0	0	0	0
59553	ROU	6.87	6.87	0	0	100	0	100	0	0	0	0	0
59554	BEL	0	NA	0	0	0	0	0	0	0	0	0	0
59554	ITA	0	NA	0	0	0	0	0	0	0	0	0	0
59555	BEL	28.56	NA	0	0	0	0	0	0	0	0	0	0
59555	PRT	0	NA	0	0	0	0	0	0	0	0	0	0
59555	ROU	0	NA	0	0	0	0	0	0	0	0	0	0
59557	BEL	12.85	NA	0	0	0	0	0	0	0	0	0	0
59557	DEU	4.3	NA	0	0	0	0	0	0	0	0	0	0
59557	ESP	0	NA	0	0	0	0	0	0	0	0	0	0
59557	ITA	5.37	NA	0	0	0	0	0	0	0	0	0	0
59557	NLD	0	NA	0	0	0	0	0	0	0	0	0	0
59557	Other EU	0	NA	0	0	0	0	0	0	0	0	0	0
59557	POL	0	NA	0	0	0	0	0	0	0	0	0	0
59557	PRT	0	NA	0	0	0	0	0	0	0	0	0	0
59558	BEL	0	NA	0	0	0	0	0	0	0	0	0	0
59558	POL	0	NA	0	0	0	0	0	0	0	0	0	0
59558	PRT	0	NA	0	0	0	0	0	0	0	0	0	0
59558	ROU	3.97	NA	0	0	0	0	0	0	0	0	0	0
59559	BEL	25.49	NA	0	0	0	0	0	0	0	0	0	0
59559	ESP	0	NA	0	0	0	0	0	0	0	0	0	0
59559	ITA	0	NA	0	0	0	0	0	0	0	0	0	0
59559	NLD	0	NA	0	0	0	0	0	0	0	0	0	0
59559	PRT	0	NA	0	0	0	0	0	0	0	0	0	0
59560	BEL	0	NA	0	0	0	0	0	0	0	0	0	0
59560	DEU	0	NA	0	0	0	0	0	0	0	0	0	0
59560	ESP	0	NA	0	0	0	0	0	0	0	0	0	0
59560	ITA	13.33	13.33	0	0	0	0	0	0	0	0	0	70.67
59560	NLD	0	NA	0	0	0	0	0	0	0	0	0	0
59560	POL	0	NA	0	0	0	0	0	0	0	0	0	0
59560	PRT	7.21	7.21	0	0	0	0	0	0	100	0	0	0
59560	ROU	19.74	19.74	0	0	100	0	100	0	100	0	0	83.13
59562	BEL	12.29	NA	0	0	0	0	0	0	0	0	0	0
59563	BEL	0	NA	0	0	0	0	0	0	0	0	0	0
59564	BEL	4.02	NA	0	0	0	0	0	0	0	0	0	0
59564	ESP	0	NA	0	0	0	0	0	0	0	0	0	0
59564	ITA	11.19	NA	0	0	0	0	0	0	0	0	0	0
59564	NLD	0	NA	0	0	0	0	0	0	0	0	0	0
59564	PRT	5.06	NA	0	0	0	0	0	0	0	0	0	0
59565	BEL	0	NA	0	0	0	0	0	0	0	0	0	0
59565	ITA	0	NA	0	0	0	0	0	0	0	0	0	0
59566	BEL	9	NA	0	0	0	0	0	0	0	0	0	0
59566	BGR	0	NA	0	0	0	0	0	0	0	0	0	0
59566	ITA	5	NA	0	0	0	0	0	0	0	0	0	0
59566	NLD	5	NA	0	0	0	0	0	0	0	0	0	0
59566	Other EU	4	NA	0	0	0	0	0	0	0	0	0	0
59566	POL	0	NA	0	0	0	0	0	0	0	0	0	0
59566	PRT	11	NA	0	0	0	0	0	0	0	0	0	0
59566	ROU	8	NA	0	0	0	0	0	0	0	0	0	0
59567	BEL	0	NA	0	0	0	0	0	0	0	0	0	0
59567	DEU	0	NA	0	0	0	0	0	0	0	0	0	0
59567	ESP	0	NA	0	0	0	0	0	0	0	0	0	0
59567	PRT	0	NA	0	0	0	0	0	0	0	0	0	0
59567	ROU	0	NA	0	0	0	0	0	0	0	0	0	0
59569	BEL	20.99	20.99	0	0	0	0	45.21	54.79	0	0	0	57.41
59569	ESP	0	NA	0	0	0	0	0	0	0	0	0	0
59569	ITA	48.86	48.86	66.72	33.3	37.33	62.67	0	0	100	0	0	20.92
59569	POL	19.99	19.99	0	0	0	0	0	0	0	0	0	0
59569	PRT	0	NA	0	0	0	0	0	0	0	0	0	0
59569	ROU	11.86	11.86	0	0	100	0	100	0	0	0	0	0
59570	BEL	0	NA	0	0	0	0	0	0	0	0	0	0
59570	DEU	0	NA	0	0	0	0	0	0	0	0	0	0
59571	BEL	0	NA	0	0	0	0	0	0	0	0	0	0
59571	ESP	0	NA	0	0	0	0	0	0	0	0	0	0
59571	ITA	0	NA	0	0	0	0	0	0	0	0	0	0
59571	PRT	0	NA	0	0	0	0	0	0	0	0	0	0
59572	BEL	82.85	NA	0	0	0	0	0	0	0	0	0	0
59572	DEU	0	NA	0	0	0	0	0	0	0	0	0	0
59572	ESP	0	NA	0	0	0	0	0	0	0	0	0	0
59572	ITA	0	NA	0	0	0	0	0	0	0	0	0	0
59572	NLD	0	NA	0	0	0	0	0	0	0	0	0	0
59572	POL	0	NA	0	0	0	0	0	0	0	0	0	0
59572	PRT	0	NA	0	0	0	0	0	0	0	0	0	0
59573	BEL	17	NA	0	0	0	0	0	0	0	0	0	0
59574	BEL	24.01	24.01	0	0	0	0	55.39	44.61	0	0	42.19	0
59574	ESP	10.71	10.71	0	0	0	0	0	100	100	0	0	0
59574	ITA	25.94	25.94	53.51	46.49	0	0	0	100	100	0	0	0
59574	POL	0	NA	0	0	0	0	0	0	0	0	0	0
59574	PRT	0	NA	0	0	0	0	0	0	0	0	0	0
59574	ROU	0	NA	0	0	0	0	0	0	0	0	0	0
59575	BEL	0	NA	0	0	0	0	0	0	0	0	0	0
59575	ITA	0	NA	0	0	0	0	0	0	0	0	0	0
59575	NLD	0	NA	0	0	0	0	0	0	0	0	0	0
59576	BEL	0	NA	0	0	0	0	0	0	0	0	0	0
59576	ESP	0	NA	0	0	0	0	0	0	0	0	0	0
59576	ITA	0	NA	0	0	0	0	0	0	0	0	0	0
59576	ROU	0	NA	0	0	0	0	0	0	0	0	0	0
59578	BEL	0	NA	0	0	0	0	0	0	0	0	0	0
59579	BEL	0	NA	0	0	0	0	0	0	0	0	0	0
59579	ITA	0	NA	0	0	0	0	0	0	0	0	0	0
59580	BEL	21.58	NA	0	0	0	0	0	0	0	0	0	0
59580	DEU	0	NA	0	0	0	0	0	0	0	0	0	0
59580	NLD	0	NA	0	0	0	0	0	0	0	0	0	0
59580	Other EU	0	NA	0	0	0	0	0	0	0	0	0	0
59580	PRT	0	NA	0	0	0	0	0	0	0	0	0	0
59581	BEL	12.31	NA	0	0	0	0	0	0	0	0	0	0
59581	Other EU	0	NA	0	0	0	0	0	0	0	0	0	0
59581	PRT	0	NA	0	0	0	0	0	0	0	0	0	0
59582	BEL	0	NA	0	0	0	0	0	0	0	0	0	0
59583	BEL	0	NA	0	0	0	0	0	0	0	0	0	0
59583	ITA	0	NA	0	0	0	0	0	0	0	0	0	0
59584	BEL	174.03	NA	0	0	0	0	0	0	0	0	0	0
59584	DEU	0	NA	0	0	0	0	0	0	0	0	0	0
59584	ITA	6.01	NA	0	0	0	0	0	0	0	0	0	0
59584	NLD	0	NA	0	0	0	0	0	0	0	0	0	0
59584	Other EU	0	NA	0	0	0	0	0	0	0	0	0	0
59585	BEL	4	NA	0	0	0	0	0	0	0	0	0	0
59585	ITA	4	NA	0	0	0	0	0	0	0	0	0	0
59585	NLD	0	NA	0	0	0	0	0	0	0	0	0	0
59585	Other EU	0	NA	0	0	0	0	0	0	0	0	0	0
59585	POL	0	NA	0	0	0	0	0	0	0	0	0	0
59585	PRT	5	NA	0	0	0	0	0	0	0	0	0	0
59585	ROU	0	NA	0	0	0	0	0	0	0	0	0	0
59586	BEL	16	16	31.25	68.75	68.75	31.25	50	50	56.25	43.75	0	0
59586	BGR	0	NA	0	0	0	0	0	0	0	0	0	0
59586	DEU	0	NA	0	0	0	0	0	0	0	0	0	0
59586	ESP	4	4	0	0	0	0	0	0	0	0	0	0
59586	ITA	9	9	0	0	0	0	0	0	100	0	0	0
59586	NLD	0	NA	0	0	0	0	0	0	0	0	0	0
59586	Other EU	0	NA	0	0	0	0	0	0	0	0	0	0
59586	POL	0	NA	0	0	0	0	0	0	0	0	0	0
59586	PRT	5	5	0	0	0	0	0	100	100	0	0	0
59587	BEL	0	NA	0	0	0	0	0	0	0	0	0	0
59588	BEL	23	23	47.83	52.17	60.87	39.13	60.87	39.13	30.43	69.57	0	0
59588	DEU	0	NA	0	0	0	0	0	0	0	0	0	0
59588	ITA	5	5	0	0	0	0	0	0	0	0	0	0
59588	Other EU	0	NA	0	0	0	0	0	0	0	0	0	0
59588	POL	0	NA	0	0	0	0	0	0	0	0	0	0
59588	PRT	0	NA	0	0	0	0	0	0	0	0	0	0
59588	ROU	6	6	0	0	100	0	100	0	0	0	0	0
59589	BEL	0	NA	0	0	0	0	0	0	0	0	0	0
59589	ITA	0	NA	0	0	0	0	0	0	0	0	0	0
59589	Other EU	0	NA	0	0	0	0	0	0	0	0	0	0
59589	PRT	0	NA	0	0	0	0	0	0	0	0	0	0
59590	BEL	0	NA	0	0	0	0	0	0	0	0	0	0
59591	BEL	9.02	NA	0	0	0	0	0	0	0	0	0	0
59591	ITA	0	NA	0	0	0	0	0	0	0	0	0	0
59591	PRT	0	NA	0	0	0	0	0	0	0	0	0	0
59592	BEL	8.67	NA	0	0	0	0	0	0	0	0	0	0
59592	Other EU	0	NA	0	0	0	0	0	0	0	0	0	0
59592	POL	0	NA	0	0	0	0	0	0	0	0	0	0
59592	PRT	0	NA	0	0	0	0	0	0	0	0	0	0
59593	ITA	0	NA	0	0	0	0	0	0	0	0	0	0
59593	PRT	0	NA	0	0	0	0	0	0	0	0	0	0
59594	BEL	23	NA	0	0	0	0	0	0	0	0	0	0
59594	ITA	0	NA	0	0	0	0	0	0	0	0	0	0
59594	Other EU	0	NA	0	0	0	0	0	0	0	0	0	0
59594	POL	0	NA	0	0	0	0	0	0	0	0	0	0
59594	PRT	4	NA	0	0	0	0	0	0	0	0	0	0
59595	BEL	0	NA	0	0	0	0	0	0	0	0	0	0
59595	ITA	0	NA	0	0	0	0	0	0	0	0	0	0
59595	PRT	0	NA	0	0	0	0	0	0	0	0	0	0
59596	BEL	0	NA	0	0	0	0	0	0	0	0	0	0
59596	PRT	0	NA	0	0	0	0	0	0	0	0	0	0
59597	PRT	4.4	NA	0	0	0	0	0	0	0	0	0	0
59597	ROU	0	NA	0	0	0	0	0	0	0	0	0	0
59598	BEL	19	NA	0	0	0	0	0	0	0	0	0	0
59598	DEU	0	NA	0	0	0	0	0	0	0	0	0	0
59598	ESP	0	NA	0	0	0	0	0	0	0	0	0	0
59598	ITA	15	NA	0	0	0	0	0	0	0	0	0	0
59598	PRT	23	NA	0	0	0	0	0	0	0	0	0	0
59599	BEL	319.49	319.49	44.72	55.28	76.6	23.41	50	50	76.52	23.48	28.15	42.96
59599	BGR	34.19	34.19	61.07	38.93	0	0	100	0	0	0	0	72.21
59599	DEU	19.09	19.09	0	0	0	0	0	0	0	0	0	0
59599	ESP	132.05	132.05	52.99	47.01	57.83	42.17	39.42	60.58	88.45	11.54	24.62	39.12
59599	ITA	387.77	387.77	49.24	50.76	41.49	58.51	20.04	79.96	90.05	9.95	13.31	26.82
59599	NLD	21.57	21.57	0	0	100	0	0	0	0	0	0	51.46
59599	Other EU	62.05	62.05	43.08	56.92	0	0	78.98	21.02	51.8	48.2	35.84	36.84
59599	POL	48.56	48.56	71.36	28.64	0	0	0	0	0	0	0	59.62
59599	PRT	959.56	959.56	51.36	48.64	53.77	46.23	17.1	82.9	93.36	6.64	9.62	46.86
59599	ROU	117.89	117.89	43.57	56.43	0	0	0	0	87.23	12.77	12.64	48.43
59600	BEL	0	NA	0	0	0	0	0	0	0	0	0	0
59600	PRT	0	NA	0	0	0	0	0	0	0	0	0	0
59601	BEL	47.35	NA	0	0	0	0	0	0	0	0	0	0
59601	ITA	5.04	NA	0	0	0	0	0	0	0	0	0	0
59601	NLD	0	NA	0	0	0	0	0	0	0	0	0	0
59601	PRT	0	NA	0	0	0	0	0	0	0	0	0	0
59601	ROU	0	NA	0	0	0	0	0	0	0	0	0	0
59602	BEL	0	NA	0	0	0	0	0	0	0	0	0	0
59602	DEU	0	NA	0	0	0	0	0	0	0	0	0	0
59602	PRT	0	NA	0	0	0	0	0	0	0	0	0	0
59603	BEL	4.01	4.01	0	100	100	0	0	0	0	0	0	0
59603	DEU	0	NA	0	0	0	0	0	0	0	0	0	0
59603	ESP	0	NA	0	0	0	0	0	0	0	0	0	0
59603	ITA	17.59	17.59	45.08	54.92	28.71	71.29	0	0	0	0	0	0
59603	Other EU	0	NA	0	0	0	0	0	0	0	0	0	0
59603	POL	6	6	0	0	0	0	0	0	0	0	0	0
59603	PRT	0	NA	0	0	0	0	0	0	0	0	0	0
59604	BEL	0	NA	0	0	0	0	0	0	0	0	0	0
59604	ITA	4	NA	0	0	0	0	0	0	0	0	0	0
59604	POL	0	NA	0	0	0	0	0	0	0	0	0	0
59604	PRT	0	NA	0	0	0	0	0	0	0	0	0	0
59605	BEL	4.57	NA	0	0	0	0	0	0	0	0	0	0
59605	NLD	0	NA	0	0	0	0	0	0	0	0	0	0
59605	PRT	0	NA	0	0	0	0	0	0	0	0	0	0
59606	BEL	147.82	147.82	63.94	36.06	66.42	33.58	53.8	46.2	54.14	45.86	28.37	33.04
59606	BGR	16.09	16.09	0	0	100	0	100	0	0	0	0	0
59606	DEU	9.47	9.47	0	0	100	0	100	0	0	0	88.49	0
59606	ESP	36.03	36.03	35.69	64.31	0	0	0	0	51.04	48.96	52.73	0
59606	ITA	152.57	152.57	55.93	44.07	57.26	42.74	36.11	63.89	65.87	34.13	42.78	19.63
59606	NLD	0	NA	0	0	0	0	0	0	0	0	0	0
59606	Other EU	63.46	63.46	39.88	60.12	0	0	0	0	34.78	65.22	36.87	36.86
59606	POL	34.27	34.27	47.36	52.64	100	0	0	0	0	0	74.09	0
59606	PRT	58.98	58.98	56.87	43.13	56.78	43.22	24.64	75.36	80.98	19.02	25.52	18.31
59606	ROU	45.88	45.88	53.75	46.25	0	0	100	0	0	0	81.91	0
59607	PRT	0	NA	0	0	0	0	0	0	0	0	0	0
59608	BEL	0	NA	0	0	0	0	0	0	0	0	0	0
59608	ITA	0	NA	0	0	0	0	0	0	0	0	0	0
59609	BEL	6	NA	0	0	0	0	0	0	0	0	0	0
59609	ITA	0	NA	0	0	0	0	0	0	0	0	0	0
59609	PRT	0	NA	0	0	0	0	0	0	0	0	0	0
59610	BEL	0	NA	0	0	0	0	0	0	0	0	0	0
59610	DEU	0	NA	0	0	0	0	0	0	0	0	0	0
59610	ITA	0	NA	0	0	0	0	0	0	0	0	0	0
59611	BEL	4.21	NA	0	0	0	0	0	0	0	0	0	0
59611	DEU	0	NA	0	0	0	0	0	0	0	0	0	0
59611	ESP	0	NA	0	0	0	0	0	0	0	0	0	0
59611	ITA	4.15	NA	0	0	0	0	0	0	0	0	0	0
59611	Other EU	0	NA	0	0	0	0	0	0	0	0	0	0
59611	POL	0	NA	0	0	0	0	0	0	0	0	0	0
59611	PRT	5.34	NA	0	0	0	0	0	0	0	0	0	0
59612	BEL	0	NA	0	0	0	0	0	0	0	0	0	0
59612	ITA	0	NA	0	0	0	0	0	0	0	0	0	0
59613	BEL	26.02	NA	0	0	0	0	0	0	0	0	0	0
59613	ESP	0	NA	0	0	0	0	0	0	0	0	0	0
59613	ITA	5.01	NA	0	0	0	0	0	0	0	0	0	0
59613	PRT	8.01	NA	0	0	0	0	0	0	0	0	0	0
59614	BEL	0	NA	0	0	0	0	0	0	0	0	0	0
59614	ITA	0	NA	0	0	0	0	0	0	0	0	0	0
59614	POL	0	NA	0	0	0	0	0	0	0	0	0	0
59614	PRT	5.97	NA	0	0	0	0	0	0	0	0	0	0
59615	BEL	8	NA	0	0	0	0	0	0	0	0	0	0
59615	NLD	0	NA	0	0	0	0	0	0	0	0	0	0
59616	BEL	172.42	172.42	52.48	47.52	80.45	19.55	68.91	31.09	65.17	34.82	33.51	42.73
59616	ESP	0	NA	0	0	0	0	0	0	0	0	0	0
59616	ITA	105.37	105.37	64.1	35.9	20.47	79.53	13.96	86.03	90.74	9.26	0	18.64
59616	PRT	0	NA	0	0	0	0	0	0	0	0	0	0
59617	BEL	7.01	NA	0	0	0	0	0	0	0	0	0	0
59617	ITA	0	NA	0	0	0	0	0	0	0	0	0	0
59617	PRT	0	NA	0	0	0	0	0	0	0	0	0	0
59617	ROU	0	NA	0	0	0	0	0	0	0	0	0	0
59618	BEL	95	NA	0	0	0	0	0	0	0	0	0	0
59618	DEU	0	NA	0	0	0	0	0	0	0	0	0	0
59618	ESP	0	NA	0	0	0	0	0	0	0	0	0	0
59618	ITA	0	NA	0	0	0	0	0	0	0	0	0	0
59618	POL	0	NA	0	0	0	0	0	0	0	0	0	0
59619	BEL	6.02	NA	0	0	0	0	0	0	0	0	0	0
59619	DEU	0	NA	0	0	0	0	0	0	0	0	0	0
59619	ESP	0	NA	0	0	0	0	0	0	0	0	0	0
59619	ITA	0	NA	0	0	0	0	0	0	0	0	0	0
59619	ROU	0	NA	0	0	0	0	0	0	0	0	0	0
59620	ITA	0	NA	0	0	0	0	0	0	0	0	0	0
59622	ITA	0	NA	0	0	0	0	0	0	0	0	0	0
59622	POL	0	NA	0	0	0	0	0	0	0	0	0	0
59623	ESP	0	NA	0	0	0	0	0	0	0	0	0	0
59623	PRT	4.82	NA	0	0	0	0	0	0	0	0	0	0
59624	ESP	0	NA	0	0	0	0	0	0	0	0	0	0
59624	ITA	0	NA	0	0	0	0	0	0	0	0	0	0
59624	PRT	29.15	NA	0	0	0	0	0	0	0	0	0	0
59626	BEL	7.11	NA	0	0	0	0	0	0	0	0	0	0
59626	ESP	0	NA	0	0	0	0	0	0	0	0	0	0
59626	NLD	0	NA	0	0	0	0	0	0	0	0	0	0
59626	PRT	0	NA	0	0	0	0	0	0	0	0	0	0
59626	ROU	0	NA	0	0	0	0	0	0	0	0	0	0
59627	BEL	74.01	NA	0	0	0	0	0	0	0	0	0	0
59627	ITA	0	NA	0	0	0	0	0	0	0	0	0	0
59627	POL	0	NA	0	0	0	0	0	0	0	0	0	0
59628	BEL	0	NA	0	0	0	0	0	0	0	0	0	0
59629	BEL	0	NA	0	0	0	0	0	0	0	0	0	0
59629	ITA	6	NA	0	0	0	0	0	0	0	0	0	0
59630	BEL	0	NA	0	0	0	0	0	0	0	0	0	0
59630	ESP	0	NA	0	0	0	0	0	0	0	0	0	0
59630	ITA	7.76	NA	0	0	0	0	0	0	0	0	0	0
59630	PRT	0	NA	0	0	0	0	0	0	0	0	0	0
59631	BEL	0	NA	0	0	0	0	0	0	0	0	0	0
59631	DEU	0	NA	0	0	0	0	0	0	0	0	0	0
59631	ESP	0	NA	0	0	0	0	0	0	0	0	0	0
59631	POL	0	NA	0	0	0	0	0	0	0	0	0	0
59631	PRT	9.79	NA	0	0	0	0	0	0	0	0	0	0
59631	ROU	0	NA	0	0	0	0	0	0	0	0	0	0
59632	BEL	9.01	9.01	0	0	0	0	0	0	0	0	0	0
59632	ITA	40.18	40.18	52.49	47.51	17.45	82.55	9.93	90.07	0	0	0	0
59632	Other EU	0	NA	0	0	0	0	0	0	0	0	0	0
59632	POL	0	NA	0	0	0	0	0	0	0	0	0	0
59632	PRT	7.03	7.03	0	0	0	0	0	100	100	0	0	0
59633	BEL	38.6	NA	0	0	0	0	0	0	0	0	0	0
59633	PRT	0	NA	0	0	0	0	0	0	0	0	0	0
59635	ITA	0	NA	0	0	0	0	0	0	0	0	0	0
59635	PRT	0	NA	0	0	0	0	0	0	0	0	0	0
59636	BEL	32.46	32.46	72.46	27.54	64.14	35.86	58.23	41.81	48	52	0	0
59636	DEU	0	NA	0	0	0	0	0	0	0	0	0	0
59636	ESP	0	NA	0	0	0	0	0	0	0	0	0	0
59636	ITA	12.93	12.93	67.83	32.25	57.08	43	0	0	69.53	30.55	0	0
59636	NLD	6.8	6.8	0	0	0	100	0	0	0	0	0	0
59636	Other EU	0	NA	0	0	0	0	0	0	0	0	0	0
59636	POL	0	NA	0	0	0	0	0	0	0	0	0	0
59636	PRT	17.27	17.27	59.58	40.36	42.1	57.9	0	0	100	0	0	0
59636	ROU	0	NA	0	0	0	0	0	0	0	0	0	0
59637	BEL	0	NA	0	0	0	0	0	0	0	0	0	0
59637	ITA	0	NA	0	0	0	0	0	0	0	0	0	0
59637	NLD	0	NA	0	0	0	0	0	0	0	0	0	0
59637	POL	4.1	NA	0	0	0	0	0	0	0	0	0	0
59637	PRT	4.1	NA	0	0	0	0	0	0	0	0	0	0
59638	BEL	12.78	NA	0	0	0	0	0	0	0	0	0	0
59638	ITA	0	NA	0	0	0	0	0	0	0	0	0	0
59638	PRT	4.96	NA	0	0	0	0	0	0	0	0	0	0
59639	BEL	18.93	NA	0	0	0	0	0	0	0	0	0	0
59639	DEU	0	NA	0	0	0	0	0	0	0	0	0	0
59639	ESP	0	NA	0	0	0	0	0	0	0	0	0	0
59640	BEL	14.33	NA	0	0	0	0	0	0	0	0	0	0
59641	BEL	5	NA	0	0	0	0	0	0	0	0	0	0
59641	NLD	0	NA	0	0	0	0	0	0	0	0	0	0
59642	DEU	0	NA	0	0	0	0	0	0	0	0	0	0
59642	ITA	0	NA	0	0	0	0	0	0	0	0	0	0
59643	BEL	8.07	NA	0	0	0	0	0	0	0	0	0	0
59645	BEL	0	NA	0	0	0	0	0	0	0	0	0	0
59646	BEL	26.15	26.15	43.37	56.63	0	0	0	0	52.96	47.04	43.37	0
59646	DEU	17.74	17.74	0	0	100	0	0	0	0	0	76.44	0
59646	ESP	0	NA	0	0	0	0	0	0	0	0	0	0
59646	ITA	42.4	42.4	63.68	36.32	43.89	56.11	29.15	70.87	0	0	0	35.42
59646	NLD	10.34	10.34	0	0	0	0	0	0	0	0	0	0
59646	Other EU	0	NA	0	0	0	0	0	0	0	0	0	0
59646	POL	16.66	16.66	0	0	100	0	100	0	0	0	0	78.27
59646	PRT	86.25	86.25	42.94	57.06	0	0	33.02	66.98	0	0	33.44	44.86
59646	ROU	14.68	14.68	0	0	100	0	100	0	0	0	0	87.47
59647	Other EU	0	NA	0	0	0	0	0	0	0	0	0	0
59648	BEL	11.39	11.39	0	0	100	0	0	0	0	0	0	0
59648	DEU	27.03	27.03	0	0	0	0	0	0	0	100	0	0
59648	ESP	18.49	18.49	0	0	100	0	0	0	0	0	0	0
59648	ITA	9.47	9.47	100	0	0	0	0	0	100	0	0	0
59648	NLD	21.83	21.83	0	0	100	0	0	0	100	0	0	0
59648	Other EU	0	NA	0	0	0	0	0	0	0	0	0	0
59648	POL	0	NA	0	0	0	0	0	0	0	0	0	0
59648	PRT	10.27	10.27	0	0	0	0	0	0	100	0	0	0
59648	ROU	14.17	14.17	0	0	100	0	100	0	0	0	70.64	0
59649	BEL	0	NA	0	0	0	0	0	0	0	0	0	0
59649	PRT	0	NA	0	0	0	0	0	0	0	0	0	0
59650	BEL	286.85	286.85	36.64	63.36	75.62	24.38	51.63	48.37	86.05	13.95	17.52	57.17
59650	DEU	0	NA	0	0	0	0	0	0	0	0	0	0
59650	ESP	78.22	78.22	52.14	47.86	20.15	79.85	0	0	0	0	0	16.02
59650	ITA	301.2	301.2	55.94	44.06	38.01	61.99	4.56	95.44	92.93	7.07	14.22	25.42
59650	Other EU	15.98	15.98	0	0	0	0	0	0	0	0	0	64.83
59650	POL	48.92	48.92	52.72	47.28	68.87	31.15	33.91	66.11	79.62	20.38	25.78	42.89
59650	PRT	427.32	427.32	53.1	46.9	52.15	47.85	7.66	92.34	97.27	2.73	13.37	46.5
59651	BEL	0	NA	0	0	0	0	0	0	0	0	0	0
59651	ITA	7	NA	0	0	0	0	0	0	0	0	0	0
59651	PRT	0	NA	0	0	0	0	0	0	0	0	0	0
59651	ROU	0	NA	0	0	0	0	0	0	0	0	0	0
59653	BEL	10.93	10.93	45.47	54.53	0	0	0	0	0	0	0	0
59653	BGR	0	NA	0	0	0	0	0	0	0	0	0	0
59653	DEU	0	NA	0	0	0	0	0	0	0	0	0	0
59653	ESP	0	NA	0	0	0	0	0	0	0	0	0	0
59653	ITA	5	5	0	0	0	0	0	100	100	0	0	0
59653	PRT	10.98	10.98	45.36	54.64	36.25	63.75	0	0	0	0	0	0
59654	BEL	5.95	5.95	0	0	0	0	0	0	0	0	0	0
59654	ESP	3.91	3.91	0	0	100	0	100	0	0	0	0	0
59654	ITA	25.2	25.2	55.87	44.13	0	0	0	0	0	0	0	0
59654	POL	4.04	4.04	0	0	0	100	0	100	100	0	0	0
59654	PRT	3.97	3.97	0	0	0	0	0	100	100	0	0	0
59654	ROU	4.92	4.92	0	0	0	0	100	0	100	0	0	0
59655	BEL	0	NA	0	0	0	0	0	0	0	0	0	0
59656	BEL	40	40	35	65	67.5	32.5	32.5	67.5	75	25	0	0
59656	ESP	40	40	35	65	50	50	10	90	90	10	0	0
59656	ITA	6	6	0	0	0	0	0	0	0	0	0	0
59656	NLD	0	NA	0	0	0	0	0	0	0	0	0	0
59656	POL	0	NA	0	0	0	0	0	0	0	0	0	0
59656	PRT	160	160	54.38	45.62	45.62	54.38	8.12	91.88	95	5	0	28.12
59657	PRT	0	NA	0	0	0	0	0	0	0	0	0	0
59658	BEL	0	NA	0	0	0	0	0	0	0	0	0	0
59658	ESP	0	NA	0	0	0	0	0	0	0	0	0	0
59658	PRT	0	NA	0	0	0	0	0	0	0	0	0	0
59659	BEL	7.96	NA	0	0	0	0	0	0	0	0	0	0
59659	DEU	0	NA	0	0	0	0	0	0	0	0	0	0
59659	PRT	0	NA	0	0	0	0	0	0	0	0	0	0
59660	BEL	10.85	NA	0	0	0	0	0	0	0	0	0	0
59660	DEU	0	NA	0	0	0	0	0	0	0	0	0	0
59660	ITA	0	NA	0	0	0	0	0	0	0	0	0	0
59660	NLD	0	NA	0	0	0	0	0	0	0	0	0	0
59660	Other EU	4.02	NA	0	0	0	0	0	0	0	0	0	0
59660	PRT	13.59	NA	0	0	0	0	0	0	0	0	0	0
59660	ROU	0	NA	0	0	0	0	0	0	0	0	0	0
59661	BEL	5.87	NA	0	0	0	0	0	0	0	0	0	0
59662	BEL	7.02	NA	0	0	0	0	0	0	0	0	0	0
59662	ITA	0	NA	0	0	0	0	0	0	0	0	0	0
59663	BEL	9.13	9.13	0	0	0	0	0	0	0	0	0	0
59663	ESP	0	NA	0	0	0	0	0	0	0	0	0	0
59663	ITA	0	NA	0	0	0	0	0	0	0	0	0	0
59663	NLD	0	NA	0	0	0	0	0	0	0	0	0	0
59663	PRT	0	NA	0	0	0	0	0	0	0	0	0	0
59663	ROU	0	NA	0	0	0	0	0	0	0	0	0	0
59664	ESP	0	NA	0	0	0	0	0	0	0	0	0	0
59666	BEL	5	NA	0	0	0	0	0	0	0	0	0	0
59666	ESP	0	NA	0	0	0	0	0	0	0	0	0	0
59668	BEL	11.1	NA	0	0	0	0	0	0	0	0	0	0
59668	DEU	0	NA	0	0	0	0	0	0	0	0	0	0
59668	PRT	0	NA	0	0	0	0	0	0	0	0	0	0
59670	BEL	4	NA	0	0	0	0	0	0	0	0	0	0
59670	ESP	0	NA	0	0	0	0	0	0	0	0	0	0
59670	ITA	0	NA	0	0	0	0	0	0	0	0	0	0
59670	Other EU	0	NA	0	0	0	0	0	0	0	0	0	0
59670	PRT	0	NA	0	0	0	0	0	0	0	0	0	0
