code	natl	pop20	dens20	sex_m20	sex_f20	age15_20	age60_20	res19_20	res20_20	edu_lo20	edu_hi20	occ_else20	occ_empl20
59008	PRT	11.0114003202626	0.10749121755361557	8.20049168658304	2	11.0114003202626	0	2	8.40540284789178	8.20049168658304	2	2	2
59008	ITA	36.7909912339635	0.35914674401283264	22.7152413650992	14.0757498688643	6.26423720389366	30.5267540300698	2	30.4042775960138	31.297052510493	2	0	2
59008	BEL	18.9992513503444	0.18546712398529053	10.5684200086508	8.43083134169358	13.7832166205239	2	10.8669598216615	8.13229152868291	8.3235886171657	10.6756627331787	8.16329391250983	2
59009	NLD	42.0442223780157	0.0663074404001236	11.7120287363472	30.3321936416684	36.8899277446343	2	7.60395325403669	31.5665500468209	5.57176788261145	36.4724544954042	23.1863009006505	7.33393055011163
59009	ESP	103.416021472985	0.16309617459774017	61.6354445286546	41.7805769443302	65.0683285114143	38.3476929615705	62.7873911801109	37.7848367358148	77.7035469450572	25.7124745279276	29.1991740207943	23.8464344729632
59009	PRT	147.581877806166	0.23274961113929749	73.3597034296023	74.2221743765639	108.785540319083	38.7963374870836	63.762162985248	82.7537137134336	121.030338743578	26.5515390625883	15.8338531488342	81.2828767810077
59009	ITA	111.919936303352	0.1765075922012329	49.7317372147323	62.1881990886201	90.7967530179456	21.1231832854067	70.1192875931364	32.3577926795423	67.498482663234	44.4214536401184	18.0389184944069	41.0398071406955
59009	BEL	99.4471533175953	0.15683692693710327	36.1118157884596	63.3353375291357	60.9858352935555	38.4613180240398	33.5617910616411	59.0694129556981	48.4088021970732	51.0383511205221	48.5542049596423	25.8940730728224
59009	DEU	32.4734887229168	0.05121355131268501	14.2366527824909	18.2368359404259	30.4471833751311	2	21.9547996800623	8.49238369506875	17.3542441991484	15.1192445237684	2	8.13839090847391
59009	BGR	5.08542820716749	0.008020168170332909	0	5.08542820716749	5.08542820716749	0	5.08542820716749	0	2	2	0	2
59009	ROU	103.3825128997	0.1630433201789856	41.5995074500827	61.7830054496177	99.6356696761288	3.74684322357163	59.3827396334947	0	64.5366857414962	38.8458271582042	29.1982784502251	15.6399782126667
59009	POL	24.9107899048341	0.03928650915622711	2.39947827682553	22.5113116280086	13.5949087591374	11.3158811456967	21.1201285951735	2	6.50353031744411	18.40725958739	2.96509584961081	2
59011	ITA	15.203138085276	0.14579150080680847	9.32344350740075	5.87969457787523	8.19868713715307	7.00445094812291	7.2129915136874	7.99014657158859	13.1398608377081	2	0	2
59011	PRT	20.5356287302527	0.19692778587341309	10.0712105236941	10.4644182065586	17.3157652312564	3.21986349899627	2	18.6408813624065	17.0104178480683	3.52521088218439	2	2
59011	DEU	3.09419948179315	0.029672034084796906	2	2	2	2	2	2	3.09419948179315	0	0	2
59011	BEL	15.6465990778187	0.15004409849643707	12.5960020098943	3.05059706792443	9.62439009383504	6.02220898398366	4.6504299219573	10.9961691558614	10.5024727355136	5.1441263423051	0	0
59011	ESP	4.09791102785111	0.0392971895635128	3.03464361350906	2	4.09791102785111	0	3.03464361350906	2	2	2	2	0
59014	ITA	32.1590895592674	0.24170680344104767	23.1521407679667	9.00694879130069	11.2491554430181	20.9099341162493	2	24.9548463821182	25.866047317952	6.29304224131537	2	5.95611950482799
59014	BEL	14.2001152675304	0.10672765970230103	8.39325972731733	2	8.00998676902046	2	2	8.83076445384379	8.83076445384379	2	2	2
59014	PRT	8.28091953688502	0.0622391514480114	2	2	8.28091953688502	0	8.28091953688502	0	8.28091953688502	0	0	8.28091953688502
59014	ESP	2	0.015031942166388035	2	0	0	2	0	2	2	0	0	0
59017	BEL	68.3302313806087	0.27461710572242737	38.3236455003397	30.006585880269	45.3403200017771	22.9899113788316	36.9166085864059	19.7024841736738	47.7826514405681	20.5475799400406	16.4183375715155	28.1589702832818
59017	PRT	124.36729556676	0.49982839822769165	64.9933908629418	59.3739047038185	46.7289147251186	77.6383808416417	9.7036528354658	102.346605894099	116.268656115161	8.09863945159905	2	38.0756689892642
59017	ITA	22.7085820670531	0.09126510471105576	14.8278443655637	7.88073770148935	14.7352808723267	7.97330119472633	14.7352808723267	2	19.1304174964039	2	2	8.16091901826961
59017	ESP	25.2035150169213	0.10129215568304062	10.8111680132407	14.3923470036806	16.1706832834926	9.03283173342872	2	17.2075484591793	19.499114071891	2	11.2353561149923	2
59017	DEU	2	0.008037938736379147	2	0	2	0	2	0	0	2	2	0
59028	ESP	10	0.13747593760490417	6	4	7	3	5	4	9	2	0	0
59028	BEL	7	0.09623315930366516	4	3	4	3	4	3	5	2	0	0
59028	POL	10	0.13747593760490417	4	6	2	9	0	8	10	0	0	0
59028	ITA	8	0.1099807545542717	4	4	2	6	0	5	8	0	0	0
59032	BEL	8.06605211787378	0.10987675189971924	4.03302605893707	4.03302605893671	7.05779560313958	2	7.05779560313958	2	2	6.04953908840539	0	0
59032	ESP	5.04128257367091	0.06867296993732452	3.02476954420245	2	3.02476954420259	2	2	4.03302605893678	2	3.02476954420259	0	0
59032	NLD	2	0.027244243770837784	2	0	2	0	0	2	0	2	2	0
59032	ITA	11.424170065144	0.15562143921852112	6.38288749147292	5.04128257367112	7.05779560313958	4.36637446200445	3.02476954420245	7.0577956031398	5.37463097673886	6.04953908840518	2	0
59032	PRT	7.05779560313966	0.09614215046167374	2	5.04128257367105	2	6.04953908840525	0	5.0412825736714	7.05779560313966	0	0	0
59032	DEU	3.01002199547407	0.04100288823246956	2	2	2	2	2	2	3.01002199547407	0	0	0
59033	PRT	12.007657868858301	0.13628029823303223	5.98830910276837	6.01934876608988	5.98221496449406	6.0254429043642	2	9.01032284653678	12.007657868858301	0	2	0
59033	ITA	10.1000161718546	0.11462962627410889	5.05933926327997	5.04067690857464	5.0531697017834	5.04684647007121	4.05000838681963	6.05000778503498	8.06878479061737	2	15.2030033762574	0
59033	BEL	23.0203809473171	0.26126864552497864	14.0225492472751	8.99783170004193	18.9828653537062	4.03751559361087	13.9827126871438	7.01268327554042	19.0508104325772	3.96957051473988	2	2
59033	DEU	2	0.02269889973104	2	0	0	2	0	2	2	0	0	0
59033	POL	9.02860479604477	0.10246969759464264	4.00651364334923	5.02209115269553	9.02860479604477	0	7.01607418706676	2	7.02228216611724	2	15.1407314979832	0
59043	NLD	9.46138653735853	0.06406247615814209	2	2	9.46138653735853	0	2	2	0	9.46138653735853	9.46138653735853	0
59043	BEL	49.391387594112	0.33442607522010803	17.6113340174396	31.7800535766724	40.0416743968563	9.34971319725569	16.4155349188066	24.8464551953681	33.1387065604649	16.252681033647	21.5718139520075	15.2787298321213
59043	ITA	2	0.013541878201067448	2	0	0	2	0	2	2	0	0	0
59043	PRT	8.37182442481633	0.05668511241674423	8.37182442481633	0	8.37182442481633	0	0	2	8.37182442481633	0	2	0
59043	DEU	2	0.013541878201067448	2	0	0	2	0	2	2	0	0	2
59051	ITA	5.12030706305235	0.079979807138443	3.06594669559616	2	3.03939366002513	2	2	3.15024047791447	5.12030706305235	0	0	0
59051	BEL	7.21464465518376	0.11269360780715942	3.12137010454083	4.0932745506429304	4.13373589340737	3.08090876177639	4.13373589340737	2	5.13373125215654	2	0	0
59051	ROU	2	0.03124023787677288	0	2	2	0	2	0	0	2	0	0
59052	ITA	9.06425463386357	0.1749856173992157	7.0532285365591	2	3.00231042318614	6.06194421067743	0	8.04430862582933	9.06425463386357	0	0	2
59052	BEL	7.9747673177516	0.15395303070545197	2	5.94930826106513	6.95482130971736	2	3.97956737281576	3.99519994493584	5.02817506300258	2.94659225474903	2	0
59052	PRT	2	0.03861003741621971	2	2	2	2	0	2	2	0	0	0
59052	DEU	2	0.03861003741621971	0	2	2	0	2	0	2	0	0	0
59079	ESP	5.01339106761364	0.07438265532255173	3.00752781493442	2	0	5.01339106761364	0	2	5.01339106761364	0	0	0
59079	ITA	13.011560318963	0.1930498480796814	8.000696984563	5.01086333439997	2	11.0183293696727	2	11.0107589276662	12.0124234899214	2	0	0
59079	ROU	2	0.029673591256141663	0	2	2	0	2	0	2	0	0	0
59079	BGR	2	0.029673591256141663	0	2	2	0	2	0	2	0	0	0
59079	PRT	6.97886149055356	0.10354394465684891	3.97892327021526	2.99993822033829	5.97719692829835	2	2	5.97972466151201	6.97886149055356	0	0	2
59079	BEL	6.99905787322884	0.10384358465671539	4.0016027825935	2.99745509063534	2.99745509063534	4.0016027825935	2	3.00752781493442	4.00413051580716	2.99492735742168	2	0
59090	BEL	69.4183151774772	0.6871059536933899	27.1540202567728	42.2642949207043	41.4059995366496	28.0123156408276	26.3521383976654	35.1461648806115	35.8176782114485	33.6006369660287	19.1549915816015	2
59090	NLD	5.81560129209802	0.05756311118602753	2	3.77837335188833	4.76510356614641	2	3.71460584019481	2	2	3.89453086030709	2	0
59090	DEU	7.11778335748392	0.07045217603445053	2	6.06728563153232	6.06728563153232	2	2	5.3203771215217	2	6.19094982736102	2	0
59090	ITA	9.6794079813602	0.0958072692155838	6.52379382343523	3.15561415792497	4.76510356614641	4.91430441521379	2	6.70371884354751	6.77160733531119	2.90780064604901	2	0
59090	PRT	19.341150998742	0.1914396733045578	9.08325197837159	10.2578990203704	10.0142064885646	9.32694451017739	2	15.3828526267414	15.5702843342637	3.77086666447839	2	2
59090	ESP	3.95829837200061	0.03917943686246872	2	2	2	2	2	3.08772566616129	3.08772566616129	2	0	0
59094	PRT	10.166946632963	0.14325696229934692	8.11698308649578	2	7.12147972581776	3.04546690714521	5.10697316047161	4.04097026782322	10.166946632963	0	0	0
59094	BEL	2.9911699171452	0.0421469621360302	2	2	2	2	2	2	2	2	0	0
59094	ITA	4.99851944979236	0.07043144106864929	2.99846402099242	2	2	3.01905863346808	2	3.00298837471437	4.99851944979236	0	0	0
59112	ITA	78.7651595530512	0.687965452671051	33.0617405065187	45.7034190465325	8.50449326209164	70.2606662909596	2	53.9574866129946	73.6995487337841	2	2	5.88267353679866
59112	BEL	36.8551037868097	0.3219067454338074	15.1628973970523	21.6922063897574	30.8657197694876	5.98938401732215	7.58523327678237	20.587594352892	26.5770596001817	10.278044186628	12.7426443081007	15.3017864496042
59112	ESP	8.46650369869634	0.07394972443580627	2	2	5.93331563746736	2	2	2	2	2	2	2
59112	PRT	8.08613399856772	0.07062742114067078	4.64238496311986	2	2	4.61857040727998	0	6.11933787311047	8.08613399856772	0	2	2
59122	PRT	270.131235797051	0.8296923637390137	122.767299135893	147.363936661158	93.093654092231	177.03758170482	12.7204738453055	216.670964993808	263.448322217109	6.68291357994245	17.1421644555275	75.7565022011194
59122	ESP	60.5240447648495	0.18589606881141663	35.1491229946257	25.3749217702238	35.6363666048808	24.8876781599687	23.8682196858284	29.9817032937329	46.6198452954342	13.9041994694153	19.0020363483656	2
59122	BEL	23.6916996007355	0.07276767492294312	13.31058709577	10.3811125049655	22.6917024490492	2	2	10.0422270346657	18.4401065361522	2	7.88668265314393	8.86693101348222
59122	ITA	16.0639811589153	0.04933958500623703	12.3411265344909	2	6.59252508486502	9.47145607405024	2	12.5158904280244	12.5158904280244	2	2	2
59122	POL	39.857730172386	0.12242069840431213	16.7533367119658	23.1043934604202	37.3306236784466	2	31.9496406954565	2	26.7587271320798	13.0990030403063	10.2011193878117	16.8511397683788
59122	DEU	12.0977218801624	0.03715744987130165	2	5.56840400999315	9.14286325290477	2	9.14286325290477	2	2	10.1037771130809	2	0
59122	NLD	6.41179683290062	0.019693460315465927	0	6.41179683290062	6.41179683290062	0	2	2	2	2	2	0
59131	ITA	6	0.0759589821100235	4	2	2	5	2	4	5	2	0	0
59131	BEL	8	0.1012786403298378	2	7	5	3	3	3	7	2	2	0
59131	NLD	2	0.02531966008245945	0	2	2	0	0	2	0	2	2	0
59131	ESP	3	0.03797949105501175	2	2	2	2	2	2	2	2	0	0
59136	BEL	6.06706371092872	0.08750993013381958	3.03822233042777	3.02884138050095	6.06706371092872	0	5.05107104824062	2	5.05107104824062	2	0	0
59136	PRT	13.2578188242322	0.1912277340888977	8.11856306744047	5.13925575679171	3.018804689902	10.2390141343302	0	11.2061330176996	12.2515818191806	2	2	0
59139	PRT	31.5410273799069	0.21616770327091217	15.9909313451577	15.5500960347491	6.24190649138051	25.2991208885264	0	28.5601703192181	28.9652052692967	2	9.1734449120387	0
59139	POL	2	0.013707078993320465	2	2	2	2	0	2	2	2	2	0
59139	BEL	37.9639143705499	0.26018720865249634	21.7965490671926	16.1673653033573	26.8938390749921	11.0700752955577	24.2940219816854	10.8537309713965	18.9854104889413	18.9785038816086	13.5047591731987	0
59139	ITA	2	0.013707078993320465	0	2	2	2	0	2	2	0	0	2
59139	DEU	2	0.013707078993320465	2	2	2	2	0	2	2	2	2	0
59139	ESP	2	0.013707078993320465	2	2	0	2	0	2	2	0	0	0
59139	ROU	2	0.013707078993320465	2	2	2	0	2	0	2	0	2	0
59143	PRT	16.4695502589583	0.191729336977005	6.19139924248414	10.2781510164741	6.95442202975579	9.51512822920247	0	12.3055693620906	16.4695502589583	0	0	2
59143	ESP	6.03839236913583	0.07029560208320618	3.07471269703245	2.96367967210338	5.05049914510137	2	2	4.97602612364944	4.97602612364944	2	2	0
59143	ITA	8.24156035409562	0.09594365954399109	7.17919410860923	2	3.03945742257402	5.20210293152159	0	8.24156035409562	7.28892240451958	2	0	0
59143	BEL	18.0973214534058	0.21067894995212555	10.8801159689124	7.21720548449339	13.0049468177945	5.09237463561124	9.63214531913563	6.33904055636928	10.988539535804	7.10878191760175	2	19.974257367879
59143	NLD	2	0.023282887414097786	0	2	2	0	0	2	0	2	0	0
59152	PRT	136.96042362227	1.1082733869552612	73.6017434106903	63.3586802115801	91.6620787873297	45.2983448349407	2	125.459454548971	136.96042362227	0	12.0165755333259	78.9224251625209
59152	ITA	34.2504127162592	0.27715176343917847	21.3375115841349	12.9129011321243	2	31.798018220486	0	34.2504127162592	34.2504127162592	0	2	2
59152	ESP	108.477998359823	0.8777957558631897	67.1539385962736	41.3240597635496	37.3953996186612	71.082598741162	0	95.6285328511298	104.671822663021	2	2	37.1817151425261
59152	BEL	138.17139320032	1.118072509765625	46.0388388915283	92.1325543087919	92.2407067396886	45.9306864606316	52.4407914751668	76.3490076331899	93.8521626603033	44.3192305400169	29.1587039793988	46.424376650189
59153	ITA	124.845332127465	1.2873306274414062	68.5265818902601	56.318750237205	33.2652418177317	91.5800903097334	6.04822578504214	102.764148304233	116.781031080742	8.06430104672285	25.2009407710085	2
59153	BEL	175.398547766223	1.8086053133010864	89.715349144793	85.6831986214305	121.972553331683	53.4259944345402	102.819838345717	59.4742202195816	129.028816747567	46.3697310186564	50.4018815420187	70.5626341588263
59153	ROU	8.06430104672243	0.08315426856279373	5.04018815420148	3.02411289252095	8.06430104672243	0	7.05626341588213	0	8.06430104672243	0	0	2
59153	NLD	2	0.02062280848622322	0	2	2	0	2	0	0	2	0	0
59153	PRT	15.1205644626055	0.15591426193714142	10.0803763084037	5.04018815420184	8.06430104672288	7.05626341588261	2	11.0884139392441	14.1125268317651	2	2	0
59153	ESP	3.95648347499056	0.040796902030706406	2	2.94844584415024	2	2.94844584415024	0	2.96842285103526	3.95648347499056	0	0	0
59153	DEU	2	0.02062280848622322	2	0	0	2	0	2	2	0	0	0
59155	BEL	17.6442591351528	0.08348754793405533	2	13.8732593565715	11.1191434952989	6.52511563985388	11.1191434952989	6.52511563985388	15.0019426371676	2	0	13.7094589180937
59155	NLD	2	0.009463423863053322	0	2	2	0	2	0	2	0	0	2
59155	ITA	24.725232181939	0.11699267476797104	22.903920420624	2	2	19.9881000372835	0	22.1514380693695	24.725232181939	0	2	2
59155	PRT	19.0491789513968	0.09013522416353226	12.2704228288665	6.77875612253028	11.5329925273529	7.51618642404392	8.76198367440759	7.51618642404392	19.0491789513968	0	0	8.97969122550028
59155	ESP	21.9760593381054	0.10398437827825546	14.4801982889064	7.49586104919896	12.7081581753837	9.26790116272165	7.89465053784951	14.0814088002559	19.3210839698307	2	10.0883205905964	0
59163	PRT	199.92274824551	0.9501579999923706	110.804030337283	89.1187179082279	69.4084512036506	130.51429704186	7.12312172546647	171.15230317442	187.373783141985	12.5489651035252	20.4831881077191	57.7207915441576
59163	ITA	76.3760316834263	0.36298668384552	55.6986832209846	20.6773484624417	40.7257290004032	35.6503026830231	13.7753850766025	59.6890695575547	62.784098669431	13.5919330139953	12.1244188691635	31.1646831533984
59163	ESP	19.4440195436576	0.092410147190094	14.4953444429565	4.94867510070111	6.97593145683051	12.468088086827	2	14.5593271539744	18.4554047282542	2	2	8.75690376407406
59163	BEL	43.6468444289588	0.20743711292743683	24.2371472370813	19.4096971918774	29.5892733057594	14.0575711231993	25.70046908585	14.7691304639931	28.4626631975096	15.1841812314492	12.1385156357111	17.2906311573971
59163	POL	32.2389781913637	0.1532198041677475	19.8754654307251	12.3635127606386	26.7902976318476	2	19.125324967255	13.1136532241087	25.4899499076301	2	2	22.2138445520091
59163	ROU	16.2285380881715	0.07712817192077637	2	14.2074845496801	16.2285380881715	0	8.65874625071853	7.56979183745301	3.02106160563583	13.2074764825357	6.59082117451144	2
59163	DEU	2	0.009505251422524452	2	0	2	2	2	0	0	2	0	2
59165	PRT	3.03084521501579	0.04709938168525696	2	2	0	3.03084521501579	0	3.03084521501579	3.03084521501579	0	0	0
59165	BEL	7.0009468141905	0.10879482328891754	5.9906650758519	2	6.02634098142149	2	2.97717103611386	4.02377577807664	2.9951693094462	4.00577750474429	2	0
59165	DEU	2	0.031080029904842377	2	0	0	2	0	2	0	2	0	0
59165	ESP	4.9797362394587	0.07738517224788666	3.96945450112011	2	2.95917276278151	2	0	4.9797362394587	3.98745277445245	2	0	0
59165	ITA	2.97717103611386	0.04626528546214104	2.97717103611386	0	2	2	0	2.97717103611386	2.97717103611386	0	2	0
59170	BEL	2.99840923312527	0.0563187301158905	2	2	2	2	2	2	2.99840923312527	0	0	2
59170	PRT	2	0.03756574168801308	0	2	2	0	0	2	2	0	0	0
59170	ITA	24.0375008387945	0.4514932632446289	9.02034118627196	15.0171596525226	4.00066936493316	20.0368314738614	0	14.0316418453121	23.0436118692853	2	2	0
59172	ITA	99.1098278733555	0.4999234676361084	48.9813405489549	50.1284873244005	39.7922929494642	59.3175349238913	14.6297119471886	60.9448963788029	96.0293732246714	2	0	27.7240920853593
59172	BEL	16.840019515567	0.08494335412979126	2	10.8175359220493	2	14.7680218762163	2	9.23212439760461	16.840019515567	0	0	0
59172	ESP	17.0308942616525	0.08590614795684814	14.3095079751845	2	10.7455025401222	2	7.97755380081633	2	14.2699790581999	2	2	6.90554800973773
59172	PRT	43.6111914891578	0.21998079121112823	28.507063924054	15.1041275651038	10.1030026404731	33.5081888486847	2	24.0897421635903	39.7138077320784	2	2	2
59178	BEL	79.5049652419665	0.20026439428329468	49.9831152003587	29.5218500416077	57.8721533807451	21.6328118612214	38.620180834142	25.6469738807932	44.3726910519732	35.132274189993304	26.5387802184027	27.2202042537075
59178	ESP	18.7492040109651	0.04722721502184868	9.41658637536705	9.33261763559802	7.87101678815045	10.8781872228146	2	11.9685991804273	13.1589402266566	5.5902637843085	2	2
59178	POL	8.21220472618781	0.020685654133558273	2	2	8.21220472618781	0	2	2	8.21220472618781	0	2	2
59178	ITA	54.5431077524848	0.1373881846666336	34.6025398668548	19.94056788563	36.7675803543512	17.7755273981335	27.6818900583892	21.497074158396	43.3576966449762	11.1854111075085	11.2468316644099	14.255273348479
59178	NLD	6.81167987927381	0.017157884314656258	2	2	6.81167987927381	0	2	0	2	2	2	2
59178	PRT	22.4547753675288	0.056561145931482315	13.8385924820517	8.61618288547706	11.1426154547578	11.312159912771	2	8.41860714729359	14.0361682202352	8.41860714729359	2	8.58979702060051
59178	DEU	2	0.005037783179432154	2	2	2	0	2	2	2	2	2	0
59179	ITA	37.8354241428946	0.35835787653923035	26.474109615791	11.3613145271037	2	32.3285031432745	2	23.7033500263446	37.8354241428946	0	2	0
59179	BEL	10.5743549634057	0.10015490651130676	2	2	7.64108808252262	2	7.64108808252262	2	10.5743549634057	0	0	2
59179	PRT	27.5521732835189	0.2609601616859436	13.7073881784887	13.8447851050302	13.6724035798143	13.8797697037045	0	24.8957075879506	27.5521732835189	0	2	11.0159378842461
59179	ESP	2	0.018942981958389282	2	2	0	2	0	2	2	0	0	0
59179	DEU	2	0.018942981958389282	2	0	0	2	0	0	2	0	0	0
59183	BEL	155.574588036725	0.17809873819351196	69.8092686957516	85.7653193409738	105.83922326177	49.7353647749552	62.3654920295715	67.469808785725	96.1937254248226	59.3808626119028	53.6758608678744	37.1231519773713
59183	ITA	139.528168494106	0.15972910821437836	82.9273284364139	56.6008400576919	56.511706020739	83.0164624733669	36.9995115883273	80.9154977734047	111.793428951912	27.7347395421934	21.2059893904575	35.1336722114411
59183	PRT	74.4044767932975	0.08517678081989288	47.1729468582342	27.2315299350634	44.4067967330234	29.9976800602741	15.5395660816435	49.9479674997277	66.569389903859	7.83508688943856	12.4603624780432	28.2098848196826
59183	ROU	165.888677268468	0.18990610539913177	71.6599687204701	94.2287085479982	160.023783994724	2	124.550238222524	7.26417688882478	134.906659303457	30.982017965011	33.2288610318318	37.915825902171
59183	DEU	22.6701347253581	0.025952324271202087	14.8367394653033	7.83339526005479	16.9402962649319	2	22.6701347253581	0	0	22.6701347253581	13.7231578306675	2
59183	ESP	73.2941891066108	0.08390574902296066	39.7226051194877	33.571583987123	61.5777001824216	11.7164889241891	59.0234396771052	13.2707536559402	53.0954543569047	20.198734749706	25.0516680589205	17.069964337221
59183	NLD	22.1180565545285	0.02532031759619713	17.2061200926838	2	19.2384324303834	2	2	15.857883058148	6.2601734963805296	15.857883058148	2	7.97585108110493
59183	POL	24.1691351317866	0.02766835130751133	14.2252250278402	9.94391010394641	22.1691435846558	2	21.1524818234752	0	17.1438172255041	7.02531790628252	6.63865697024968	15.5304866144061
59202	PRT	17.5087111221237	0.33944767713546753	11.3412331855131	6.16747793661064	10.2588532272842	7.24985789483953	2	15.4529162910898	17.5087111221237	0	2	2
59202	BEL	15.5024593052043	0.30055174231529236	7.26922223107094	8.23323707413333	10.3087754608123	5.19368384439194	6.16776190031807	8.29199323967461	13.4270170934672	2	0	2
59205	ESP	11.1268012139258	0.11567523330450058	4.04384524035468	7.08295597357116	2	9.10679345095822	0	9.10392139182633	11.1268012139258	0	0	2
59205	ITA	99.9317293824927	1.0388994216918945	53.5671103228959	46.3646190595969	16.1572081612079	83.7745212212849	5.04476815310875	81.8989179080303	95.8850111754161	4.04671820707663	0	2
59205	PRT	8.08673282628114	0.08407041430473328	7.07625057051892	2	3.03240532930492	5.05432749697622	0	6.06480884514838	7.07625057051892	2	0	0
59205	BEL	10.5311637665248	0.10948294401168823	6.06385391091235	4.4673098556124	8.08290311100237	2	6.0609809441904	2	10.5311637665248	0	0	0
59212	BEL	15.9291991839887	0.24971309304237366	10.9621879541602	4.96701122982851	12.9142291975543	3.01496998643442	10.9274247056228	2	11.9555902001258	3.97360898386285	2	0
59212	PRT	21.8548494112458	0.34260618686676025	11.9208269515886	9.93402245965718	20.8614471652801	2	13.9076314435201	4.96701122982858	19.8680449193144	2	2	14.9010336894858
59212	ITA	3.01496998643444	0.047263991087675095	2	2	0	3.01496998643444	0	2	3.01496998643444	0	0	0
59220	PRT	57.0848797993303	0.320072203874588	34.9293061598457	22.1555736394846	25.492555203966	31.5923245953644	2	44.615481205913	51.0704627380801	2	15.8654886150432	15.3795089467859
59220	ESP	24.1698656272421	0.13551928102970123	16.5926901234658	7.57717550377637	20.2039360474961	2	16.4568751159104	4.8325796163566	20.4107881006837	2	7.02585116689612	8.41654230987566
59220	DEU	3.04344491741597	0.017064452171325684	2	2	3.04344491741597	0	3.04344491741597	0	3.04344491741597	0	0	2
59220	ITA	16.6961930433534	0.09361476451158524	7.02826375062126	9.66792929273215	10.7954195623769	5.9007734809765	9.8125790044584	6.88361403889501	10.3419367658264	6.35425627752705	5.31824438251016	2
59220	BEL	35.1452182456634	0.1970575600862503	8.99920195074613	26.1460162949173	27.2658590854178	2	27.2658590854178	2	14.4245327551262	20.7206854905372	15.9980112295115	17.0751832261181
59220	NLD	2	0.011213905178010464	2	0	0	2	0	0	2	0	0	0
59220	ROU	26.1151929072299	0.14642664790153503	9.92839818108107	16.1867947261488	26.1151929072299	0	26.1151929072299	0	12.4773464670068	13.6378464402231	9.3582378505573	2
59225	ITA	21.1442335591007	0.30728432536125183	15.1030239707863	6.04120958831436	9.06181438247204	12.0824191766287	4.02747305887631	15.1030239707862	17.1167605002244	4.02747305887625	2	15.1030239707861
59225	BEL	163.112658884497	2.370478868484497	82.5631977069674	80.5494611775293	122.837928295734	40.2747305887628	101.693694736631	48.3296767065173	97.6662216777536	65.4464372067431	55.3777545595522	55.3777545595522
59225	PRT	30.2060479415732	0.43897759914398193	12.0824191766294	18.1236287649438	11.0755509119107	19.1304970296625	2	26.1785748826966	29.1991796768541	2	0	2
59225	ESP	4.02747305887641	0.05853034555912018	2	2	2	2	2	2	2	2	0	2
59225	NLD	2	0.029065541923046112	0	2	2	0	0	2	2	0	0	0
59227	ITA	22	0.4085422456264496	12	10	2	21	0	18	21	2	0	0
59227	ESP	7	0.12999071180820465	2	5	2	6	2	5	5	2	0	0
59227	BEL	6	0.11142061650753021	4	2	2	4	0	5	2	4	0	0
59227	POL	4	0.07428041100502014	2	3	2	3	0	2	3	2	0	0
59230	BEL	53.1766906624323	1.0031445026397705	31.3541463550829	21.8225443073494	42.9817284716388	10.1949621907935	35.1202281444736	11.9496194212404	35.9953079534847	17.1813827089476	14.7822202493783	24.4037154971665
59230	ESP	4.06891832540888	0.07675756514072418	3.05168874405666	2	2	3.05168874405666	0	4.06891832540888	4.06891832540888	0	0	0
59230	ITA	20.2940981011016	0.3828352689743042	14.1492295591504	6.14486854195112	9.06271252524048	11.2313855758611	4.08885038342202	14.1684233628659	18.2596389383971	2	2	0
59230	PRT	2.99446949510846	0.0564887672662735	2.99446949510846	0	2	2	2	2	2.99446949510846	0	0	2
59234	PRT	2	0.03415300324559212	0	2	2	0	0	2	0	2	0	0
59234	POL	7.13093989314048	0.12177150696516037	0	7.13093989314048	0	7.13093989314048	0	5.10910256302239	7.13093989314048	0	0	0
59234	ITA	9.93460820633134	0.16964836418628693	6.01296010596417	3.92164810036717	2	7.95036405085101	0	4.9345241187633	9.93460820633134	0	0	2
59239	BEL	11.0336564636305	0.19809077680110931	7.01453182109682	4.01912464253372	11.0336564636305	0	4.99729009181456	5.02777474053631	6.02865795216796	5.00499851146259	2	0
59239	ITA	13.0887993711257	0.23498742282390594	8.0610830973123	5.0277162738134	2	12.0878576927711	0	13.0887993711257	13.0887993711257	0	0	0
59249	PRT	2	0.017054660245776176	0	2	0	2	0	2	2	0	0	2
59249	BEL	57.8656442088206	0.4934394359588623	50.7980390036259	7.06760520519461	37.6110689500052	20.2545752588153	19.1021778439473	25.2807723299905	52.8722303130441	2	2	26.2728577784041
59249	POL	4.83009098599208	0.04118778184056282	2	2	4.49675040912011	2	2	0	3.83006925537616	2	0	2
59249	ITA	6.08045295842893	0.051850028336048126	6.08045295842893	0	2	2	0	2	6.08045295842893	0	2	2
59249	ESP	2	0.017054660245776176	0	2	0	2	0	0	2	0	0	0
59249	NLD	2	0.017054660245776176	2	0	0	2	0	0	2	0	0	0
59253	ITA	37	0.4890945255756378	26	11	11	26	2	29	36	2	0	20
59253	PRT	5	0.06609385460615158	4	2	2	3	2	3	5	0	0	0
59253	BEL	42	0.5551883578300476	20	22	29	13	26	12	30	12	2	15
59268	PRT	15.9971086928046	0.2838883399963379	10.9980122263032	4.99909646650143	10.9980122263032	4.99909646650143	5.99891575980172	8.99837363970258	15.9971086928046	0	2	2
59268	BEL	9.99819293300287	0.17743022739887238	2.99945787990086	6.99873505310201	7.9985543464023	2	3.99927717320115	4.99909646650143	5.99891575980172	3.99927717320115	0	0
59268	ITA	2.99945787990086	0.05322906747460365	2.99945787990086	0	2.99945787990086	0	0	2.99945787990086	2	2	0	0
59271	PRT	80.2540012941655	0.34944701194763184	50.1475487263583	30.1064525678072	30.886343821416	49.3676574727496	12.214658424426	68.0393428697395	80.2540012941655	0	2	27.1793520431805
59271	ESP	37.6115785679719	0.16377070546150208	21.0943414853218	16.5172370826502	27.4995417867645	10.1120367812074	15.4913946060519	21.1201991301271	32.3862687540698	2	2	9.04415935270596
59271	ITA	68.9013069620172	0.3000143766403198	44.099848930655	24.8014580313623	31.2139854717756	37.6873214902416	33.1800274692726	31.3170680139693	62.659556027545	6.24175093447225	6.34977168234825	12.1133185776251
59271	BEL	11.2022990409992	0.048777755349874496	0	11.2022990409992	2	7.45714891909195	2	2	11.2022990409992	0	2	2
59271	POL	14.4442675421628	0.06289413571357727	3.98572783054125	10.4585397116215	11.4616650505116	2	8.97052292590587	2	10.7986613729034	2	9.04239516324741	2.41926988726417
59272	BEL	4.16044438907646	0.08241767436265945	2	3.12033329180735	2	2	2	3.12033329180735	2	2	0	0
59272	PRT	2	0.039619654417037964	2	0	0	2	0	2	2	0	0	0
59272	ESP	2	0.039619654417037964	2	2	2	2	0	2	2	0	0	0
59272	ITA	2	0.039619654417037964	2	0	0	2	0	2	2	0	0	0
59273	ITA	5.52164174100373	0.04945049434900284	2	2	0	5.52164174100373	0	2	5.52164174100373	0	0	0
59273	BEL	17.2749509681998	0.1547102928161621	10.9749980360974	2	11.0973870441865	2	8.55491784580725	2	17.2749509681998	0	2	2
59273	ESP	2	0.0179115179926157	0	2	2	0	2	0	0	2	2	0
59273	PRT	2	0.0179115179926157	2	2	2	2	0	2	2	2	2	0
59279	ESP	52.8816813298224	0.25423887372016907	38.007777183905	14.8739041459173	35.0098588820959	17.8718224477265	14.2117038028416	32.7632610988635	47.0824311895768	2	11.9009248650326	26.2448860546537
59279	PRT	105.560070951012	0.5075003504753113	53.9006323033563	51.6594386476553	59.9857279946968	45.5743429563149	2	91.0520562183689	104.551335479655	2	2	51.6558165610589
59279	BEL	178.2192488645	0.8568232655525208	81.7726688729543	96.4465799915453	118.347466067653	59.871782796847	68.969751871023007	93.8457109919654	147.903818380437	30.3154304840626	37.3456995882209	61.4861837366652
59279	ITA	66.4018398554337	0.31923961639404297	50.278023302935	16.1238165524987	16.1615707112642	50.2402691441695	2	53.6334932404447	66.4018398554337	0	2	16.2373672895282
59279	DEU	2	0.009615384973585606	0	2	2	0	2	2	0	2	2	2
59279	NLD	2	0.009615384973585606	0	2	0	2	0	2	2	0	0	0
59279	ROU	2	0.009615384973585606	0	2	2	0	2	0	0	2	0	2
59286	ITA	12.604117130914	0.08438749611377716	11.6040835140372	2	10.187362595945	2	0	10.187362595945	10.187362595945	2	2	2
59286	ROU	16.1839337601129	0.10835520178079605	8.09196688005646	8.09196688005646	16.1839337601129	0	15.1839001432361	0	16.1839337601129	0	0	4.0001344675072
59286	PRT	22.5044931380166	0.1506728231906891	14.5706749917028	7.93381814631384	16.494528075477	2	0	22.5044931380166	17.4509451673631	2	2	10.8686546423179
59286	BEL	30.9644898601035	0.20731447637081146	21.753902380709	9.21058747939451	17.7583198090162	13.2061700510873	11.5802007030008	16.5474956108885	20.7956588260523	10.1688310340513	2	2
59286	DEU	2	0.013390465639531612	0	2	2	0	0	2	2	0	0	0
59286	ESP	8.66925925707917	0.05804271250963211	2	5.14174055277578	8.66925925707917	0	8.66925925707917	0	5.14956942284281	2	0	2
59291	BEL	69.1232232567618	0.4742913544178009	37.4609406615634	31.6622825951984	55.3430148452737	13.7802084114881	48.2097561479253	11.0494222475919	52.4216961271093	16.7015271296525	15.3941057398921	25.2011844605454
59291	PRT	71.2566673658751	0.4889300465583801	34.75010540965	36.5065619562251	33.4599903029213	37.7966770629537	13.7052755673781	51.6893559831958	63.2697535984123	7.98691376746281	9.16515995660059	27.1429890026289
59291	ITA	42.9903422815769	0.2949797213077545	33.2219819607347	9.76836032084224	20.8660819701634	22.1242603114135	22.6534691502636	20.3368731313133	39.0732860432821	2	2	14.2541492838481
59291	ESP	40.9440546694428	0.2809390425682068	27.4321197676557	13.5119349017871	10.7932430098136	30.1508116596293	2	33.1003189345861	40.9440546694428	0	2	2
59295	BEL	27.6415213415015	0.12891899049282074	11.335971373565	16.3055499679365	11.135232082025	16.5062892594765	8.29640780404178	13.8467070638568	13.1676565714106	14.4738647700909	2	2
59295	PRT	15.2232692146606	0.07100074738264084	9.50186444808671	2	9.50186444808671	2	2	9.79557732349738	15.2232692146606	0	2	2
59295	ESP	2	0.009327922947704792	0	2	2	0	2	0	0	2	0	0
59295	DEU	2	0.009327922947704792	0	2	2	0	0	0	0	2	0	0
59299	ESP	9.48591815909275	0.05095298960804939	2	2	9.48591815909275	0	2	6.73182821743042	6.73182821743042	2	0	6.78652900765347
59299	PRT	163.804309741073	0.8798640966415405	82.6914712690964	81.1128384719761	89.2890336246803	74.5152761163922	2	132.006046336093	157.970188728312	2	16.8732572509794	58.2376199969843
59299	ITA	75.1480664476711	0.40365293622016907	41.9584743186803	33.1895921289908	10.5334573418453	64.6146091058257	2	63.6052648448179	66.6543084853011	8.49375796237003	9.57404265835218	2
59299	BEL	37.912317813219	0.2036435306072235	13.5070936242718	24.4052241889472	30.6057217602394	7.30659605297959	19.4486515478657	17.3358267407792	22.2267746130145	15.6855432002044	18.5506956340388	6.53739838048343
59299	DEU	11.6444684383963	0.06254750490188599	0	11.6444684383963	8.79182286604616	2	0	11.6444684383963	0	11.6444684383963	8.79182286604616	0
59317	PRT	37.2195138594721	0.47686755657196045	24.1365701292201	13.082943730252	11.0412436304695	26.1782702290026	2	36.2089885002405	37.2195138594721	0	2	2
59317	BEL	41.1337202860695	0.5270175933837891	21.0350843009383	20.0986359851313	34.0849276284846	7.04879265758496	28.0837920096692	11.0330278750631	30.1048427281325	11.028877557937	15.0542929175218	2
59317	ESP	6.04240056975947	0.0774170532822609	4.02965048554834	2	3.01912512631669	3.02327544344278	0	6.04240056975947	5.03602552765391	2	0	0
59324	ITA	73.3882340169433	0.7223962545394897	41.585038442961	31.8031955739823	28.8680912698389	44.5201427471044	19.9031433220738	47.3955012779868	66.1394740493091	7.24875996763427	2	25.8249517676726
59324	BEL	384.084031935655	3.780726671218872	212.822199313683	171.261832621972	266.406740123662	112.495839463674	225.046182520525	105.486043743166	283.568607826793	95.3339717605424	130.217089798306	125.958824270527
59324	ESP	9.15105314029389	0.09007828682661057	4.14954751260785	5.00150562768603	3.04300991722346	6.10804322307043	0	9.15105314029389	9.15105314029389	0	2	0
59324	PRT	4.1328540671587	0.04068170115351677	2	2	3.0518010447517	2	0	3.15416409109456	4.1328540671587	0	0	2
59324	POL	2	0.019686978310346603	0	2	2	0	2	2	2	0	0	0
59327	ITA	33	0.5296099781990051	16	17	2	32	2	31	33	0	0	2
59327	BEL	4	0.06419514864683151	2	3	2	2	2	2	4	0	0	0
59327	PRT	2	0.032097574323415756	2	0	2	0	0	2	2	0	0	0
59327	POL	4	0.06419514864683151	3	2	2	3	2	3	4	0	0	2
59328	BEL	55.1458478084154	0.19944968819618225	29.8777855803998	25.2680622280156	41.8919005682828	13.2539472401326	30.5490987222866	24.5967490861288	19.1367842250723	36.0090635833431	24.7508986790021	14.0892480364921
59328	ESP	23.6106097444039	0.08539408445358276	11.9357172859457	11.6748924584582	23.6106097444039	0	12.4842184137696	11.1263913306343	8.2302285309462	15.3803812134577	9.3386288201033	2
59328	ITA	42.8262383945813	0.15489253401756287	18.9863740202957	23.8398643742856	27.3790981923651	15.4471402022162	21.8952287388509	11.7423326919105	20.9470741664137	21.8791642281676	11.0895750271248	13.6008176150462
59328	PRT	10.9979826777306	0.03977714478969574	2	2	2	2	2	8.41018411014439	8.41018411014439	2	2	2
59328	DEU	31.0669948903287	0.1123620867729187	6.9683824331558	24.0986124571729	25.2702508708096	2	16.8007919753821	14.2662029149466	9.97378091904032	21.0932139712883	21.2159170726507	0
59328	NLD	19.5982441537639	0.07088229060173035	8.33092562097384	11.26731853279	16.8780658957585	2	11.2328951420322	8.36534901173167	2	16.6727468451183	14.2107167968627	0
59328	POL	2	0.007233534473925829	0	2	2	0	2	0	0	2	2	0
59328	ROU	6.49558448085422	0.023493018001317978	2	2	6.49558448085422	0	2	0	2	2	2	2
59329	DEU	4.04433940237394	0.07891394197940826	2	2	4.04433940237394	0	2	3.03325455178046	0	4.04433940237394	2	0
59339	PRT	63.9841187585609	0.6754367351531982	39.9386427671978	24.0454759913631	43.9224349267514	20.0616838318095	3.99291349331963	56.9966358837543	58.0472524540084	5.93686630455248	2	39.6666152560615
59339	ITA	66.2611070602157	0.6994733214378357	43.1170889535981	23.1440181066176	22.9329234658369	43.3281835943788	2	62.2505634256514	58.2842491215178	7.97685793869792	19.8331147305262	2
59339	BEL	48.9747005231178	0.5169925093650818	15.9807001921503	32.9940003309676	35.9361442928035	13.0385562303144	21.9085202837953	27.0661802393225	28.9660580381284	20.0086424849894	2	14.9295448477646
59339	ESP	5.9547259025	0.06285997480154037	4.9652736796069	2	4.956536108671	2	2	4.93882880842458	4.9652736796069	2	2	0
59339	POL	2	0.021112635731697083	0	2	2	0	2	0	0	2	0	0
59343	PRT	20	0.24216008186340332	11	9	14	6	6	14	15	5	2	0
59343	BEL	13	0.15740403532981873	8	5	10	3	8	4	10	3	2	2
59343	ITA	10	0.12108004093170166	6	4	5	5	3	7	8	2	2	0
59343	DEU	6	0.07264801859855652	3	3	5	2	3	3	2	5	2	0
59343	ESP	4	0.048432014882564545	3	2	4	0	4	0	2	2	0	0
59350	BEL	550.555585677968	0.2365061491727829	281.256559760855	269.299025917114	462.413300550422	88.1422851275466	371.087893115133	153.189124424447	258.223404667539	292.33218101043	269.706631676903	123.335267379197
59350	ITA	553.147567761122	0.23761962354183197	334.142904495332	219.00466326579	467.418932289215	85.7286354719067	437.164859018313	78.8210532945105	289.838087468602	263.30948029252	207.208981448807	167.081491892198
59350	ESP	612.044722175826	0.2629204988479614	286.12180081056	325.922921365266	554.073396126887	57.9713260489384	467.611648029189	90.5746893940968	322.68780615333	289.356916022496	237.000123731447	128.010892286639
59350	DEU	169.362424912738	0.07275424152612686	58.5590171736988	110.803407739039	168.417651032158	2	133.926192096205	31.042492619131	61.0711755920232	108.291249320714	93.6468556696991	13.5653323970419
59350	PRT	489.14902178848	0.2101273089647293	269.591680948152	219.557340840328	278.091441239894	211.057580548587	133.776754441415	314.16428200165	408.835372010242	80.3136497782388	80.2607168762616	186.850869689307
59350	ROU	360.18868591838	0.15472885966300964	152.593640594572	207.595045323808	349.526617495594	10.6620684227861	296.626671006677	2.87976654784524	253.818311206601	106.370374711779	80.8053042230312	125.022177687783
59350	BGR	78.529365707201407	0.03373442962765694	27.680626563475	50.8487391437263	74.5152242506898	2	71.2691129062058	2	39.5551669688766	38.9741987383247	39.3729065199984	18.179602649217
59350	NLD	91.8763822660579	0.039468005299568176	58.7399131036217	33.1364691624362	79.2851236010325	12.5912586650254	71.2790656992833	20.5973165667746	40.4450067255321	51.4313755405258	41.777058669892	34.3124660167483
59350	POL	138.462371847615	0.05948028340935707	27.4081826394474	111.054189208167	122.011137919066	16.4512339285483	110.855386549921	7.67110825572976	37.001146626426	101.461225221189	59.2632915713516	36.9666157025596
59352	PRT	33.0901808286553	0.3952954411506653	14.8766381189174	18.2135427097379	18.7985168960927	14.2916639325627	2	29.1174590714599	31.1755186596063	2	2	14.692046451618
59352	BEL	31.9207697195047	0.3813256621360779	10.8696736145434	21.0510961049612	18.5615303091147	13.35923941039	11.7594367384932	17.051084021614	22.1115469741602	9.80922274534448	2	2
59352	ITA	10.9372415751181	0.13065633177757263	7.89456057629542	3.04268099882273	4.95734316787179	5.97989840724636	2	9.02257940606909	9.97991049059362	2	0	2
59352	DEU	2	0.023892007768154144	0	2	2	0	0	2	2	0	0	0
59352	ESP	23.0997036528621	0.2759491503238678	13.0213609890434	10.0783426638187	8.95151571594497	14.1481879369171	2	20.1280863441635	21.185041483813	2	2	0
59352	NLD	5.9856993240475	0.07150518894195557	3.96791737032402	2	2.97511303824801	3.01058628579949	3.9003494097493	2	2	5.02836823952297	2	0
59359	BEL	5.08782546388522	0.08215445280075073	2	4.07518805738619	2	4.07518805738619	0	4.05054962599609	5.08782546388522	0	0	2
59359	ITA	9.06791594390545	0.14642202854156494	7.0180026995173	2	2	8.12573768338228	2	6.07582443899413	9.06791594390545	0	0	2
59359	PRT	9.84285061513982	0.15893509984016418	5.91029518775248	3.93255542738734	4.77966358264471	5.06318703249511	0	6.85247344827565	9.84285061513982	0	0	2
59359	DEU	2	0.03229452669620514	2	2	2	2	0	2	2	0	0	0
59360	PRT	71.844295996631	0.3231425881385803	47.5692917672949	24.2750042293361	49.1071991456492	22.7370968509818	27.9803062788001	39.0078104331908	61.8332258765722	10.0110701200588	2	34.6355841889659
59360	BEL	22.4392243962705	0.10092755407094955	18.0405188219387	2	22.4392243962705	0	21.3938954523991	2	10.9366330439149	11.5025913523556	14.6385781839699	2
59360	ITA	41.4907004987006	0.1866176426410675	28.0456967214314	13.4450037772692	25.4737338424237	16.016966656277	24.2587344868343	16.1797363139184	40.4384708007528	2	2	12.4524769634443
59360	ESP	13.2030675892314	0.05938500538468361	7.57686048205912	5.62620710717223	13.2030675892314	0	7.72376574899152	2	5.382858686721	2	2	6.80704775617824
59360	NLD	2	0.00899563729763031	0	2	2	0	0	0	2	0	0	2
59360	DEU	11.5737460301811	0.052056606858968735	11.5737460301811	0	0	11.5737460301811	2	2	2	2	0	2
59360	ROU	17.0567933192063	0.07671836018562317	7.48306771573171	9.57372560347459	17.0567933192063	0	17.0567933192063	0	10.520527285499	6.53626603370727	2	8.52839665960315
59365	ITA	9.04594320599743	0.13957634568214417	4.01635180064908	5.02959140534835	2	8.04315878203199	2	6.02716172452643	9.04594320599743	0	0	0
59365	BEL	23.0019036137595	0.3549128770828247	9.99674826952972	13.0051553442298	13.981977128895	9.01992648486445	14.9900024892924	7.00911670050163	18.0034890920132	4.9984145217463	2	2
59365	PRT	9.00955235712258	0.1390148550271988	6.01676048611089	2.99279187101169	6.01157335248268	2.99797900463989	2.99279187101169	4.00076342860533	9.00955235712258	0	0	0
59365	ESP	2	0.030859434977173805	2	0	2	0	2	2	2	0	0	0
59365	DEU	2	0.030859434977173805	0	2	2	0	2	0	2	0	2	0
59367	ITA	96.8477530316864	0.7215597629547119	55.0977101082644	41.750042923422	49.8490353784139	46.9987176532725	17.1060420902243	79.741710941462	89.4154109373053	7.43234209438109	6.73434252767124	36.2722760146529
59367	PRT	118.020142220272	0.8793037533760071	72.8451836282396	45.1749585920328	77.9224970780796	40.0976451421928	34.9203494447861	82.0824844878521	106.493075662881	11.5270665573909	20.1541334247435	48.1268141400739
59367	BEL	48.3036895779686	0.35988444089889526	25.2509006542649	23.0527889237037	34.0572919907965	14.2463975871721	27.2388913077029	18.4044593602739	37.5028345887201	10.8008549892485	21.397081745541	15.381782319525099
59367	ESP	2	0.01490090973675251	0	2	2	2	0	2	2	0	0	2
59368	ITA	85.1727912022595	0.40227076411247253	48.3547482584948	36.8180429437647	61.8189924422849	23.3537987599746	65.2154626057724	19.957328596487	47.7586214262339	37.4141697760256	24.763443851969	34.2171840234663
59368	ESP	24.0354897560356	0.11351952701807022	7.05808677456818	16.9774029814674	24.0354897560356	0	24.0354897560356	0	2	19.4005097415096	22.8779795859574	2
59368	DEU	20.5782300736165	0.09719090163707733	11.6468899578113	2	20.5782300736165	0	15.3118885722536	2	0	20.5782300736165	14.3118965962759	2
59368	ROU	21.3852667544191	0.101002536714077	2	14.3077190131522	14.6987029377401	2	20.3821855979003	0	2	18.0419848460796	2	2
59368	BEL	84.3139133809512	0.39821431040763855	35.8284648423382	48.485448538613	69.3113426324646	15.0025707484866	60.5171112094208	19.5710118791996	28.4340316056267	55.8798817753245	34.8767981085848	25.9938566622464
59368	PRT	80.2329740164468	0.37894004583358765	40.0939243597194	40.1390496567274	54.0805414288607	26.1524325875861	15.965349604473	60.3996749150809	72.4291566546677	7.80381736177913	8.56657488017615	54.3148726252906
59368	NLD	2	0.009445992298424244	0	2	2	0	2	0	0	2	0	2
59368	POL	2	0.009445992298424244	2	2	2	0	2	2	2	2	2	0
59378	PRT	116.383639422289	0.3013792932033539	52.6778636281792	63.70577579411	55.8815421558599	60.5020972664293	7.18623050190381	93.0459817903919	94.9408727685015	21.4427666537877	27.5946750029371	25.1935861611908
59378	DEU	26.7471271652405	0.06926257163286209	15.7587091483292	10.9884180169113	23.992843791083	2	17.842785741184	8.90434142405643	8.57135113130366	18.1757760339368	14.2488770590928	2
59378	ITA	68.2272457149275	0.1766767054796219	36.1709727218061	32.0562729931214	49.4842837753549	18.7429619395726	40.0727157565924	24.8538473877384	36.873813061654	31.3534326532736	32.1022771415483	8.57395239490162
59378	BEL	90.2939667408404	0.23381921648979187	43.0459384246929	47.2480283161475	49.8833017398401	40.4106650010002	33.7809543777582	49.5687886216664	34.2438058581944	56.0501608826459	37.6070404472704	8.36124975956713
59378	ESP	75.8410328522699	0.19639286398887634	42.4295520779078	33.4114807743621	62.2376480372573	13.6033848150126	51.4214016762445	24.4196311760253	29.9454472998321	45.8955855524378	38.7605044380908	12.5366268464257
59378	NLD	10.9518429295268	0.028360160067677498	8.31475290111772	2	8.31475290111772	2	2	7.97255869850904	2	8.31475290111772	10.9518429295268	0
59378	ROU	37.1031083220411	0.09607972204685211	14.2843005895052	22.818807732536	34.29614434667	2	19.5914678637622	2	8.5805396348405	28.5225686872006	21.7077250754153	2
59378	POL	27.4406552021702	0.071058489382267	10.2255603148925	17.2150948872776	22.4264756635077	2	16.9029279633932	10.537727238777	2	23.4403124532242	14.465510526962	2
59383	ITA	67.8472919182496	0.5723094940185547	54.1197184726911	13.7275734455585	9.37329611911614	58.4739957991335	9.37329611911614	43.3589055909158	64.7228598785442	2	2	8.56129906556848
59383	PRT	20.160946605794	0.1700628101825714	13.593775080186	2	7.02660355457801	13.134343051216	0	14.3234446252747	14.3234446252747	2	7.02660355457801	0
59383	DEU	2	0.016870519146323204	2	2	2	0	2	0	2	2	2	0
59383	BEL	32.5579160363447	0.2746344804763794	23.2116462013556	9.34626983498917	24.3256987274759	8.23221730886881	10.4549293963667	12.288321777617	13.2649535300939	19.2929625062508	16.728571387785	2
59383	ESP	2	0.016870519146323204	2	0	2	0	0	2	2	0	0	2
59383	NLD	2	0.016870519146323204	2	0	0	2	0	2	0	2	2	0
59386	PRT	23.9790827101653	0.2311014086008072	12.5439108829973	11.435171827168	21.5709431602051	2	2	22.9998010476653	23.9790827101653	0	2	2
59386	BEL	8.64500854462793	0.0833173543214798	3.9957337465818	4.64927479804613	8.64500854462793	0	4.4665270843074	4.17848146032053	2	6.53310353500177	2	2
59386	ESP	2	0.019275249913334846	2	2	2	0	2	2	2	0	0	0
59392	BEL	337.015311760156	1.1254853010177612	200.577975035865	136.437336724291	196.46533388392	140.549977876236	212.433461827879	98.15501490124	200.729255016723	136.286056743433	100.030765651224	114.435194882707
59392	ITA	115.53247653913	0.3858284652233124	83.662112801207	31.8703637379227	59.7329748207577	55.799501718372	39.1911341213077	61.869480484987	100.102858745568	15.4296177935616	17.8368211849386	40.4141068136878
59392	PRT	43.2158025301767	0.14432208240032196	26.4067239730745	16.8090785571022	16.9783327031604	26.2374698270164	0	29.8362571169631	42.2157968800633	2	0	8.95826938486605
59392	ESP	24.9694602907337	0.08338718861341476	10.6159592071491	14.3535010835846	11.767160167828	13.2023001229057	14.1846010238974	2	19.2743381723037	2	2	2
59392	NLD	13.4630121127802	0.0449606329202652	10.7315286568438	2	12.4630064626667	2	2	0	10.7315286568438	2	0	2
59392	DEU	2	0.006679133977741003	2	2	2	2	2	2	2	2	0	2
59400	PRT	5.96934088969894	0.06141297146677971	5.96934088969894	0	4.98032418054363	2	2	2	5.96934088969894	0	0	2
59400	BEL	10.1031833063174	0.10394221544265747	3.02897586585416	7.07420744046329	7.07389212340064	3.02929118291681	2	8.09869987861781	5.06061807032293	5.04256523599452	0	0
59410	PRT	51.4734410812779	0.24768280982971191	26.9969875069082	24.4764535743697	33.3580536739415	18.1153874073364	25.0962729570006	18.6960511674214	51.4734410812779	0	0	16.7677213731461
59410	ESP	2	0.009623712860047817	2	2	2	0	2	2	2	2	2	2
59410	ITA	39.5546116338891	0.1903311163187027	12.3937128833228	27.1608987505663	30.4636219271121	9.09098970677696	25.8341523319317	13.7204593019574	25.1639119653373	14.3906996685518	12.5903549202188	2
59410	ROU	25.9530784555141	0.12488248944282532	12.7999124265023	13.1531660290118	25.9530784555141	0	24.9530684480675	0	19.9404498906947	6.01262856481945	2	16.0213575251342
59410	BEL	32.7997669540619	0.15782776474952698	10.4036448641897	22.3961220898722	25.879587332689	6.9201796213729	14.1075886538341	18.6921783002279	11.9867756270558	20.8129913270062	10.5284428904832	7.08103721993627
59410	DEU	2	0.009623712860047817	0	2	2	0	2	2	2	2	0	2
59410	NLD	5.57049510826759	0.026804421097040176	2	3.00003002233988	5.57049510826759	0	5.57049510826759	0	5.57049510826759	0	0	2
59410	POL	13.2336802403673	0.0636785700917244	5.61683011273703	7.61685012763028	13.2336802403673	0	13.2336802403673	0	11.2336602254741	2	0	5.61683011273703
59421	BEL	30.8367539318357	0.23448219895362854	18.1374933066053	12.6992606252305	16.573767138764	14.2629867930717	9.43545478951125	18.5693845956034	11.7187463928906	19.1180075389451	5.19314453547357	11.3806226032904
59421	PRT	67.3494311745169	0.5121240615844727	38.0896273108391	29.2598038636778	50.3818314444041	16.9675997301128	0	67.3494311745169	66.2855695751706	2	18.9514346183277	32.2692089482205
59421	DEU	7.31285649938954	0.05560684949159622	2	2	2	2	2	2	0	7.31285649938954	2	0
59421	ITA	34.300030465266	0.26081690192222595	20.6902898577631	13.6097406075029	17.0390484256974	17.2609820395686	8.44653677947867	25.8534936857873	22.9428506686627	11.3571797966033	14.267822813728	7.67285461192098
59421	ESP	8.28208075725406	0.06297681480646133	2	2	8.28208075725406	0	0	8.28208075725406	2	2	8.28208075725406	0
59421	NLD	2	0.015207969583570957	0	2	0	2	0	2	0	2	0	0
59426	BEL	73.5148046708152	0.7148464322090149	35.6287518368252	37.88605283399	44.4336565059987	29.0811481648165	27.3000229571601	43.7921392690929	45.9665638837388	27.5482407870763	24.9104360002607	18.5822427806524
59426	ITA	31.5948761891205	0.3072236180305481	23.7760417784804	7.81883441064009	17.4420476312015	14.152828557919	8.78788834028135	20.739471219241	21.9518813197567	9.64299486936388	8.87185847477941	8.43842316073467
59426	PRT	61.3130159845446	0.5961981415748596	32.8929366791121	28.4200793054325	38.9097580759196	22.403257908625	0	58.6487019671333	55.6313739113762	2	19.7486940069731	18.9650052184588
59426	ESP	2	0.01944768615067005	0	2	0	2	0	0	2	0	0	0
59426	POL	2	0.01944768615067005	0	2	2	0	0	2	0	2	0	0
59431	PRT	30.476963611608902	0.40766406059265137	18.2604388052187	12.2165248063902	16.0944767140452	14.3824868975637	3.99107893849053	24.43377154811	28.4248504866005	2	2	2
59431	BEL	40.905620790629	0.5471591949462891	18.9071026039959	21.9985181866331	31.672022650458	9.23359814017097	13.8744741774502	25.0173452873177	33.0454809187482	7.86013987188083	0	15.0103958225552
59431	ITA	3.05847063580079	0.040910519659519196	3.05847063580079	0	2	2	0	3.05847063580079	2	2	2	0
59447	BEL	43.0096968704888	0.48891323804855347	29.0487648488842	13.9609320216047	33.9610447772327	9.04865209325617	29.9800088258825	12.0378114273527	30.9853684801678	12.0243283903211	2	2
59447	ITA	20.0742702358241	0.2281944900751114	15.0540287917715	5.02024144405265	5.01345394740743	15.0608162884167	5.01345394740743	11.0391931358584	18.063458659545	2	0	2
59447	DEU	2	0.022735023871064186	2	0	0	2	0	0	2	0	0	0
59447	ESP	3.00268819353278	0.03413309156894684	2	2	2	2	2	2	2	2	0	0
59449	ESP	2	0.022655189037322998	2	0	2	0	2	2	0	2	0	0
59449	BEL	37.4670687157589	0.42441174387931824	17.2145991396724	20.2524695760865	31.3913278429336	6.07574087282527	24.3029634913031	12.1514817456517	25.3155869701076	12.1514817456514	20.2524695760869	0
59449	PRT	3.03787043641304	0.03441176563501358	2	2	3.03787043641304	0	0	2	2	2	0	2
59449	ITA	12.1514817456508	0.13764706254005432	9.11361130923811	3.03787043641274	3.03787043641294	9.11361130923791	2	10.1262347880424	10.1262347880424	2	0	0
59449	DEU	2	0.022655189037322998	2	2	2	0	0	2	2	2	0	0
59452	PRT	4.09591120384142	0.07624555379152298	2	2	2	2	0	4.09591120384142	3.08924567796387	2	0	0
59456	ITA	24.3921303601215	0.4057915508747101	12.1610751147317	12.2310552453898	3.02452943626615	21.3676009238554	0	18.3498543667281	23.3839698512438	2	2	2
59456	BEL	7.05053265294764	0.1172938346862793	2	5.04104209483014	7.05053265294764	0	5.01324181593968	2	6.03539828466691	2	2	2
59456	PRT	2	0.033272333443164825	0	2	0	2	0	2	2	0	0	0
59456	ESP	3.03164702684472	0.050434987992048264	2	2	3.03164702684472	0	2	2	3.03164702684472	0	0	0
59457	PRT	59.2869650666263	0.7037864327430725	27.5381221051343	31.748842961492	26.2527386835379	33.0342263830884	3.94328320448646	52.2453625371662	57.3005270530003	2	2	45.7613405499378
59457	ITA	26.7569846395087	0.31762802600860596	19.5273204803677	7.22966415914102	5.06824456295493	21.6887400765538	3.06628000821606	22.6579315229681	24.7392489121935	2	2	0
59457	BEL	10.2010647917577	0.12109526246786118	5.11605505228881	5.08500973946886	6.05370029921149	4.14736449254618	3.03448917726096	7.16657561449672	8.21462677813168	2	0	2
59457	ESP	8.1981062330812	0.09731844812631607	5.13182622486514	3.06628000821606	3.08229966659484	5.11580656648636	0	8.1981062330812	8.1981062330812	0	0	2
59457	NLD	2	0.023741690441966057	2	2	2	0	2	0	0	2	0	0
59482	BEL	27.7273688327182	0.41028955578804016	12.2285429241194	15.4988259085988	20.4216587631322	7.30571006958601	9.11814043801703	17.5604014988302	19.5690954910059	8.15827334171228	2	2
59482	PRT	9.27895181013313	0.1373032182455063	6.1685493240308	3.11040248610233	8.23012491426221	2	0	9.27895181013313	9.27895181013313	0	0	0
59482	ITA	10.471797447482	0.15495409071445465	8.409911597133	2	4.160481281737	6.31131616574501	0	10.471797447482	9.42297055161109	2	2	0
59482	ESP	6.29296137522552	0.09311869740486145	4.19530758348368	2	0	6.29296137522552	0	6.29296137522552	6.29296137522552	0	0	0
59484	BEL	122.007604929612	1.9165505170822144	66.0109461261132	55.9966588034986	96.9416851687204	25.0659197608914	79.9767604061352	31.0244539874641	97.0249839934715	24.9826209361403	45.0381555971616	44.9964390280602
59484	PRT	8.00099647182626	0.1256832629442215	4.99359017150203	3.00740630032423	6.99643897951749	2	6.99643897951749	2	8.00099647182626	0	0	2
59484	ITA	30.0636468831177	0.47225332260131836	12.0150157018256	18.0486311812921	7.998901983768	22.0647448993497	5.00608779591687	25.0575590872009	28.0587078998977	2	0	0
59484	ESP	10.0122276172823	0.15727658569812775	4.00155631633238	6.01067130094993	2	8.02392758526602	2	6.01899295105773	10.0122276172823	0	0	2
59484	DEU	4.98118322710221	0.07824667543172836	2	2.98250173150958	4.98118322710221	0	2.98250173150958	2	3.98288322242089	2	2	0
59491	ITA	54.1497051533021	0.4302034080028534	32.5480475559336	21.6016575973685	12.9080037188213	41.2417014344808	0	46.5343044603677	48.7341382278678	2	2	7.52705878156838
59491	BEL	32.3849394181872	0.25728878378868103	13.4579486725993	18.9269907455878	13.6796592550412	18.705280163146	8.53851079681392	15.4413991186817	23.8279622181556	8.55697720003155	8.55697720003155	2
59491	PRT	30.4610977925766	0.2420044243335724	22.0525716707539	8.40852612182267	12.5173170377848	17.9437807547918	0	22.2979132357279	27.1904256598614	2	2	2
59491	ESP	20.5615327604538	0.16335530579090118	11.6587519941303	8.90278076632351	0	20.5615327604538	0	17.8888347118602	17.8888347118602	2	0	2
59507	BEL	37.5039877661658	0.19513000547885895	27.3173449314565	10.1866428347093	34.9213399206921	2	16.5134530692116	2	14.7740686667613	22.7299190994045	19.7212740977645	12.1914208212876
59507	DEU	15.0443816951253	0.07827461510896683	11.0593158805166	2	14.7110411397194	2	7.68262307396367	2	2	11.1008279603307	9.78531815055866	2
59507	ROU	79.614511339828	0.4142274260520935	41.206896558318	38.40761478151	75.5434141099375	2	68.4252072809708	2	70.9812167206544	8.63329461917365	2	25.157387358103
59507	ESP	21.5395442787643	0.11206838488578796	9.46978840383377	12.0697558749305	16.0676597429914	2	14.7757027531137	6.76384152565053	20.2475872888866	2	2	10.2012857966533
59507	PRT	10.0096904698963	0.05207955092191696	2	2	2	2	0	10.0096904698963	10.0096904698963	0	0	2
59507	ITA	27.3907963030408	0.14251194894313812	21.8436495869705	2	10.0112229061708	17.3795733968701	6.56503357508192	15.9452791911738	21.8436495869705	2	8.65999549175324	2
59507	NLD	2	0.010405827313661575	2	0	0	2	0	2	2	0	0	0
59508	PRT	79.9959075046864	0.5975194573402405	49.2582981969526	30.7376093077338	33.4998304073921	46.4960770972943	0	77.387237001645	77.1541670987828	2	9.06053823699387	20.9463576900415
59508	ITA	46.5272634094802	0.3475296199321747	29.6718005652462	16.855462844234	16.4944451323209	30.0328182771594	2	41.4781468410225	36.416690612679	10.1105727968013	16.3452275383901	2
59508	BEL	75.8390370466071	0.5664702653884888	26.2949102626622	49.5441267839449	35.7447044967658	40.0943325498414	22.2516188206299	50.9787477229359	55.984633091946	19.8544039546611	27.5130788273389	10.8728388813709
59508	NLD	2	0.014938751235604286	2	0	2	0	0	0	0	2	2	0
59508	ESP	25.0417447026196	0.18704620003700256	14.4648191861663	10.5769255164533	14.1024896245528	10.9392550780668	2	17.2756534681315	22.5580798920196	2	2	8.12589033359607
59509	BEL	7.05536062378163	0.11488944292068481	4.03163464216086	3.02372598162077	4.03163464216089	3.02372598162074	4.03163464216086	3.02372598162077	5.03954330270109	2	2	0
59509	ITA	29.5626844889992	0.4813985526561737	15.4519632414365	14.1107212475626	5.03954330270115	24.523141186298002	2	26.2056251740451	29.5626844889992	0	0	15.1186299081029
59509	POL	6.38078529657451	0.10390466451644897	3.02372598162059	3.35705931495392	2	4.36496797549409	0	6.04745196324118	6.38078529657451	0	0	0
59512	BEL	224.326635248315	0.23128841817378998	107.024594487019	117.302040761297	160.31489973753	64.0117355107856	74.7366449038372	85.2367311174711	167.677339395087	56.6492958532285	51.563821854402	58.3460665475948
59512	PRT	1207.37085689846	1.2448406219482422	609.554578623146	597.816278275317	610.190907907256	597.179948991207	193.959365037248	851.286776984602	1153.13931370408	54.2315431943773	108.637270818832	412.74858218107
59512	NLD	42.1334817291859	0.043441057205200195	29.242550809169	12.890930920016901	31.9750243852449	10.158457343941	20.452705727032	13.6561978434929	32.446892983637	9.68658874554883	2	12.6003602215489
59512	ITA	494.686550822806	0.5100387334823608	274.834499518896	219.85205130391	250.625138372764	244.061412450042	143.311112578947	311.028500307653	463.96020535328	30.7263454695255	46.6164324450523	134.662004840553
59512	ESP	174.011466283227	0.17941176891326904	99.2370291780881	74.7744371051393	91.6654254166017	82.3460408666257	69.9916817154036	89.5884867162758	154.276387839416	19.7350784438116	24.9693827890567	53.498184619485
59512	ROU	618.861449826669	0.6380672454833984	317.050491342691	301.810958483978	603.301393215608	15.5600566110614	375.749098665979	18.9939358543066	569.485540460982	49.3759093656865	16.6814426193208	167.623304638456
59512	DEU	35.6606075898112	0.03676730394363403	11.4812933888306	24.1793142009806	34.6606052221881	2	15.6446668781895	16.1779205473547	16.1694543447656	19.4911532450456	15.5444694442656	10.8156123707408
59512	POL	48.1721568195051	0.04966713488101959	14.6538635268347	33.5182932926704	36.5630762702644	11.6090805492407	13.4651955758975	20.1927976243087	40.6056969711085	7.56645984839663	7.65789125132187	15.4538222714325
59524	BEL	4	0.07160758972167969	3	2	3	2	4	0	4	0	0	0
59524	PRT	13	0.23272466659545898	5	8	7	6	2	11	12	2	2	0
59524	DEU	2	0.035803794860839844	2	0	0	2	0	2	0	2	0	0
59526	ITA	63.1000342384445	0.3971302807331085	29.4384043982275	33.661629840217	19.0850374400326	44.0149967984119	2	47.8093029328626	62.0824676448546	2	2	11.3058000701473
59526	BEL	91.8565122976333	0.578113853931427	41.5529939093813	50.3035183882519	65.8515475997558	26.0049646978775	39.0074118693504	44.7764597706564	63.4282968900967	28.4282154075366	23.3237204912814	33.9970108550597
59526	PRT	10.0882444972098	0.06349200010299683	2	6.07095246524325	8.08825130172211	2	2	2	7.98038908849899	2	2	2
59526	ESP	7.63055579945527	0.04802414029836655	5.75503596069003	2	5.62017601180384	2	2	3.02117306646643	5.76180927546488	2	2	2
59526	ROU	2	0.012587325647473335	0	2	2	0	2	0	0	2	2	0
59526	DEU	9.42004440790937	0.05928657948970795	2	2	9.42004440790937	0	2	0	0	9.42004440790937	9.42004440790937	0
59527	PRT	84.9826073180418	0.6740371584892273	44.4324667611883	40.5501405568534	36.9369892722649	48.0456180457769	10.3243477992972	71.2901749294643	79.5456701117176	2	9.84643570758432	32.5614658581118
59527	ITA	19.4400460420281	0.15418818593025208	14.7438089036719	2	11.505987061707	2	2	15.3442738156104	12.5539847582669	2	2	2
59527	BEL	9.63584658118465	0.0764264464378357	3.81189616202543	5.82395041915923	8.50813330038169	2	8.50813330038169	2	5.82395041915923	3.81189616202543	2.85892212151907	6.77692445966559
59527	ESP	14.8793558164401	0.11801519244909286	2	10.8096294496922	14.8793558164401	0	4.98659895834626	2	0	14.8793558164401	12.9249469869777	2
59527	DEU	2	0.01586294360458851	0	2	2	0	2	0	0	2	2	0
59527	POL	6.3498675066233	0.05036379396915436	2	5.39689346611694	6.3498675066233	0	2.85892212151907	2	2	2.85892212151907	2.85892212151907	2
59527	ROU	2	0.01586294360458851	2	2	2	0	2	0	2	2	2	2
59544	PRT	11.3719983605405	0.10147227346897125	9.04357249114238	2	2	2	2	2	11.3719983605405	0	0	2
59544	BEL	66.1720817259786	0.5904530882835388	35.2705088954381	30.9015728305405	42.9695495517896	23.202532174189	27.8773730521181	34.2331339978783	32.0165409034755	34.1555408225031	20.9368212365402	17.9550099400521
59544	ITA	36.0551619488764	0.3217200040817261	24.8832857031899	11.1718762456865	6.59890860372332	29.4562533451531	0	21.2442549212005	36.0551619488764	0	2	6.29703601538955
59544	ESP	10.3406092713075	0.09226919710636139	8.34059616467021	2	2	4.08066605024218	2	3.08065949692354	4.08066605024218	2	2	0
59544	DEU	8.37978858890269	0.07477281242609024	2	2	2	2	2	2	2	2	2	0
59544	ROU	2	0.017845988273620605	0	2	2	0	2	0	0	2	2	0
59553	BEL	9.22410244563778	0.1611478328704834	5.08885951321808	4.1352429324197	4.02546226528055	5.19864018035722	3.0015137037865	5.15919149391376	5.19864018035722	4.02546226528055	2	0
59553	ITA	8.2353731558701	0.14387445151805878	5.08463009850099	3.15074305736911	4.1001302234504	4.1352429324197	0	8.2353731558701	7.21142459437604	2	0	0
59553	ROU	6.29848901753076	0.11003649234771729	3.64222615725999	2.65626286027077	6.29848901753076	0	6.29848901753076	0	4.25059189454264	2	0	0
59553	NLD	2	0.03494060039520264	2	0	2	0	0	2	0	2	0	0
59560	BEL	6.01423044119604	0.04844715818762779	2	4.94663009523361	2	2	5.01420712382995	0	6.01423044119604	0	0	2
59560	PRT	10.3510214289033	0.08338183909654617	7.24868631877869	2	6.24866300141259	2	2	6.23755911941559	10.3510214289033	0	0	2
59560	ITA	17.5759099658744	0.14158135652542114	17.5759099658744	0	14.9352184316533	2	9.45691781971982	7.02147267243583	9.43471215260031	8.14119781327406	6.70474022428438	10.87116974159
59560	ESP	10.0835044333144	0.0812268778681755	2	4.69816205140671	4.69816205140671	2	2	8.04703236153955	9.05018263666966	2	2	6.38849265703779
59560	NLD	2	0.016110843047499657	0	2	2	0	2	0	2	0	0	0
59560	ROU	10.8117826288575	0.08709346503019333	2	2	10.8117826288575	0	0	0	8.1088369716431	2	2	2
59569	ITA	54.1105229500812	0.34504860639572144	35.16245526823	18.9480676818512	15.1171125525657	38.9934103975155	2	46.8577655365902	54.1105229500812	0	0	7.20600658609264
59569	ESP	2	0.01275347638875246	0	2	2	0	0	2	0	2	2	0
59569	BEL	17.9111436992499	0.11421466618776321	11.8032395243975	2	14.4892720742068	2	9.16528099372279	2	14.8904313330149	2	0	9.08926199796171
59569	PRT	2	0.01275347638875246	2	2	2	0	2	2	2	0	0	2
59574	ITA	37.8662530057741	0.3116307556629181	20.6072493583168	17.2590036474573	2	33.986833989479	0	35.2617442418463	37.8662530057741	0	2	0
59574	ESP	10.7430501514177	0.08841288834810257	8.21278365695607	2	8.21278365695607	2	0	10.7430501514177	10.7430501514177	0	2	2
59574	PRT	7.80296910247174	0.06421668082475662	7.80296910247174	0	2	2	0	2	7.80296910247174	0	2	0
59574	BEL	21.413233641197	0.17622610926628113	15.6841786605761	2	12.8385084590356	8.57472518216136	10.7017114793475	10.7115221618495	16.3917335561211	2	7.51273367569017	8.17144498488588
59586	BEL	16.6363301322733	0.2745722234249115	5.87164592903763	10.7646842032357	10.7646842032357	5.87164592903761	7.82886123871687	7.82886123871687	8.80746889355647	7.82886123871686	2	2
59586	PRT	4.89303827419804	0.0807565376162529	2	2.93582296451882	3.91443061935843	2	0	4.89303827419804	4.89303827419804	0	0	0
59586	BGR	2.93582296451885	0.0484539195895195	2	2	2	2	2.93582296451885	0	2	2	0	0
59586	ESP	3.91443061935843	0.0646052211523056	2.93582296451883	2	2	2	2	2.93582296451882	2	2	0	0
59586	NLD	2	0.033008746802806854	2	2	2	0	2	2	0	2	0	2
59586	DEU	2	0.033008746802806854	2	2	2	0	0	2	0	2	0	0
59586	ITA	9.80741625366593	0.1618652641773224	7.82886123871685	2	2	7.85020094398671	2	6.8715932891471	9.80741625366593	0	0	0
59588	BEL	22.0697077636628	0.26459306478500366	10.0316853471197	12.0380224165432	13.0411909512559	9.02851681240691	13.0411909512557	9.02851681240715	6.0190112082717	16.0506965553911	2	0
59588	ITA	5.01584267355983	0.06013478711247444	4.01267413884764	2	3.00950560413609	2	2	3.00950560413577	4.01267413884796	2	2	0
59588	POL	3.00950560413553	0.036080874502658844	2	2	2	2	2	2	3.00950560413553	0	0	0
59588	DEU	2	0.023977940902113914	0	2	2	2	0	2	2	2	2	0
59599	BEL	371.860842309903	0.3819127678871155	163.522637406824	208.338204903079	289.836858271513	82.0239840383898	184.041495726244	159.649343054532	293.821104520817	78.039737789086	100.414856745585	139.556576033358
59599	PRT	1068.653133536	1.0975403785705566	520.394059706377	548.259073829626	586.176426276318	482.476707259685	164.857448425543	799.660633827539	996.711916147324	71.9412173886789	86.0755829823195	509.0802014466
59599	ITA	400.581221462047	0.41140949726104736	201.537725448636	199.043496013411	157.795696051055	242.785525410993	58.8677129705052	292.40732530649	360.148170930047	40.4330505320001	55.2942811175471	99.9850207593952
59599	DEU	27.6634140437321	0.028411196544766426	12.1676414346202	15.4957726091118	18.3247311113155	9.33868293241659	15.1142704472724	12.5491435964597	2	21.6885953610643	12.349853397116	2
59599	ESP	149.024847993674	0.15305320918560028	78.9344794067066	70.0903685869671	88.2328783718193	60.7919696218545	54.1297313649111	88.2353022800419	134.213913169227	14.8109348244466	33.358373781655	60.104113962643
59599	ROU	158.544400000914	0.16283008456230164	72.6326851636963	85.9117148372173	158.544400000914	0	118.32064520987	0	140.658292513743	17.8861074871709	11.4695256512127	55.8844761936707
59599	NLD	15.6529222509718	0.016076043248176575	8.72158846315019	6.93133378782157	15.6529222509718	0	10.6211479574411	2	10.2021244578919	5.45079779307985	2	13.6930390538209
59599	POL	48.9253050488287	0.05024782568216324	34.9611577910644	13.9641472577643	44.9321135827197	2	44.9076970465046	2	40.9475390535963	7.97776599523241	2	26.9744135013032
59599	BGR	30.955402699813	0.03179217129945755	20.519137869753	10.43626483006	30.955402699813	0	27.7089088179158	0	27.688310895234	2	0	26.0327227213861
59603	ITA	25.0930115191358	0.4037491977214813	11.9017264690127	13.1912850501231	4.94856525881074	20.144446260325	2	22.0628466356172	25.0930115191358	0	0	0
59603	BEL	10.9006343361636	0.17539234459400177	2.92286200883777	7.97777232732579	5.90894964658637	4.99168468957719	3.98912827791511	5.93099371004276	6.03829658472352	4.86233775144004	2	0
59603	PRT	2	0.03218020871281624	0	2	0	2	0	2	2	0	0	0
59603	ESP	4.01067723172422	0.06453221291303635	2.98560340924417	2	2	2	2	3.00813170120499	3.00813170120499	2	0	0
59606	PRT	84.6163180906752	0.19525641202926636	49.5817237792195	35.0345943114557	36.2665359755086	48.3497821151666	18.0454818781986	57.2245259508462	73.417353581043	11.1989645096323	14.6421929067895	13.9745298335019
59606	BEL	146.59398403655	0.33827298879623413	86.7076862052076	59.886297831342	100.999660164769	45.5943238717802	67.823023401715	66.7299328683012	75.0529674535246	71.5410165830249	38.069103260207	45.6602222278543
59606	ITA	180.085372245311	0.41555604338645935	95.1749381965995	84.9104340487116	89.5642675127428	90.5211047325683	42.3485895325211	86.8286469558155	128.924930668188	51.1604415771235	57.0948510372777	26.5252814033617
59606	NLD	8.41456005518384	0.019417021423578262	2	2	8.41456005518384	0	2	0	5.4395741477624	2	2	2
59606	POL	29.6472944027656	0.06841262429952621	12.1839589785232	17.4633354242424	26.9668530153781	2.68044138738749	21.9902942922541	4.97655872312399	6.92112951853395	22.7261648842316	18.0631015230992	2
59606	ROU	46.625210419799	0.10759001970291138	26.0344727656923	20.5907376541067	44.6549085985555	2	46.625210419799	0	8.20480648298238	38.4204039368166	37.0124998030784	5.9574652987765
59606	DEU	30.4484531184376	0.07026133686304092	20.2819983408061	10.1664547776316	28.4390103444729	2	8.39903539048753	0	21.1596040683231	9.28884905011458	8.39903539048753	3.00001315549663
59606	ESP	48.8715243896233	0.11277350038290024	27.7706293270486	21.1008950625747	35.5337440007189	13.3377803889045	31.9259748782555	9.86979695591003	24.7477649088384	24.123759480785	25.0599753456717	2
59616	ITA	121.309063111555	1.158745527267456	74.9439442867585	46.365118824796	25.6172441764283	95.6918189351263	13.0130635648203	85.92936869917	108.801468481287	12.5075946302677	9.38888402220802	12.6662282242184
59616	BEL	208.411925849569	1.9907528162002563	117.782761592089	90.6291642574798	156.653627309748	51.7582985398206	135.420960149977	62.3611064682662	139.91007714093	68.5018487086383	62.8752663957313	76.9654953317567
59616	ESP	2	0.019104022532701492	0	2	0	2	0	2	2	0	0	0
59616	PRT	2	0.019104022532701492	0	2	0	2	0	2	2	0	0	0
59632	ITA	40	0.7238508462905884	22	18	6	34	3	36	39	2	0	2
59632	BEL	9	0.16286644339561462	6	3	6	3	2	7	3	6	0	2
59632	PRT	7	0.12667390704154968	4	3	2	5	0	7	7	0	2	0
59636	BEL	39.4620044787871	0.3604494333267212	27.1674159465062	12.2945885322809	25.1622982883591	14.299706190428	19.3535485682737	17.9802479408309	17.9212603451214	21.5407441336657	2	14.5445768070913
59636	ITA	20.9195143776143	0.191080704331398	15.5820069628803	5.33750741473395	11.606338897689	9.31317547992528	3.07538061433892	16.3705038690771	17.9182412630738	3.00127311454051	2	0
59636	PRT	18.4051311239414	0.1681140959262848	11.3955414436384	7.00958968030292	7.26613020425939	11.139000919682	2	14.1654685709052	18.4051311239414	0	0	14.5050610750466
59636	NLD	6.72549487867983	0.061431266367435455	4.47679533330148	2	0	6.72549487867983	2	4.4973990907567	3.23016592321185	3.49532895546798	0	0
59636	ESP	6.3472326368017	0.05797618627548218	5.19486345781942	2	2	2	2	5.19486345781942	5.19486345781942	2	0	0
59636	DEU	5.1641452463158	0.0471697598695755	2	4.04517310086726	5.1641452463158	0	3.17249949969858	2	2	4.12951117459194	15.8624974984929	0
59646	BEL	50.5403077757132	0.24679088592529297	17.457171385517	33.0831363901962	34.6754055517849	15.8649022239283	31.6303275352667	17.9099565448537	21.3849059249246	29.1554018507886	20.0766784044574	8.65672747135072
59646	PRT	95.2748674527132	0.4652320444583893	37.6210720974346	57.6537953552787	77.859299827886	17.4155676248272	24.191321466754	62.2880745081379	88.5596411342808	2	28.5139966843459	38.8041564221458
59646	ITA	36.0022079175761	0.175800621509552	25.6192759907616	10.3829319268144	7.80243295883017	28.1997749587459	2	29.5150715095252	32.3074749362002	2	2	5.48711271245806
59646	DEU	23.193255943844	0.11325385421514511	2	17.8435108446358	23.193255943844	0	14.6276160839894	2	2	18.9104360139167	14.2425821883249	2
59646	ESP	3.22617801494665	0.015753591433167458	2	2	3.22617801494665	0	2	2	2	2	2	2
59646	POL	18.6999896318531	0.09131299704313278	13.8329769080973	4.86701272375577	17.6548998793987	2	17.6548998793987	2	5.64088816697454	13.0591014648786	2	14.104191217333
59646	NLD	2	0.009766101837158203	0	2	2	0	2	0	2	0	0	2
59646	ROU	6.26930352425072	0.030613329261541367	2	5.32933044038753	6.26930352425072	0	6.26930352425072	0	0	6.26930352425072	2	2
59648	ITA	8.61280973540307	0.05919863283634186	8.61280973540307	0	2	2	2	2	8.61280973540307	0	2	0
59648	PRT	20.0201894533974	0.13760526478290558	11.6671622116101	2	9.85146548569306	10.1687239677044	2	15.7447113334405	20.0201894533974	0	0	9.85146548569306
59648	BEL	14.3057660071249	0.09832817316055298	2	13.2895158942633	10.4687546762418	2	3.17993222130717	11.1258337858177	0	14.3057660071249	2	2
59648	DEU	12.2575961855311	0.08425043523311615	2	2	2	2	2	2	0	12.2575961855311	0	2
59648	ESP	11.4796336230407	0.07890325039625168	11.4796336230407	0	11.4796336230407	0	2	2	2	2	2	2
59648	POL	5.00677823756964	0.03441321477293968	0	5.00677823756964	2	2.99997403166088	2	2	3.99996537554784	2	2	2
59650	ITA	339.430466143093	0.828728199005127	187.869604469342	151.560861673751	114.124302962243	225.306163180849	16.654606110006	302.850041800895	324.049218168631	15.381247974462	43.1062874071734	72.0601911214211
59650	PRT	429.042369366736	1.0475177764892578	223.022686955033	206.019682411703	227.330830127766	201.71153923897	21.1460975848132	355.88723331706	417.413885002543	11.6284843641928	52.0329597014643	184.501526154945
59650	BEL	320.153362059983	0.7816625833511353	127.439068588182	192.714293471801	239.41617520357	80.737186856413	155.849592664515	119.655604117817	269.487673048169	50.6656890118142	58.9815297484584	156.16656403331
59650	ESP	84.8517599732132	0.20716772973537445	52.8696641116356	31.9820958615776	16.4152819938472	68.436477979366	2	73.2228140939213	79.3006599396291	2	2	10.6782546083243
59650	DEU	2	0.0048830509185791016	0	2	2	0	2	0	2	0	0	2
59650	POL	52.0413258356131	0.12706021964550018	28.515937343062	23.5253884925511	35.0520909772877	16.9892348583254	15.6179564778855	23.7009164483809	44.207563372511	7.83376246310204	10.6228872066128	18.0122614867236
59653	BEL	12	0.15633141994476318	6	6	11	2	9	2	3	9	0	0
59653	PRT	12	0.15633141994476318	6	6	4	8	2	10	11	2	0	2
59653	DEU	2	0.026055235415697098	0	2	2	0	0	2	0	2	0	0
59654	ITA	30	0.4025764763355255	18	12	3	27	2	23	29	2	0	0
59654	DEU	2	0.026838431134819984	2	0	0	2	0	0	2	0	0	0
59654	BEL	9	0.12077294290065765	4	5	7	2	5	2	7	2	0	0
59654	POL	4	0.05367686226963997	2	2	0	4	0	4	4	0	0	0
59654	PRT	4	0.05367686226963997	2	3	2	2	0	4	4	0	2	0
59656	PRT	165.961466165416	3.065979480743408	89.5186090225574	76.4428571428587	74.4312030075189	91.5302631578972	13.0757518796991	147.856578947371	157.914849624063	8.04661654135336	15.0874060150376	45.2622180451135
59656	BEL	39.227255639098	0.7246860265731812	14.0815789473684	25.1456766917296	25.1456766917292	14.0815789473688	12.0699248120301	26.1515037593987	29.1689849624063	10.0582706766917	2	2
59656	ESP	41.2389097744368	0.7618494033813477	15.0874060150378	26.151503759399	21.1223684210528	20.116541353384	4.02330827067667	36.2097744360909	37.2156015037601	4.02330827067673	0	2
59656	NLD	3.01748120300739	0.05574508011341095	2	2	3.01748120300739	0	2	2	2	2	0	0
59663	ITA	3.01702487242402	0.053569331765174866	2	2	0	3.01702487242402	0	2	3.01702487242402	0	0	0
59663	BEL	9.03838726881657	0.160482719540596	3.00433752396852	6.03404974484805	6.02136239639255	3.01702487242402	2	7.03972470232272	7.02703735386722	2	0	2
59663	NLD	2	0.03551136329770088	0	2	2	0	0	2	0	2	0	0
59663	PRT	2	0.03551136329770088	2	0	2	0	0	2	2	0	0	0
59663	ESP	2	0.03551136329770088	0	2	2	0	2	0	0	2	0	0
