code	city	n_ins	n_nat	n_eur	n_hu	n_nl	n_it	n_be	n_pt	n_bg	n_cz	n_de	n_dk	n_es	n_fi	n_gr	n_ie	n_pl	n_ro	n_se	n_sk	n_at	n_lu	n_lt	n_cy	n_lv	n_si	n_hr	n_ee
59001	Abancourt	372	368	4	2	2	0	0	0	0	0	0	0	0	0	0	0	0	0	0	0	0	0	0	0	0	0	0	0
59002	Abscon	2997	2994	3	0	0	3	0	0	0	0	0	0	0	0	0	0	0	0	0	0	0	0	0	0	0	0	0	0
59003	Aibes	281	253	28	0	0	0	28	0	0	0	0	0	0	0	0	0	0	0	0	0	0	0	0	0	0	0	0	0
59004	Aix-en-Pévèle	982	982	0	0	0	0	0	0	0	0	0	0	0	0	0	0	0	0	0	0	0	0	0	0	0	0	0	0
59005	Allennes-les-Marais	3006	2998	8	0	0	2	2	4	0	0	0	0	0	0	0	0	0	0	0	0	0	0	0	0	0	0	0	0
59006	Amfroipret	195	189	6	0	0	0	6	0	0	0	0	0	0	0	0	0	0	0	0	0	0	0	0	0	0	0	0	0
59007	Anhiers	649	643	6	0	0	2	4	0	0	0	0	0	0	0	0	0	0	0	0	0	0	0	0	0	0	0	0	0
59008	Aniche	6817	6783	34	0	0	7	22	5	0	0	0	0	0	0	0	0	0	0	0	0	0	0	0	0	0	0	0	0
59009	Villeneuve-d'Ascq	40370	40125	245	4	21	28	89	35	2	2	25	2	18	2	4	4	1	4	2	2	0	0	0	0	0	0	0	0
59010	Anneux	181	181	0	0	0	0	0	0	0	0	0	0	0	0	0	0	0	0	0	0	0	0	0	0	0	0	0	0
59011	Annœullin	7671	7648	23	0	2	3	7	7	0	0	2	0	2	0	0	0	0	0	0	0	0	0	0	0	0	0	0	0
59012	Anor	2379	2323	56	0	0	0	56	0	0	0	0	0	0	0	0	0	0	0	0	0	0	0	0	0	0	0	0	0
59013	Anstaing	1280	1260	20	0	0	4	6	2	0	0	4	0	0	0	0	0	0	4	0	0	0	0	0	0	0	0	0	0
59014	Anzin	8629	8586	43	0	0	14	23	2	0	0	0	0	4	0	0	0	0	0	0	0	0	0	0	0	0	0	0	0
59015	Arleux	2416	2402	14	0	0	4	1	7	0	0	0	0	0	0	0	0	2	0	0	0	0	0	0	0	0	0	0	0
59016	Armbouts-Cappel	1840	1840	0	0	0	0	0	0	0	0	0	0	0	0	0	0	0	0	0	0	0	0	0	0	0	0	0	0
59017	Armentières	17831	17688	143	0	4	15	63	50	0	0	1	0	6	0	0	2	0	2	0	0	0	0	0	0	0	0	0	0
59018	Arnèke	1134	1130	4	0	0	2	2	0	0	0	0	0	0	0	0	0	0	0	0	0	0	0	0	0	0	0	0	0
59019	Artres	771	765	6	0	0	0	4	0	0	0	2	0	0	0	0	0	0	0	0	0	0	0	0	0	0	0	0	0
59021	Assevent	1252	1239	13	0	0	3	7	0	0	0	0	0	3	0	0	0	0	0	0	0	0	0	0	0	0	0	0	0
59022	Attiches	1905	1904	1	0	0	1	0	0	0	0	0	0	0	0	0	0	0	0	0	0	0	0	0	0	0	0	0	0
59023	Aubencheul-au-Bac	425	425	0	0	0	0	0	0	0	0	0	0	0	0	0	0	0	0	0	0	0	0	0	0	0	0	0	0
59024	Auberchicourt	3234	3226	8	0	0	0	4	2	0	0	2	0	0	0	0	0	0	0	0	0	0	0	0	0	0	0	0	0
59025	Aubers	1521	1512	9	0	0	1	5	3	0	0	0	0	0	0	0	0	0	0	0	0	0	0	0	0	0	0	0	0
59026	Aubigny-au-Bac	895	895	0	0	0	0	0	0	0	0	0	0	0	0	0	0	0	0	0	0	0	0	0	0	0	0	0	0
59027	Aubry-du-Hainaut	1276	1272	4	0	0	2	2	0	0	0	0	0	0	0	0	0	0	0	0	0	0	0	0	0	0	0	0	0
59028	Auby	4914	4886	28	0	0	2	4	0	0	0	2	0	16	0	0	0	4	0	0	0	0	0	0	0	0	0	0	0
59029	Auchy-lez-Orchies	1115	1112	3	0	0	0	1	0	0	0	0	0	2	0	0	0	0	0	0	0	0	0	0	0	0	0	0	0
59031	Audignies	298	286	12	0	0	0	12	0	0	0	0	0	0	0	0	0	0	0	0	0	0	0	0	0	0	0	0	0
59032	Aulnoy-lez-Valenciennes	4596	4572	24	0	4	5	3	4	0	0	2	0	6	0	0	0	0	0	0	0	0	0	0	0	0	0	0	0
59033	Aulnoye-Aymeries	6663	6603	60	0	0	8	32	10	0	0	1	0	5	0	0	0	4	0	0	0	0	0	0	0	0	0	0	0
59034	Avelin	2160	2142	18	0	2	6	6	2	0	0	0	0	2	0	0	0	0	0	0	0	0	0	0	0	0	0	0	0
59035	Avesnelles	1896	1887	9	0	0	0	9	0	0	0	0	0	0	0	0	0	0	0	0	0	0	0	0	0	0	0	0	0
59036	Avesnes-sur-Helpe	2910	2877	33	0	0	21	9	3	0	0	0	0	0	0	0	0	0	0	0	0	0	0	0	0	0	0	0	0
59037	Avesnes-les-Aubert	2738	2725	13	0	0	2	9	0	0	0	0	0	0	0	0	0	0	2	0	0	0	0	0	0	0	0	0	0
59038	Avesnes-le-Sec	1106	1104	2	0	0	2	0	0	0	0	0	0	0	0	0	0	0	0	0	0	0	0	0	0	0	0	0	0
59039	Awoingt	655	653	2	0	0	0	0	2	0	0	0	0	0	0	0	0	0	0	0	0	0	0	0	0	0	0	0	0
59041	Bachant	1688	1680	8	0	0	0	8	0	0	0	0	0	0	0	0	0	0	0	0	0	0	0	0	0	0	0	0	0
59042	Bachy	1369	1345	24	0	0	2	16	0	0	0	4	0	2	0	0	0	0	0	0	0	0	0	0	0	0	0	0	0
59043	Bailleul	10805	10728	77	0	7	8	56	4	0	0	2	0	0	0	0	0	0	0	0	0	0	0	0	0	0	0	0	0
59044	Baisieux	4192	4129	63	0	0	5	44	7	0	0	2	0	3	0	0	0	2	0	0	0	0	0	0	0	0	0	0	0
59045	Baives	136	99	37	0	1	0	36	0	0	0	0	0	0	0	0	0	0	0	0	0	0	0	0	0	0	0	0	0
59046	Bambecque	592	590	2	0	0	0	2	0	0	0	0	0	0	0	0	0	0	0	0	0	0	0	0	0	0	0	0	0
59047	Banteux	279	267	12	0	0	0	2	2	0	0	0	0	8	0	0	0	0	0	0	0	0	0	0	0	0	0	0	0
59048	Bantigny	391	391	0	0	0	0	0	0	0	0	0	0	0	0	0	0	0	0	0	0	0	0	0	0	0	0	0	0
59049	Bantouzelle	326	326	0	0	0	0	0	0	0	0	0	0	0	0	0	0	0	0	0	0	0	0	0	0	0	0	0	0
59050	Bas-Lieu	244	241	3	0	0	0	3	0	0	0	0	0	0	0	0	0	0	0	0	0	0	0	0	0	0	0	0	0
59051	La Bassée	4403	4398	5	0	0	2	0	0	0	0	0	0	0	0	0	2	0	1	0	0	0	0	0	0	0	0	0	0
59052	Bauvin	4150	4141	9	0	1	2	4	1	0	0	1	0	0	0	0	0	0	0	0	0	0	0	0	0	0	0	0	0
59053	Bavay	2372	2324	48	0	0	6	38	2	0	0	0	0	2	0	0	0	0	0	0	0	0	0	0	0	0	0	0	0
59054	Bavinchove	822	821	1	0	0	0	1	0	0	0	0	0	0	0	0	0	0	0	0	0	0	0	0	0	0	0	0	0
59055	Bazuel	426	416	10	0	0	2	8	0	0	0	0	0	0	0	0	0	0	0	0	0	0	0	0	0	0	0	0	0
59056	Beaucamps-Ligny	772	767	5	0	0	0	3	0	0	0	0	0	2	0	0	0	0	0	0	0	0	0	0	0	0	0	0	0
59057	Beaudignies	454	449	5	0	0	0	5	0	0	0	0	0	0	0	0	0	0	0	0	0	0	0	0	0	0	0	0	0
59058	Beaufort	765	752	13	0	0	6	5	0	0	0	0	0	2	0	0	0	0	0	0	0	0	0	0	0	0	0	0	0
59059	Beaumont-en-Cambrésis	349	349	0	0	0	0	0	0	0	0	0	0	0	0	0	0	0	0	0	0	0	0	0	0	0	0	0	0
59060	Beaurain	189	189	0	0	0	0	0	0	0	0	0	0	0	0	0	0	0	0	0	0	0	0	0	0	0	0	0	0
59061	Beaurepaire-sur-Sambre	178	178	0	0	0	0	0	0	0	0	0	0	0	0	0	0	0	0	0	0	0	0	0	0	0	0	0	0
59062	Beaurieux	130	97	33	0	0	0	33	0	0	0	0	0	0	0	0	0	0	0	0	0	0	0	0	0	0	0	0	0
59063	Beauvois-en-Cambrésis	1571	1557	14	0	0	1	0	13	0	0	0	0	0	0	0	0	0	0	0	0	0	0	0	0	0	0	0	0
59064	Bellaing	972	971	1	0	0	1	0	0	0	0	0	0	0	0	0	0	0	0	0	0	0	0	0	0	0	0	0	0
59065	Bellignies	699	614	85	0	2	10	69	4	0	0	0	0	0	0	0	0	0	0	0	0	0	0	0	0	0	0	0	0
59066	Bérelles	140	116	24	0	0	1	23	0	0	0	0	0	0	0	0	0	0	0	0	0	0	0	0	0	0	0	0	0
59067	Bergues	2839	2828	11	0	1	0	10	0	0	0	0	0	0	0	0	0	0	0	0	0	0	0	0	0	0	0	0	0
59068	Berlaimont	2386	2350	36	0	0	4	24	6	0	0	2	0	0	0	0	0	0	0	0	0	0	0	0	0	0	0	0	0
59069	Bermerain	586	586	0	0	0	0	0	0	0	0	0	0	0	0	0	0	0	0	0	0	0	0	0	0	0	0	0	0
59070	Bermeries	274	260	14	0	0	0	14	0	0	0	0	0	0	0	0	0	0	0	0	0	0	0	0	0	0	0	0	0
59071	Bersée	1980	1966	14	0	0	4	6	4	0	0	0	0	0	0	0	0	0	0	0	0	0	0	0	0	0	0	0	0
59072	Bersillies	191	179	12	0	0	0	12	0	0	0	0	0	0	0	0	0	0	0	0	0	0	0	0	0	0	0	0	0
59073	Berthen	505	503	2	0	0	0	2	0	0	0	0	0	0	0	0	0	0	0	0	0	0	0	0	0	0	0	0	0
59074	Bertry	1709	1697	12	0	0	0	4	8	0	0	0	0	0	0	0	0	0	0	0	0	0	0	0	0	0	0	0	0
59075	Béthencourt	565	563	2	0	0	0	0	2	0	0	0	0	0	0	0	0	0	0	0	0	0	0	0	0	0	0	0	0
59076	Bettignies	256	196	60	0	0	4	54	0	0	0	2	0	0	0	0	0	0	0	0	0	0	0	0	0	0	0	0	0
59077	Bettrechies	197	185	12	0	0	2	6	4	0	0	0	0	0	0	0	0	0	0	0	0	0	0	0	0	0	0	0	0
59078	Beugnies	450	438	12	0	0	2	8	0	0	0	0	0	2	0	0	0	0	0	0	0	0	0	0	0	0	0	0	0
59079	Beuvrages	4591	4561	30	0	0	14	0	3	2	0	0	0	7	0	0	0	0	4	0	0	0	0	0	0	0	0	0	0
59080	Beuvry-la-Forêt	2335	2321	14	0	0	0	10	4	0	0	0	0	0	0	0	0	0	0	0	0	0	0	0	0	0	0	0	0
59081	Bévillers	451	449	2	0	0	0	2	0	0	0	0	0	0	0	0	0	0	0	0	0	0	0	0	0	0	0	0	0
59082	Bierne	1473	1467	6	0	0	0	0	0	0	0	0	0	2	0	0	0	0	4	0	0	0	0	0	0	0	0	0	0
59083	Bissezeele	212	208	4	0	0	0	0	0	0	0	0	0	0	0	0	0	0	4	0	0	0	0	0	0	0	0	0	0
59084	Blaringhem	1642	1634	8	0	0	0	0	6	0	0	0	0	2	0	0	0	0	0	0	0	0	0	0	0	0	0	0	0
59085	Blécourt	304	300	4	0	0	0	4	0	0	0	0	0	0	0	0	0	0	0	0	0	0	0	0	0	0	0	0	0
59086	Boeschepe	1725	1712	13	0	0	0	11	0	0	0	2	0	0	0	0	0	0	0	0	0	0	0	0	0	0	0	0	0
59087	Boëseghem	622	620	2	0	0	0	2	0	0	0	0	0	0	0	0	0	0	0	0	0	0	0	0	0	0	0	0	0
59088	Bois-Grenier	1454	1448	6	0	0	0	2	4	0	0	0	0	0	0	0	0	0	0	0	0	0	0	0	0	0	0	0	0
59089	Bollezeele	996	996	0	0	0	0	0	0	0	0	0	0	0	0	0	0	0	0	0	0	0	0	0	0	0	0	0	0
59090	Bondues	8614	8487	127	2	9	6	70	10	0	0	12	0	5	0	0	2	0	7	0	0	4	0	0	0	0	0	0	0
59091	Borre	472	464	8	0	0	6	0	0	0	0	2	0	0	0	0	0	0	0	0	0	0	0	0	0	0	0	0	0
59092	Bouchain	3180	3170	10	0	0	10	0	0	0	0	0	0	0	0	0	0	0	0	0	0	0	0	0	0	0	0	0	0
59093	Boulogne-sur-Helpe	220	218	2	0	0	0	2	0	0	0	0	0	0	0	0	0	0	0	0	0	0	0	0	0	0	0	0	0
59094	Bourbourg	4953	4943	10	0	0	4	2	4	0	0	0	0	0	0	0	0	0	0	0	0	0	0	0	0	0	0	0	0
59096	Bourghelles	1342	1340	2	0	0	0	0	0	0	0	2	0	0	0	0	0	0	0	0	0	0	0	0	0	0	0	0	0
59097	Boursies	274	272	2	0	0	0	2	0	0	0	0	0	0	0	0	0	0	0	0	0	0	0	0	0	0	0	0	0
59098	Bousbecque	4011	3914	97	0	2	4	14	29	0	0	0	0	48	0	0	0	0	0	0	0	0	0	0	0	0	0	0	0
59099	Bousies	1246	1241	5	0	0	1	0	4	0	0	0	0	0	0	0	0	0	0	0	0	0	0	0	0	0	0	0	0
59100	Bousignies	279	277	2	0	0	0	1	0	0	0	0	0	1	0	0	0	0	0	0	0	0	0	0	0	0	0	0	0
59101	Bousignies-sur-Roc	327	208	119	0	0	1	118	0	0	0	0	0	0	0	0	0	0	0	0	0	0	0	0	0	0	0	0	0
59102	Boussières-en-Cambrésis	333	333	0	0	0	0	0	0	0	0	0	0	0	0	0	0	0	0	0	0	0	0	0	0	0	0	0	0
59103	Boussières-sur-Sambre	397	387	10	0	0	4	6	0	0	0	0	0	0	0	0	0	0	0	0	0	0	0	0	0	0	0	0	0
59104	Boussois	2039	1999	40	0	0	5	25	4	0	0	4	0	2	0	0	0	0	0	0	0	0	0	0	0	0	0	0	0
59105	Bouvignies	1281	1271	10	0	2	2	2	0	0	0	4	0	0	0	0	0	0	0	0	0	0	0	0	0	0	0	0	0
59106	Bouvines	641	635	6	0	2	0	4	0	0	0	0	0	0	0	0	0	0	0	0	0	0	0	0	0	0	0	0	0
59107	Bray-Dunes	4083	3841	242	0	2	4	226	4	0	0	0	0	0	0	0	4	0	2	0	0	0	0	0	0	0	0	0	0
59108	Briastre	519	519	0	0	0	0	0	0	0	0	0	0	0	0	0	0	0	0	0	0	0	0	0	0	0	0	0	0
59109	Brillon	643	637	6	0	0	2	4	0	0	0	0	0	0	0	0	0	0	0	0	0	0	0	0	0	0	0	0	0
59110	Brouckerque	1186	1178	8	0	0	0	8	0	0	0	0	0	0	0	0	0	0	0	0	0	0	0	0	0	0	0	0	0
59111	Broxeele	315	315	0	0	0	0	0	0	0	0	0	0	0	0	0	0	0	0	0	0	0	0	0	0	0	0	0	0
59112	Bruay-sur-l'Escaut	8563	8468	95	0	0	31	48	3	0	0	0	0	13	0	0	0	0	0	0	0	0	0	0	0	0	0	0	0
59113	Bruille-lez-Marchiennes	910	904	6	0	0	2	4	0	0	0	0	0	0	0	0	0	0	0	0	0	0	0	0	0	0	0	0	0
59114	Bruille-Saint-Amand	1289	1288	1	0	1	0	0	0	0	0	0	0	0	0	0	0	0	0	0	0	0	0	0	0	0	0	0	0
59115	Brunémont	515	513	2	0	0	0	0	2	0	0	0	0	0	0	0	0	0	0	0	0	0	0	0	0	0	0	0	0
59116	Bry	330	308	22	0	0	0	22	0	0	0	0	0	0	0	0	0	0	0	0	0	0	0	0	0	0	0	0	0
59117	Bugnicourt	854	850	4	0	0	4	0	0	0	0	0	0	0	0	0	0	0	0	0	0	0	0	0	0	0	0	0	0
59118	Busigny	1824	1815	9	0	0	5	2	2	0	0	0	0	0	0	0	0	0	0	0	0	0	0	0	0	0	0	0	0
59119	Buysscheure	452	452	0	0	0	0	0	0	0	0	0	0	0	0	0	0	0	0	0	0	0	0	0	0	0	0	0	0
59120	Caëstre	1553	1543	10	0	0	0	2	4	0	0	2	0	2	0	0	0	0	0	0	0	0	0	0	0	0	0	0	0
59121	Cagnoncles	525	517	8	0	0	0	2	6	0	0	0	0	0	0	0	0	0	0	0	0	0	0	0	0	0	0	0	0
59122	Cambrai	23065	22781	284	0	2	14	28	204	0	0	2	0	27	0	1	0	4	2	0	0	0	0	0	0	0	0	0	0
59123	Camphin-en-Carembault	1360	1358	2	0	0	0	2	0	0	0	0	0	0	0	0	0	0	0	0	0	0	0	0	0	0	0	0	0
59124	Camphin-en-Pévèle	1980	1949	31	0	0	0	29	0	0	0	0	0	0	0	0	0	0	2	0	0	0	0	0	0	0	0	0	0
59125	Cantaing-sur-Escaut	321	317	4	0	0	0	2	0	0	0	2	0	0	0	0	0	0	0	0	0	0	0	0	0	0	0	0	0
59126	Cantin	1226	1214	12	0	0	2	4	4	0	0	2	0	0	0	0	0	0	0	0	0	0	0	0	0	0	0	0	0
59127	Capelle	132	130	2	0	2	0	0	0	0	0	0	0	0	0	0	0	0	0	0	0	0	0	0	0	0	0	0	0
59128	Capinghem	1767	1760	7	0	0	0	5	2	0	0	0	0	0	0	0	0	0	0	0	0	0	0	0	0	0	0	0	0
59129	Cappelle-en-Pévèle	1828	1810	18	0	0	4	10	4	0	0	0	0	0	0	0	0	0	0	0	0	0	0	0	0	0	0	0	0
59130	Cappelle-Brouck	971	971	0	0	0	0	0	0	0	0	0	0	0	0	0	0	0	0	0	0	0	0	0	0	0	0	0	0
59131	Cappelle-la-Grande	6276	6257	19	0	2	5	6	4	0	0	0	0	1	0	0	0	1	0	0	0	0	0	0	0	0	0	0	0
59132	Carnières	787	765	22	0	0	0	0	22	0	0	0	0	0	0	0	0	0	0	0	0	0	0	0	0	0	0	0	0
59133	Carnin	867	865	2	0	0	2	0	0	0	0	0	0	0	0	0	0	0	0	0	0	0	0	0	0	0	0	0	0
59134	Cartignies	848	845	3	0	0	0	1	0	0	0	2	0	0	0	0	0	0	0	0	0	0	0	0	0	0	0	0	0
59135	Cassel	1769	1753	16	0	6	4	4	0	0	0	2	0	0	0	0	0	0	0	0	0	0	0	0	0	0	0	0	0
59136	Le Cateau-Cambrésis	4329	4321	8	0	0	0	4	4	0	0	0	0	0	0	0	0	0	0	0	0	0	0	0	0	0	0	0	0
59137	Catillon-sur-Sambre	567	565	2	0	0	0	0	0	0	0	0	0	2	0	0	0	0	0	0	0	0	0	0	0	0	0	0	0
59138	Cattenières	523	519	4	0	0	0	0	0	0	0	0	0	4	0	0	0	0	0	0	0	0	0	0	0	0	0	0	0
59139	Caudry	9745	9665	80	0	0	4	20	42	0	0	2	0	6	0	0	0	6	0	0	0	0	0	0	0	0	0	0	0
59140	Caullery	372	372	0	0	0	0	0	0	0	0	0	0	0	0	0	0	0	0	0	0	0	0	0	0	0	0	0	0
59141	Cauroir	465	465	0	0	0	0	0	0	0	0	0	0	0	0	0	0	0	0	0	0	0	0	0	0	0	0	0	0
59142	Cerfontaine	563	541	22	0	0	0	22	0	0	0	0	0	0	0	0	0	0	0	0	0	0	0	0	0	0	0	0	0
59143	La Chapelle-d'Armentières	6376	6355	21	0	2	2	3	9	0	0	0	0	5	0	0	0	0	0	0	0	0	0	0	0	0	0	0	0
59144	Château-l'Abbaye	699	679	20	0	0	0	20	0	0	0	0	0	0	0	0	0	0	0	0	0	0	0	0	0	0	0	0	0
59145	Chemy	637	635	2	0	0	2	0	0	0	0	0	0	0	0	0	0	0	0	0	0	0	0	0	0	0	0	0	0
59146	Chéreng	2520	2506	14	0	0	2	9	1	0	0	2	0	0	0	0	0	0	0	0	0	0	0	0	0	0	0	0	0
59147	Choisies	52	52	0	0	0	0	0	0	0	0	0	0	0	0	0	0	0	0	0	0	0	0	0	0	0	0	0	0
59148	Clairfayts	273	247	26	0	0	0	25	0	0	0	1	0	0	0	0	0	0	0	0	0	0	0	0	0	0	0	0	0
59149	Clary	825	818	7	0	0	0	0	7	0	0	0	0	0	0	0	0	0	0	0	0	0	0	0	0	0	0	0	0
59150	Cobrieux	474	470	4	0	0	0	4	0	0	0	0	0	0	0	0	0	0	0	0	0	0	0	0	0	0	0	0	0
59151	Colleret	1265	1212	53	0	0	5	47	0	0	0	0	0	0	0	1	0	0	0	0	0	0	0	0	0	0	0	0	0
59152	Comines	10069	9895	174	0	0	20	90	43	0	0	4	0	15	0	2	0	0	0	0	0	0	0	0	0	0	0	0	0
59153	Condé-sur-l'Escaut	5895	5676	219	0	2	95	96	14	4	0	2	0	4	0	0	0	0	2	0	0	0	0	0	0	0	0	0	0
59155	Coudekerque-Branche	16107	16054	53	0	3	6	28	14	0	0	0	0	2	0	0	0	0	0	0	0	0	0	0	0	0	0	0	0
59156	Courchelettes	2163	2157	6	0	0	2	4	0	0	0	0	0	0	0	0	0	0	0	0	0	0	0	0	0	0	0	0	0
59157	Cousolre	1635	1440	195	0	0	8	177	2	0	0	2	0	4	0	0	0	0	0	0	0	0	2	0	0	0	0	0	0
59158	Coutiches	2496	2476	20	0	0	0	9	11	0	0	0	0	0	0	0	0	0	0	0	0	0	0	0	0	0	0	0	0
59159	Craywick	506	506	0	0	0	0	0	0	0	0	0	0	0	0	0	0	0	0	0	0	0	0	0	0	0	0	0	0
59160	Crespin	3093	3005	88	0	0	7	73	0	0	0	0	0	2	0	0	0	6	0	0	0	0	0	0	0	0	0	0	0
59161	Crèvecœur-sur-l'Escaut	564	564	0	0	0	0	0	0	0	0	0	0	0	0	0	0	0	0	0	0	0	0	0	0	0	0	0	0
59162	Crochte	540	540	0	0	0	0	0	0	0	0	0	0	0	0	0	0	0	0	0	0	0	0	0	0	0	0	0	0
59163	Croix	13733	13529	204	1	4	25	42	98	0	2	2	0	18	0	0	0	6	4	0	2	0	0	0	0	0	0	0	0
59164	Croix-Caluyau	219	219	0	0	0	0	0	0	0	0	0	0	0	0	0	0	0	0	0	0	0	0	0	0	0	0	0	0
59165	Cuincy	5010	4995	15	0	0	2	5	4	0	0	2	0	2	0	0	0	0	0	0	0	0	0	0	0	0	0	0	0
59166	Curgies	1056	1044	12	0	0	2	8	0	0	0	2	0	0	0	0	0	0	0	0	0	0	0	0	0	0	0	0	0
59167	Cuvillers	151	151	0	0	0	0	0	0	0	0	0	0	0	0	0	0	0	0	0	0	0	0	0	0	0	0	0	0
59168	Cysoing	4091	4049	42	0	2	6	18	6	0	0	6	0	4	0	0	0	0	0	0	0	0	0	0	0	0	0	0	0
59169	Damousies	172	164	8	0	0	0	6	0	0	0	0	0	0	0	0	0	0	0	0	0	0	2	0	0	0	0	0	0
59170	Dechy	3543	3527	16	0	0	10	3	2	0	0	0	0	0	0	0	0	0	0	0	1	0	0	0	0	0	0	0	0
59171	Dehéries	35	35	0	0	0	0	0	0	0	0	0	0	0	0	0	0	0	0	0	0	0	0	0	0	0	0	0	0
59172	Denain	11934	11831	103	0	0	68	16	12	0	0	0	0	5	0	0	0	0	0	0	0	0	0	2	0	0	0	0	0
59173	Deûlémont	1521	1515	6	0	0	0	6	0	0	0	0	0	0	0	0	0	0	0	0	0	0	0	0	0	0	0	0	0
59174	Dimechaux	269	249	20	0	0	2	18	0	0	0	0	0	0	0	0	0	0	0	0	0	0	0	0	0	0	0	0	0
59175	Dimont	250	248	2	0	0	0	2	0	0	0	0	0	0	0	0	0	0	0	0	0	0	0	0	0	0	0	0	0
59176	Doignies	267	267	0	0	0	0	0	0	0	0	0	0	0	0	0	0	0	0	0	0	0	0	0	0	0	0	0	0
59177	Dompierre-sur-Helpe	618	618	0	0	0	0	0	0	0	0	0	0	0	0	0	0	0	0	0	0	0	0	0	0	0	0	0	0
59178	Douai	26562	26440	122	0	4	20	63	6	0	1	10	0	11	0	3	0	2	0	0	0	2	0	0	0	0	0	0	0
59179	Douchy-les-Mines	7161	7107	54	0	0	20	8	14	0	0	2	0	4	0	0	2	2	2	0	0	0	0	0	0	0	0	0	0
59180	Le Doulieu	1150	1150	0	0	0	0	0	0	0	0	0	0	0	0	0	0	0	0	0	0	0	0	0	0	0	0	0	0
59181	Dourlers	411	409	2	0	0	0	2	0	0	0	0	0	0	0	0	0	0	0	0	0	0	0	0	0	0	0	0	0
59182	Drincham	199	199	0	0	0	0	0	0	0	0	0	0	0	0	0	0	0	0	0	0	0	0	0	0	0	0	0	0
59183	Dunkerque	61066	60702	364	4	8	73	174	40	0	0	27	2	16	0	4	4	4	4	2	2	0	0	0	0	0	0	0	0
59184	Ebblinghem	518	518	0	0	0	0	0	0	0	0	0	0	0	0	0	0	0	0	0	0	0	0	0	0	0	0	0	0
59185	Écaillon	1438	1434	4	0	0	4	0	0	0	0	0	0	0	0	0	0	0	0	0	0	0	0	0	0	0	0	0	0
59186	Eccles	61	59	2	0	0	0	2	0	0	0	0	0	0	0	0	0	0	0	0	0	0	0	0	0	0	0	0	0
59187	Éclaibes	244	240	4	0	0	2	2	0	0	0	0	0	0	0	0	0	0	0	0	0	0	0	0	0	0	0	0	0
59188	Écuélin	105	105	0	0	0	0	0	0	0	0	0	0	0	0	0	0	0	0	0	0	0	0	0	0	0	0	0	0
59189	Eecke	1007	991	16	0	0	0	16	0	0	0	0	0	0	0	0	0	0	0	0	0	0	0	0	0	0	0	0	0
59190	Élesmes	772	724	48	0	0	2	40	2	0	0	2	0	2	0	0	0	0	0	0	0	0	0	0	0	0	0	0	0
59191	Élincourt	466	464	2	0	0	0	2	0	0	0	0	0	0	0	0	0	0	0	0	0	0	0	0	0	0	0	0	0
59192	Émerchicourt	636	634	2	0	0	0	0	2	0	0	0	0	0	0	0	0	0	0	0	0	0	0	0	0	0	0	0	0
59193	Emmerin	2465	2461	4	0	4	0	0	0	0	0	0	0	0	0	0	0	0	0	0	0	0	0	0	0	0	0	0	0
59194	Englefontaine	1021	1014	7	0	0	0	2	5	0	0	0	0	0	0	0	0	0	0	0	0	0	0	0	0	0	0	0	0
59195	Englos	500	500	0	0	0	0	0	0	0	0	0	0	0	0	0	0	0	0	0	0	0	0	0	0	0	0	0	0
59196	Ennetières-en-Weppes	1079	1079	0	0	0	0	0	0	0	0	0	0	0	0	0	0	0	0	0	0	0	0	0	0	0	0	0	0
59197	Ennevelin	1894	1888	6	0	0	0	6	0	0	0	0	0	0	0	0	0	0	0	0	0	0	0	0	0	0	0	0	0
59198	Eppe-Sauvage	232	155	77	0	0	0	75	0	0	0	2	0	0	0	0	0	0	0	0	0	0	0	0	0	0	0	0	0
59199	Erchin	558	556	2	0	0	2	0	0	0	0	0	0	0	0	0	0	0	0	0	0	0	0	0	0	0	0	0	0
59200	Eringhem	377	375	2	0	0	0	2	0	0	0	0	0	0	0	0	0	0	0	0	0	0	0	0	0	0	0	0	0
59201	Erquinghem-le-Sec	456	450	6	0	0	2	2	2	0	0	0	0	0	0	0	0	0	0	0	0	0	0	0	0	0	0	0	0
59202	Erquinghem-Lys	3928	3920	8	0	0	0	3	5	0	0	0	0	0	0	0	0	0	0	0	0	0	0	0	0	0	0	0	0
59203	Erre	1158	1150	8	0	0	6	2	0	0	0	0	0	0	0	0	0	0	0	0	0	0	0	0	0	0	0	0	0
59204	Escarmain	385	379	6	0	0	0	6	0	0	0	0	0	0	0	0	0	0	0	0	0	0	0	0	0	0	0	0	0
59205	Escaudain	6336	6274	62	0	0	32	8	12	0	0	0	0	8	0	0	0	0	0	0	0	0	0	2	0	0	0	0	0
59206	Escaudœuvres	2317	2261	56	2	0	0	2	46	0	0	2	0	2	0	0	2	0	0	0	0	0	0	0	0	0	0	0	0
59207	Escautpont	3276	3228	48	0	0	22	20	0	0	0	0	0	4	0	0	0	2	0	0	0	0	0	0	0	0	0	0	0
59208	Escobecques	260	258	2	0	0	0	0	0	0	0	0	0	2	0	0	0	0	0	0	0	0	0	0	0	0	0	0	0
59209	Esnes	517	515	2	0	0	0	2	0	0	0	0	0	0	0	0	0	0	0	0	0	0	0	0	0	0	0	0	0
59210	Esquelbecq	1666	1660	6	0	2	0	4	0	0	0	0	0	0	0	0	0	0	0	0	0	0	0	0	0	0	0	0	0
59211	Esquerchin	606	602	4	0	0	0	4	0	0	0	0	0	0	0	0	0	0	0	0	0	0	0	0	0	0	0	0	0
59212	Estaires	5273	5266	7	0	0	2	3	2	0	0	0	0	0	0	0	0	0	0	0	0	0	0	0	0	0	0	0	0
59213	Estourmel	372	368	4	0	0	0	0	4	0	0	0	0	0	0	0	0	0	0	0	0	0	0	0	0	0	0	0	0
59214	Estrées	864	864	0	0	0	0	0	0	0	0	0	0	0	0	0	0	0	0	0	0	0	0	0	0	0	0	0	0
59215	Estreux	789	780	9	0	0	0	8	0	0	0	0	0	0	0	0	0	1	0	0	0	0	0	0	0	0	0	0	0
59216	Eswars	299	289	10	0	0	2	0	8	0	0	0	0	0	0	0	0	0	0	0	0	0	0	0	0	0	0	0	0
59217	Eth	270	270	0	0	0	0	0	0	0	0	0	0	0	0	0	0	0	0	0	0	0	0	0	0	0	0	0	0
59218	Étrœungt	907	903	4	0	0	0	4	0	0	0	0	0	0	0	0	0	0	0	0	0	0	0	0	0	0	0	0	0
59219	Estrun	567	553	14	0	0	0	2	0	0	0	12	0	0	0	0	0	0	0	0	0	0	0	0	0	0	0	0	0
59220	Faches-Thumesnil	12404	12336	68	0	4	7	18	10	0	0	6	0	9	2	0	0	0	10	0	0	0	0	2	0	0	0	0	0
59221	Famars	1829	1817	12	0	0	0	12	0	0	0	0	0	0	0	0	0	0	0	0	0	0	0	0	0	0	0	0	0
59222	Faumont	1849	1841	8	0	0	2	4	2	0	0	0	0	0	0	0	0	0	0	0	0	0	0	0	0	0	0	0	0
59223	Le Favril	382	379	3	0	0	1	2	0	0	0	0	0	0	0	0	0	0	0	0	0	0	0	0	0	0	0	0	0
59224	Féchain	1252	1245	7	0	0	0	0	2	0	0	0	0	5	0	0	0	0	0	0	0	0	0	0	0	0	0	0	0
59225	Feignies	4700	4563	137	0	2	13	95	26	0	0	0	0	1	0	0	0	0	0	0	0	0	0	0	0	0	0	0	0
59226	Felleries	966	938	28	0	0	4	24	0	0	0	0	0	0	0	0	0	0	0	0	0	0	0	0	0	0	0	0	0
59227	Fenain	4216	4162	54	0	0	28	20	0	0	0	0	0	4	0	0	0	2	0	0	0	0	0	0	0	0	0	0	0
59228	Férin	1142	1140	2	0	0	1	1	0	0	0	0	0	0	0	0	0	0	0	0	0	0	0	0	0	0	0	0	0
59229	Féron	455	451	4	0	0	0	4	0	0	0	0	0	0	0	0	0	0	0	0	0	0	0	0	0	0	0	0	0
59230	Ferrière-la-Grande	3852	3800	52	0	0	12	36	4	0	0	0	0	0	0	0	0	0	0	0	0	0	0	0	0	0	0	0	0
59231	Ferrière-la-Petite	775	743	32	0	0	0	28	2	0	0	0	0	2	0	0	0	0	0	0	0	0	0	0	0	0	0	0	0
59232	La Flamengrie	352	316	36	0	0	0	36	0	0	0	0	0	0	0	0	0	0	0	0	0	0	0	0	0	0	0	0	0
59233	Flaumont-Waudrechies	272	270	2	0	0	0	0	0	0	0	0	0	2	0	0	0	0	0	0	0	0	0	0	0	0	0	0	0
59234	Flers-en-Escrebieux	3613	3609	4	0	0	1	0	2	0	0	0	0	0	0	0	0	1	0	0	0	0	0	0	0	0	0	0	0
59236	Flesquières	207	207	0	0	0	0	0	0	0	0	0	0	0	0	0	0	0	0	0	0	0	0	0	0	0	0	0	0
59237	Flêtre	705	705	0	0	0	0	0	0	0	0	0	0	0	0	0	0	0	0	0	0	0	0	0	0	0	0	0	0
59238	Flines-lès-Mortagne	1322	1250	72	0	0	0	70	0	0	0	0	0	2	0	0	0	0	0	0	0	0	0	0	0	0	0	0	0
59239	Flines-lez-Raches	4507	4494	13	0	0	4	8	0	0	0	1	0	0	0	0	0	0	0	0	0	0	0	0	0	0	0	0	0
59240	Floursies	105	105	0	0	0	0	0	0	0	0	0	0	0	0	0	0	0	0	0	0	0	0	0	0	0	0	0	0
59241	Floyon	388	380	8	0	0	0	6	2	0	0	0	0	0	0	0	0	0	0	0	0	0	0	0	0	0	0	0	0
59242	Fontaine-au-Bois	538	534	4	0	0	2	2	0	0	0	0	0	0	0	0	0	0	0	0	0	0	0	0	0	0	0	0	0
59243	Fontaine-au-Pire	754	754	0	0	0	0	0	0	0	0	0	0	0	0	0	0	0	0	0	0	0	0	0	0	0	0	0	0
59244	Fontaine-Notre-Dame	1346	1341	5	0	0	0	0	0	0	1	2	0	2	0	0	0	0	0	0	0	0	0	0	0	0	0	0	0
59246	Forest-en-Cambrésis	417	415	2	0	0	0	2	0	0	0	0	0	0	0	0	0	0	0	0	0	0	0	0	0	0	0	0	0
59247	Forest-sur-Marque	1283	1269	14	4	0	2	4	2	0	0	0	0	2	0	0	0	0	0	0	0	0	0	0	0	0	0	0	0
59249	Fourmies	8614	8540	74	0	2	6	58	2	0	2	0	0	2	0	0	0	2	0	0	0	0	0	0	0	0	0	0	0
59250	Fournes-en-Weppes	1825	1819	6	0	0	0	2	2	0	0	0	0	0	0	0	2	0	0	0	0	0	0	0	0	0	0	0	0
59251	Frasnoy	274	270	4	0	0	0	4	0	0	0	0	0	0	0	0	0	0	0	0	0	0	0	0	0	0	0	0	0
59252	Frelinghien	2080	2057	23	0	0	0	11	10	0	0	0	0	2	0	0	0	0	0	0	0	0	0	0	0	0	0	0	0
59253	Fresnes-sur-Escaut	4741	4675	66	0	0	30	34	2	0	0	0	0	0	0	0	0	0	0	0	0	0	0	0	0	0	0	0	0
59254	Fressain	688	684	4	0	0	2	2	0	0	0	0	0	0	0	0	0	0	0	0	0	0	0	0	0	0	0	0	0
59255	Fressies	444	442	2	0	0	0	0	0	0	0	0	0	2	0	0	0	0	0	0	0	0	0	0	0	0	0	0	0
59256	Fretin	2539	2516	23	0	2	8	9	2	0	0	2	0	0	0	0	0	0	0	0	0	0	0	0	0	0	0	0	0
59257	Fromelles	876	872	4	0	0	0	2	0	0	0	0	0	0	0	0	2	0	0	0	0	0	0	0	0	0	0	0	0
59258	Genech	1976	1956	20	0	0	2	12	4	0	0	0	0	0	0	0	0	2	0	0	0	0	0	0	0	0	0	0	0
59259	Ghissignies	390	384	6	0	2	2	2	0	0	0	0	0	0	0	0	0	0	0	0	0	0	0	0	0	0	0	0	0
59260	Ghyvelde	3529	3408	121	0	0	6	109	4	0	0	0	0	0	0	0	0	0	2	0	0	0	0	0	0	0	0	0	0
59261	Glageon	1098	1086	12	0	0	0	8	4	0	0	0	0	0	0	0	0	0	0	0	0	0	0	0	0	0	0	0	0
59262	Godewaersvelde	1556	1532	24	0	2	0	20	0	0	0	2	0	0	0	0	0	0	0	0	0	0	0	0	0	0	0	0	0
59263	Gœulzin	896	896	0	0	0	0	0	0	0	0	0	0	0	0	0	0	0	0	0	0	0	0	0	0	0	0	0	0
59264	Gognies-Chaussée	653	545	108	0	0	6	100	2	0	0	0	0	0	0	0	0	0	0	0	0	0	0	0	0	0	0	0	0
59265	Gommegnies	1791	1780	11	0	0	2	9	0	0	0	0	0	0	0	0	0	0	0	0	0	0	0	0	0	0	0	0	0
59266	Gondecourt	3387	3379	8	0	0	0	2	2	0	0	0	0	2	0	0	2	0	0	0	0	0	0	0	0	0	0	0	0
59267	Gonnelieu	238	236	2	0	0	0	2	0	0	0	0	0	0	0	0	0	0	0	0	0	0	0	0	0	0	0	0	0
59268	La Gorgue	4094	4079	15	0	0	2	6	5	0	0	0	0	0	0	0	2	0	0	0	0	0	0	0	0	0	0	0	0
59269	Gouzeaucourt	1148	1144	4	0	0	0	0	2	0	0	0	0	2	0	0	0	0	0	0	0	0	0	0	0	0	0	0	0
59270	Grand-Fayt	374	374	0	0	0	0	0	0	0	0	0	0	0	0	0	0	0	0	0	0	0	0	0	0	0	0	0	0
59271	Grande-Synthe	14509	14378	131	0	0	49	14	49	0	0	0	0	16	0	0	0	3	0	0	0	0	0	0	0	0	0	0	0
59272	Grand-Fort-Philippe	4188	4152	36	0	0	4	24	6	0	0	0	0	2	0	0	0	0	0	0	0	0	0	0	0	0	0	0	0
59273	Gravelines	9164	9132	32	2	0	2	22	2	0	0	0	0	4	0	0	0	0	0	0	0	0	0	0	0	0	0	0	0
59274	La Groise	352	350	2	0	0	0	2	0	0	0	0	0	0	0	0	0	0	0	0	0	0	0	0	0	0	0	0	0
59275	Gruson	1091	1071	20	0	0	2	14	4	0	0	0	0	0	0	0	0	0	0	0	0	0	0	0	0	0	0	0	0
59276	Guesnain	3359	3335	24	0	0	22	0	0	0	0	0	0	0	0	0	0	2	0	0	0	0	0	0	0	0	0	0	0
59277	Gussignies	283	176	107	0	0	1	106	0	0	0	0	0	0	0	0	0	0	0	0	0	0	0	0	0	0	0	0	0
59278	Hallennes-lez-Haubourdin	3460	3446	14	0	0	1	2	8	0	0	2	0	1	0	0	0	0	0	0	0	0	0	0	0	0	0	0	0
59279	Halluin	15360	15024	336	0	6	48	132	78	0	0	6	0	52	0	0	0	0	8	2	0	2	2	0	0	0	0	0	0
59280	Hamel	649	643	6	0	0	4	0	0	0	0	2	0	0	0	0	0	0	0	0	0	0	0	0	0	0	0	0	0
59281	Hantay	919	913	6	0	0	2	2	0	0	0	0	0	2	0	0	0	0	0	0	0	0	0	0	0	0	0	0	0
59282	Hardifort	336	329	7	0	0	0	7	0	0	0	0	0	0	0	0	0	0	0	0	0	0	0	0	0	0	0	0	0
59283	Hargnies	473	454	19	0	0	1	18	0	0	0	0	0	0	0	0	0	0	0	0	0	0	0	0	0	0	0	0	0
59284	Hasnon	3196	3156	40	2	0	6	26	2	0	0	0	0	4	0	0	0	0	0	0	0	0	0	0	0	0	0	0	0
59285	Haspres	2011	2002	9	0	0	3	4	2	0	0	0	0	0	0	0	0	0	0	0	0	0	0	0	0	0	0	0	0
59286	Haubourdin	9852	9801	51	0	0	14	17	10	0	2	2	0	2	0	0	0	2	0	2	0	0	0	0	0	0	0	0	0
59287	Haucourt-en-Cambrésis	156	156	0	0	0	0	0	0	0	0	0	0	0	0	0	0	0	0	0	0	0	0	0	0	0	0	0	0
59288	Haulchin	1676	1660	16	0	0	10	6	0	0	0	0	0	0	0	0	0	0	0	0	0	0	0	0	0	0	0	0	0
59289	Haussy	1152	1152	0	0	0	0	0	0	0	0	0	0	0	0	0	0	0	0	0	0	0	0	0	0	0	0	0	0
59290	Haut-Lieu	302	298	4	0	0	0	4	0	0	0	0	0	0	0	0	0	0	0	0	0	0	0	0	0	0	0	0	0
59291	Hautmont	9678	9604	74	0	2	21	34	10	0	0	0	0	7	0	0	0	0	0	0	0	0	0	0	0	0	0	0	0
59292	Haveluy	2287	2270	17	0	0	12	2	3	0	0	0	0	0	0	0	0	0	0	0	0	0	0	0	0	0	0	0	0
59293	Haverskerque	1117	1117	0	0	0	0	0	0	0	0	0	0	0	0	0	0	0	0	0	0	0	0	0	0	0	0	0	0
59294	Haynecourt	254	254	0	0	0	0	0	0	0	0	0	0	0	0	0	0	0	0	0	0	0	0	0	0	0	0	0	0
59295	Hazebrouck	16916	16857	59	0	6	12	31	2	0	0	2	0	6	0	0	0	0	0	0	0	0	0	0	0	0	0	0	0
59296	Hecq	312	310	2	0	0	0	2	0	0	0	0	0	0	0	0	0	0	0	0	0	0	0	0	0	0	0	0	0
59297	Hélesmes	1480	1464	16	0	0	6	2	8	0	0	0	0	0	0	0	0	0	0	0	0	0	0	0	0	0	0	0	0
59299	Hem	14034	13890	144	0	0	32	42	60	0	0	2	0	6	0	0	0	0	0	0	2	0	0	0	0	0	0	0	0
59300	Hem-Lenglet	403	403	0	0	0	0	0	0	0	0	0	0	0	0	0	0	0	0	0	0	0	0	0	0	0	0	0	0
59301	Hergnies	3517	3390	127	0	0	12	105	0	0	0	2	2	4	0	0	0	2	0	0	0	0	0	0	0	0	0	0	0
59302	Hérin	2967	2949	18	0	0	5	9	1	0	0	2	0	1	0	0	0	0	0	0	0	0	0	0	0	0	0	0	0
59303	Herlies	1892	1884	8	0	0	2	0	6	0	0	0	0	0	0	0	0	0	0	0	0	0	0	0	0	0	0	0	0
59304	Herrin	343	343	0	0	0	0	0	0	0	0	0	0	0	0	0	0	0	0	0	0	0	0	0	0	0	0	0	0
59305	Herzeele	1289	1273	16	0	4	0	10	2	0	0	0	0	0	0	0	0	0	0	0	0	0	0	0	0	0	0	0	0
59306	Hestrud	263	186	77	0	0	0	77	0	0	0	0	0	0	0	0	0	0	0	0	0	0	0	0	0	0	0	0	0
59307	Holque	721	721	0	0	0	0	0	0	0	0	0	0	0	0	0	0	0	0	0	0	0	0	0	0	0	0	0	0
59308	Hondeghem	744	740	4	0	0	2	0	2	0	0	0	0	0	0	0	0	0	0	0	0	0	0	0	0	0	0	0	0
59309	Hondschoote	3110	3078	32	0	0	2	28	1	0	0	0	0	0	0	0	0	0	1	0	0	0	0	0	0	0	0	0	0
59310	Hon-Hergies	578	462	116	0	0	2	112	2	0	0	0	0	0	0	0	0	0	0	0	0	0	0	0	0	0	0	0	0
59311	Honnechy	387	387	0	0	0	0	0	0	0	0	0	0	0	0	0	0	0	0	0	0	0	0	0	0	0	0	0	0
59312	Honnecourt-sur-Escaut	525	525	0	0	0	0	0	0	0	0	0	0	0	0	0	0	0	0	0	0	0	0	0	0	0	0	0	0
59313	Hordain	1156	1146	10	0	0	4	2	0	0	0	2	0	2	0	0	0	0	0	0	0	0	0	0	0	0	0	0	0
59314	Hornaing	2868	2862	6	0	0	5	0	1	0	0	0	0	0	0	0	0	0	0	0	0	0	0	0	0	0	0	0	0
59315	Houdain-lez-Bavay	712	660	52	0	0	0	50	2	0	0	0	0	0	0	0	0	0	0	0	0	0	0	0	0	0	0	0	0
59316	Houplin-Ancoisne	2719	2697	22	0	0	2	4	12	0	0	0	0	4	0	0	0	0	0	0	0	0	0	0	0	0	0	0	0
59317	Houplines	5959	5891	68	0	0	0	42	22	0	0	0	0	4	0	0	0	0	0	0	0	0	0	0	0	0	0	0	0
59318	Houtkerque	730	720	10	0	0	0	10	0	0	0	0	0	0	0	0	0	0	0	0	0	0	0	0	0	0	0	0	0
59319	Hoymille	2824	2809	15	0	2	6	7	0	0	0	0	0	0	0	0	0	0	0	0	0	0	0	0	0	0	0	0	0
59320	Illies	1150	1144	6	0	2	0	2	0	0	0	0	0	2	0	0	0	0	0	0	0	0	0	0	0	0	0	0	0
59321	Inchy	531	527	4	0	0	0	2	2	0	0	0	0	0	0	0	0	0	0	0	0	0	0	0	0	0	0	0	0
59322	Iwuy	2493	2485	8	0	0	2	4	2	0	0	0	0	0	0	0	0	0	0	0	0	0	0	0	0	0	0	0	0
59323	Jenlain	931	924	7	0	0	0	7	0	0	0	0	0	0	0	0	0	0	0	0	0	0	0	0	0	0	0	0	0
59324	Jeumont	6994	6633	361	0	0	58	273	2	0	0	0	0	26	0	0	0	2	0	0	0	0	0	0	0	0	0	0	0
59325	Jolimetz	719	715	4	0	0	0	2	2	0	0	0	0	0	0	0	0	0	0	0	0	0	0	0	0	0	0	0	0
59326	Killem	799	799	0	0	0	0	0	0	0	0	0	0	0	0	0	0	0	0	0	0	0	0	0	0	0	0	0	0
59327	Lallaing	4732	4692	40	0	0	30	4	4	0	0	0	0	0	0	0	0	2	0	0	0	0	0	0	0	0	0	0	0
59328	Lambersart	20528	20356	172	4	12	18	70	8	0	4	17	0	14	0	4	8	6	2	0	2	2	0	0	1	0	0	0	0
59329	Lambres-lez-Douai	3662	3658	4	0	0	0	0	0	0	0	4	0	0	0	0	0	0	0	0	0	0	0	0	0	0	0	0	0
59330	Landas	2155	2127	28	0	2	1	23	0	0	0	0	0	1	0	0	0	1	0	0	0	0	0	0	0	0	0	0	0
59331	Landrecies	2571	2553	18	0	0	0	16	2	0	0	0	0	0	0	0	0	0	0	0	0	0	0	0	0	0	0	0	0
59332	Lannoy	1176	1167	9	0	0	2	7	0	0	0	0	0	0	0	0	0	0	0	0	0	0	0	0	0	0	0	0	0
59333	Larouillies	188	188	0	0	0	0	0	0	0	0	0	0	0	0	0	0	0	0	0	0	0	0	0	0	0	0	0	0
59334	Lauwin-Planque	1341	1339	2	0	0	0	2	0	0	0	0	0	0	0	0	0	0	0	0	0	0	0	0	0	0	0	0	0
59335	Lecelles	2500	2435	65	0	0	3	53	0	0	0	7	0	0	0	0	2	0	0	0	0	0	0	0	0	0	0	0	0
59336	Lécluse	1015	1014	1	0	0	0	1	0	0	0	0	0	0	0	0	0	0	0	0	0	0	0	0	0	0	0	0	0
59337	Lederzeele	562	562	0	0	0	0	0	0	0	0	0	0	0	0	0	0	0	0	0	0	0	0	0	0	0	0	0	0
59338	Ledringhem	504	494	10	0	4	2	4	0	0	0	0	0	0	0	0	0	0	0	0	0	0	0	0	0	0	0	0	0
59339	Leers	8404	8271	133	0	0	50	47	24	4	0	0	0	6	0	0	0	2	0	0	0	0	0	0	0	0	0	0	0
59340	Leffrinckoucke	3659	3619	40	0	0	0	26	6	0	0	6	0	2	0	0	0	0	0	0	0	0	0	0	0	0	0	0	0
59341	Lesdain	331	331	0	0	0	0	0	0	0	0	0	0	0	0	0	0	0	0	0	0	0	0	0	0	0	0	0	0
59342	Lez-Fontaine	182	160	22	0	2	3	17	0	0	0	0	0	0	0	0	0	0	0	0	0	0	0	0	0	0	0	0	0
59343	Lesquin	6242	6212	30	0	0	4	10	10	0	0	4	0	2	0	0	0	0	0	0	0	0	0	0	0	0	0	0	0
59344	Leval	1776	1766	10	0	0	2	8	0	0	0	0	0	0	0	0	0	0	0	0	0	0	0	0	0	0	0	0	0
59345	Lewarde	1777	1777	0	0	0	0	0	0	0	0	0	0	0	0	0	0	0	0	0	0	0	0	0	0	0	0	0	0
59346	Lezennes	2583	2558	25	0	0	1	6	4	0	0	10	0	2	0	0	0	2	0	0	0	0	0	0	0	0	0	0	0
59347	Liessies	425	405	20	0	0	0	20	0	0	0	0	0	0	0	0	0	0	0	0	0	0	0	0	0	0	0	0	0
59348	Lieu-Saint-Amand	1150	1142	8	0	0	2	4	2	0	0	0	0	0	0	0	0	0	0	0	0	0	0	0	0	0	0	0	0
59349	Ligny-en-Cambrésis	1363	1318	45	0	0	3	2	40	0	0	0	0	0	0	0	0	0	0	0	0	0	0	0	0	0	0	0	0
59350	Lille	121068	120134	934	7	47	157	238	136	14	4	105	4	113	4	18	24	21	18	7	3	0	2	4	2	4	2	0	0
59351	Limont-Fontaine	460	458	2	0	0	0	0	0	0	0	2	0	0	0	0	0	0	0	0	0	0	0	0	0	0	0	0	0
59352	Linselles	6796	6754	42	0	1	5	21	2	0	0	2	0	9	2	0	0	0	0	0	0	0	0	0	0	0	0	0	0
59353	Locquignol	251	243	8	0	0	0	8	0	0	0	0	0	0	0	0	0	0	0	0	0	0	0	0	0	0	0	0	0
59354	Loffre	602	602	0	0	0	0	0	0	0	0	0	0	0	0	0	0	0	0	0	0	0	0	0	0	0	0	0	0
59356	Lompret	1796	1782	14	0	0	2	0	0	0	0	6	0	0	0	2	2	0	2	0	0	0	0	0	0	0	0	0	0
59357	La Longueville	1625	1572	53	0	0	3	46	2	0	0	0	0	0	0	0	0	2	0	0	0	0	0	0	0	0	0	0	0
59358	Looberghe	970	970	0	0	0	0	0	0	0	0	0	0	0	0	0	0	0	0	0	0	0	0	0	0	0	0	0	0
59359	Loon-Plage	4789	4772	17	0	0	7	4	2	0	0	2	0	0	2	0	0	0	0	0	0	0	0	0	0	0	0	0	0
59360	Loos	13142	13058	84	0	3	8	17	37	0	0	3	0	8	2	0	0	0	2	0	4	0	0	0	0	0	0	0	0
59361	Lourches	2387	2381	6	0	0	2	2	2	0	0	0	0	0	0	0	0	0	0	0	0	0	0	0	0	0	0	0	0
59363	Louvignies-Quesnoy	664	664	0	0	0	0	0	0	0	0	0	0	0	0	0	0	0	0	0	0	0	0	0	0	0	0	0	0
59364	Louvil	692	680	12	0	0	0	8	0	0	0	2	0	0	0	0	2	0	0	0	0	0	0	0	0	0	0	0	0
59365	Louvroil	3670	3607	63	0	0	14	40	3	0	0	2	0	2	0	2	0	0	0	0	0	0	0	0	0	0	0	0	0
59366	Lynde	636	636	0	0	0	0	0	0	0	0	0	0	0	0	0	0	0	0	0	0	0	0	0	0	0	0	0	0
59367	Lys-lez-Lannoy	9424	9270	154	2	2	36	60	46	2	0	0	0	2	0	0	0	2	0	0	0	0	2	0	0	0	0	0	0
59368	La Madeleine	15851	15726	125	0	2	16	62	11	0	0	11	0	13	0	0	2	1	2	2	0	3	0	0	0	0	0	0	0
59369	Maing	3095	3076	19	0	0	6	12	1	0	0	0	0	0	0	0	0	0	0	0	0	0	0	0	0	0	0	0	0
59370	Mairieux	579	525	54	0	0	0	50	2	0	0	0	0	2	0	0	0	0	0	0	0	0	0	0	0	0	0	0	0
59371	Le Maisnil	539	535	4	0	0	0	4	0	0	0	0	0	0	0	0	0	0	0	0	0	0	0	0	0	0	0	0	0
59372	Malincourt	405	400	5	0	0	0	0	5	0	0	0	0	0	0	0	0	0	0	0	0	0	0	0	0	0	0	0	0
59374	Marbaix	357	355	2	0	0	0	2	0	0	0	0	0	0	0	0	0	0	0	0	0	0	0	0	0	0	0	0	0
59375	Marchiennes	3700	3678	22	0	0	4	6	8	0	0	0	0	2	0	0	0	0	0	0	0	2	0	0	0	0	0	0	0
59377	Marcoing	1483	1482	1	0	0	0	0	0	0	0	0	0	0	0	0	0	1	0	0	0	0	0	0	0	0	0	0	0
59378	Marcq-en-Barœul	30092	29827	265	0	13	34	103	49	0	2	13	2	25	0	0	5	6	2	2	1	2	0	0	0	2	0	4	0
59379	Marcq-en-Ostrevent	509	509	0	0	0	0	0	0	0	0	0	0	0	0	0	0	0	0	0	0	0	0	0	0	0	0	0	0
59381	Maresches	713	709	4	0	0	0	4	0	0	0	0	0	0	0	0	0	0	0	0	0	0	0	0	0	0	0	0	0
59382	Maretz	943	918	25	0	0	2	2	21	0	0	0	0	0	0	0	0	0	0	0	0	0	0	0	0	0	0	0	0
59383	Marly	8177	8050	127	2	4	43	54	8	0	0	10	0	4	0	2	0	0	0	0	0	0	0	0	0	0	0	0	0
59384	Maroilles	1185	1181	4	0	0	0	4	0	0	0	0	0	0	0	0	0	0	0	0	0	0	0	0	0	0	0	0	0
59385	Marpent	1778	1676	102	0	0	12	83	0	0	0	2	2	0	0	1	0	0	2	0	0	0	0	0	0	0	0	0	0
59386	Marquette-lez-Lille	8139	8114	25	0	0	0	10	11	0	0	2	0	2	0	0	0	0	0	0	0	0	0	0	0	0	0	0	0
59387	Marquette-en-Ostrevant	1206	1206	0	0	0	0	0	0	0	0	0	0	0	0	0	0	0	0	0	0	0	0	0	0	0	0	0	0
59388	Marquillies	1634	1630	4	0	0	0	0	4	0	0	0	0	0	0	0	0	0	0	0	0	0	0	0	0	0	0	0	0
59389	Masnières	1989	1975	14	0	0	0	0	12	0	0	0	0	2	0	0	0	0	0	0	0	0	0	0	0	0	0	0	0
59390	Masny	2995	2960	35	0	0	34	1	0	0	0	0	0	0	0	0	0	0	0	0	0	0	0	0	0	0	0	0	0
59391	Mastaing	703	703	0	0	0	0	0	0	0	0	0	0	0	0	0	0	0	0	0	0	0	0	0	0	0	0	0	0
59392	Maubeuge	18545	18104	441	0	4	55	313	60	0	0	2	0	7	0	0	0	0	0	0	0	0	0	0	0	0	0	0	0
59393	Maulde	868	838	30	0	0	0	28	2	0	0	0	0	0	0	0	0	0	0	0	0	0	0	0	0	0	0	0	0
59394	Maurois	278	272	6	0	0	0	0	6	0	0	0	0	0	0	0	0	0	0	0	0	0	0	0	0	0	0	0	0
59395	Mazinghien	243	243	0	0	0	0	0	0	0	0	0	0	0	0	0	0	0	0	0	0	0	0	0	0	0	0	0	0
59396	Mecquignies	498	488	10	0	0	0	10	0	0	0	0	0	0	0	0	0	0	0	0	0	0	0	0	0	0	0	0	0
59397	Merckeghem	535	533	2	0	0	0	2	0	0	0	0	0	0	0	0	0	0	0	0	0	0	0	0	0	0	0	0	0
59398	Mérignies	2701	2680	21	0	4	2	11	0	0	0	2	0	0	0	0	0	2	0	0	0	0	0	0	0	0	0	0	0
59399	Merris	877	875	2	0	0	0	2	0	0	0	0	0	0	0	0	0	0	0	0	0	0	0	0	0	0	0	0	0
59400	Merville	7614	7587	27	0	0	0	21	6	0	0	0	0	0	0	0	0	0	0	0	0	0	0	0	0	0	0	0	0
59401	Méteren	1745	1729	16	0	0	4	8	0	0	0	0	0	0	0	1	1	0	0	0	0	0	0	0	0	0	0	0	2
59402	Millam	666	666	0	0	0	0	0	0	0	0	0	0	0	0	0	0	0	0	0	0	0	0	0	0	0	0	0	0
59403	Millonfosse	573	569	4	0	0	0	0	0	0	0	2	0	0	0	0	0	0	2	0	0	0	0	0	0	0	0	0	0
59405	Mœuvres	337	337	0	0	0	0	0	0	0	0	0	0	0	0	0	0	0	0	0	0	0	0	0	0	0	0	0	0
59406	Monceau-Saint-Waast	316	316	0	0	0	0	0	0	0	0	0	0	0	0	0	0	0	0	0	0	0	0	0	0	0	0	0	0
59407	Monchaux-sur-Écaillon	504	504	0	0	0	0	0	0	0	0	0	0	0	0	0	0	0	0	0	0	0	0	0	0	0	0	0	0
59408	Moncheaux	1335	1333	2	0	0	0	0	0	0	0	2	0	0	0	0	0	0	0	0	0	0	0	0	0	0	0	0	0
59409	Monchecourt	1893	1885	8	0	0	4	2	2	0	0	0	0	0	0	0	0	0	0	0	0	0	0	0	0	0	0	0	0
59410	Mons-en-Barœul	13031	12947	84	0	4	4	27	25	0	0	8	0	4	2	0	2	2	6	0	0	0	0	0	0	0	0	0	0
59411	Mons-en-Pévèle	1807	1797	10	0	2	0	4	0	0	2	2	0	0	0	0	0	0	0	0	0	0	0	0	0	0	0	0	0
59412	Montay	211	211	0	0	0	0	0	0	0	0	0	0	0	0	0	0	0	0	0	0	0	0	0	0	0	0	0	0
59413	Montigny-en-Cambrésis	459	456	3	0	0	0	3	0	0	0	0	0	0	0	0	0	0	0	0	0	0	0	0	0	0	0	0	0
59414	Montigny-en-Ostrevent	3474	3416	58	0	0	54	4	0	0	0	0	0	0	0	0	0	0	0	0	0	0	0	0	0	0	0	0	0
59415	Montrécourt	200	200	0	0	0	0	0	0	0	0	0	0	0	0	0	0	0	0	0	0	0	0	0	0	0	0	0	0
59416	Morbecque	2146	2132	14	0	0	4	8	0	0	0	0	0	2	0	0	0	0	0	0	0	0	0	0	0	0	0	0	0
59418	Mortagne-du-Nord	1162	1115	47	0	0	2	43	2	0	0	0	0	0	0	0	0	0	0	0	0	0	0	0	0	0	0	0	0
59419	Mouchin	1038	1025	13	0	0	2	11	0	0	0	0	0	0	0	0	0	0	0	0	0	0	0	0	0	0	0	0	0
59420	Moustier-en-Fagne	72	39	33	0	0	0	33	0	0	0	0	0	0	0	0	0	0	0	0	0	0	0	0	0	0	0	0	0
59421	Mouvaux	10518	10420	98	0	7	10	29	39	0	0	6	0	5	0	0	2	0	0	0	0	0	0	0	0	0	0	0	0
59422	Naves	520	516	4	0	0	0	4	0	0	0	0	0	0	0	0	0	0	0	0	0	0	0	0	0	0	0	0	0
59423	Neuf-Berquin	1064	1060	4	0	0	0	4	0	0	0	0	0	0	0	0	0	0	0	0	0	0	0	0	0	0	0	0	0
59424	Neuf-Mesnil	834	816	18	0	0	0	11	7	0	0	0	0	0	0	0	0	0	0	0	0	0	0	0	0	0	0	0	0
59425	Neuville-en-Avesnois	229	227	2	0	0	0	2	0	0	0	0	0	0	0	0	0	0	0	0	0	0	0	0	0	0	0	0	0
59426	Neuville-en-Ferrain	8519	8361	158	0	4	18	96	26	0	0	4	0	8	0	0	0	2	0	0	0	0	0	0	0	0	0	0	0
59427	La Neuville	530	530	0	0	0	0	0	0	0	0	0	0	0	0	0	0	0	0	0	0	0	0	0	0	0	0	0	0
59428	Neuville-Saint-Rémy	2675	2634	41	0	0	0	0	31	0	0	0	0	4	0	0	0	6	0	0	0	0	0	0	0	0	0	0	0
59429	Neuville-sur-Escaut	1819	1810	9	0	0	8	1	0	0	0	0	0	0	0	0	0	0	0	0	0	0	0	0	0	0	0	0	0
59430	Neuvilly	780	776	4	0	0	0	2	0	0	0	2	0	0	0	0	0	0	0	0	0	0	0	0	0	0	0	0	0
59431	Nieppe	6372	6324	48	0	0	2	15	29	0	0	0	0	2	0	0	0	0	0	0	0	0	0	0	0	0	0	0	0
59432	Niergnies	442	438	4	0	0	0	0	4	0	0	0	0	0	0	0	0	0	0	0	0	0	0	0	0	0	0	0	0
59433	Nieurlet	770	770	0	0	0	0	0	0	0	0	0	0	0	0	0	0	0	0	0	0	0	0	0	0	0	0	0	0
59434	Nivelle	1158	1119	39	0	0	1	38	0	0	0	0	0	0	0	0	0	0	0	0	0	0	0	0	0	0	0	0	0
59435	Nomain	2128	2112	16	0	0	0	12	2	0	0	0	0	0	0	0	0	0	0	0	2	0	0	0	0	0	0	0	0
59436	Noordpeene	619	619	0	0	0	0	0	0	0	0	0	0	0	0	0	0	0	0	0	0	0	0	0	0	0	0	0	0
59437	Noyelles-lès-Seclin	680	678	2	0	0	0	0	0	0	0	0	0	0	0	0	2	0	0	0	0	0	0	0	0	0	0	0	0
59438	Noyelles-sur-Escaut	618	615	3	0	0	0	1	2	0	0	0	0	0	0	0	0	0	0	0	0	0	0	0	0	0	0	0	0
59439	Noyelles-sur-Sambre	248	244	4	0	0	0	4	0	0	0	0	0	0	0	0	0	0	0	0	0	0	0	0	0	0	0	0	0
59440	Noyelles-sur-Selle	503	503	0	0	0	0	0	0	0	0	0	0	0	0	0	0	0	0	0	0	0	0	0	0	0	0	0	0
59441	Obies	549	531	18	0	2	0	14	2	0	0	0	0	0	0	0	0	0	0	0	0	0	0	0	0	0	0	0	0
59442	Obrechies	250	246	4	0	0	2	2	0	0	0	0	0	0	0	0	0	0	0	0	0	0	0	0	0	0	0	0	0
59443	Ochtezeele	272	272	0	0	0	0	0	0	0	0	0	0	0	0	0	0	0	0	0	0	0	0	0	0	0	0	0	0
59444	Odomez	625	625	0	0	0	0	0	0	0	0	0	0	0	0	0	0	0	0	0	0	0	0	0	0	0	0	0	0
59445	Ohain	985	919	66	0	0	0	66	0	0	0	0	0	0	0	0	0	0	0	0	0	0	0	0	0	0	0	0	0
59446	Oisy	481	473	8	0	2	1	4	1	0	0	0	0	0	0	0	0	0	0	0	0	0	0	0	0	0	0	0	0
59447	Onnaing	6326	6225	101	0	0	18	69	2	0	0	2	0	8	0	0	0	0	0	0	2	0	0	0	0	0	0	0	0
59448	Oost-Cappel	366	364	2	0	0	0	2	0	0	0	0	0	0	0	0	0	0	0	0	0	0	0	0	0	0	0	0	0
59449	Orchies	6904	6854	50	0	0	4	25	5	0	0	8	0	6	0	0	0	2	0	0	0	0	0	0	0	0	0	0	0
59450	Ors	479	479	0	0	0	0	0	0	0	0	0	0	0	0	0	0	0	0	0	0	0	0	0	0	0	0	0	0
59451	Orsinval	467	446	21	0	2	5	12	0	0	0	0	0	2	0	0	0	0	0	0	0	0	0	0	0	0	0	0	0
59452	Ostricourt	4058	4056	2	0	0	0	0	2	0	0	0	0	0	0	0	0	0	0	0	0	0	0	0	0	0	0	0	0
59453	Oudezeele	538	538	0	0	0	0	0	0	0	0	0	0	0	0	0	0	0	0	0	0	0	0	0	0	0	0	0	0
59454	Oxelaëre	381	380	1	0	0	0	0	0	0	0	1	0	0	0	0	0	0	0	0	0	0	0	0	0	0	0	0	0
59455	Paillencourt	814	808	6	0	0	0	2	4	0	0	0	0	0	0	0	0	0	0	0	0	0	0	0	0	0	0	0	0
59456	Pecquencourt	4496	4466	30	0	0	18	8	2	0	0	0	0	2	0	0	0	0	0	0	0	0	0	0	0	0	0	0	0
59457	Pérenchies	6489	6410	79	0	2	21	2	50	0	0	0	0	4	0	0	0	0	0	0	0	0	0	0	0	0	0	0	0
59458	Péronne-en-Mélantois	765	761	4	0	0	2	2	0	0	0	0	0	0	0	0	0	0	0	0	0	0	0	0	0	0	0	0	0
59459	Petite-Forêt	3838	3809	29	0	0	12	15	0	0	0	0	0	2	0	0	0	0	0	0	0	0	0	0	0	0	0	0	0
59461	Petit-Fayt	224	222	2	0	2	0	0	0	0	0	0	0	0	0	0	0	0	0	0	0	0	0	0	0	0	0	0	0
59462	Phalempin	3910	3892	18	0	0	0	10	4	0	0	0	0	2	0	0	0	2	0	0	0	0	0	0	0	0	0	0	0
59463	Pitgam	700	700	0	0	0	0	0	0	0	0	0	0	0	0	0	0	0	0	0	0	0	0	0	0	0	0	0	0
59464	Poix-du-Nord	1612	1598	14	0	0	2	0	12	0	0	0	0	0	0	0	0	0	0	0	0	0	0	0	0	0	0	0	0
59465	Pommereuil	555	553	2	0	0	0	2	0	0	0	0	0	0	0	0	0	0	0	0	0	0	0	0	0	0	0	0	0
59466	Pont-à-Marcq	2326	2305	21	0	3	3	12	1	0	0	0	0	0	0	0	0	0	0	0	0	2	0	0	0	0	0	0	0
59467	Pont-sur-Sambre	1822	1800	22	0	0	4	12	6	0	0	0	0	0	0	0	0	0	0	0	0	0	0	0	0	0	0	0	0
59468	Potelle	373	369	4	0	0	0	4	0	0	0	0	0	0	0	0	0	0	0	0	0	0	0	0	0	0	0	0	0
59469	Pradelles	329	329	0	0	0	0	0	0	0	0	0	0	0	0	0	0	0	0	0	0	0	0	0	0	0	0	0	0
59470	Prémesques	1555	1545	10	0	0	2	2	6	0	0	0	0	0	0	0	0	0	0	0	0	0	0	0	0	0	0	0	0
59471	Préseau	1647	1637	10	0	0	0	10	0	0	0	0	0	0	0	0	0	0	0	0	0	0	0	0	0	0	0	0	0
59472	Preux-au-Bois	660	658	2	0	0	0	2	0	0	0	0	0	0	0	0	0	0	0	0	0	0	0	0	0	0	0	0	0
59473	Preux-au-Sart	254	246	8	0	0	0	7	0	0	0	0	0	0	0	0	0	0	0	0	0	1	0	0	0	0	0	0	0
59474	Prisches	826	814	12	0	4	4	4	0	0	0	0	0	0	0	0	0	0	0	0	0	0	0	0	0	0	0	0	0
59475	Prouvy	1684	1676	8	0	0	5	1	0	0	0	0	0	2	0	0	0	0	0	0	0	0	0	0	0	0	0	0	0
59476	Proville	2757	2730	27	0	0	0	10	13	0	0	0	0	4	0	0	0	0	0	0	0	0	0	0	0	0	0	0	0
59477	Provin	3230	3221	9	0	0	0	4	3	0	0	0	0	0	0	0	0	2	0	0	0	0	0	0	0	0	0	0	0
59478	Quaëdypre	940	940	0	0	0	0	0	0	0	0	0	0	0	0	0	0	0	0	0	0	0	0	0	0	0	0	0	0
59479	Quarouble	2563	2511	52	0	2	0	44	4	0	0	2	0	0	0	0	0	0	0	0	0	0	0	0	0	0	0	0	0
59480	Quérénaing	685	677	8	0	0	0	6	2	0	0	0	0	0	0	0	0	0	0	0	0	0	0	0	0	0	0	0	0
59481	Le Quesnoy	3578	3564	14	0	0	1	9	2	0	0	2	0	0	0	0	0	0	0	0	0	0	0	0	0	0	0	0	0
59482	Quesnoy-sur-Deûle	5311	5284	27	0	0	2	19	4	0	0	0	0	2	0	0	0	0	0	0	0	0	0	0	0	0	0	0	0
59483	Quiévelon	112	112	0	0	0	0	0	0	0	0	0	0	0	0	0	0	0	0	0	0	0	0	0	0	0	0	0	0
59484	Quiévrechain	3858	3770	88	0	2	12	61	6	0	0	5	0	2	0	0	0	0	0	0	0	0	0	0	0	0	0	0	0
59485	Quiévy	1387	1381	6	0	0	0	6	0	0	0	0	0	0	0	0	0	0	0	0	0	0	0	0	0	0	0	0	0
59486	Râches	2047	2041	6	0	0	0	4	2	0	0	0	0	0	0	0	0	0	0	0	0	0	0	0	0	0	0	0	0
59487	Radinghem-en-Weppes	1237	1237	0	0	0	0	0	0	0	0	0	0	0	0	0	0	0	0	0	0	0	0	0	0	0	0	0	0
59488	Raillencourt-Sainte-Olle	1705	1695	10	0	0	2	2	6	0	0	0	0	0	0	0	0	0	0	0	0	0	0	0	0	0	0	0	0
59489	Raimbeaucourt	3053	3036	17	0	0	14	2	0	0	0	0	0	0	0	0	0	0	1	0	0	0	0	0	0	0	0	0	0
59490	Rainsars	167	160	7	0	0	0	5	2	0	0	0	0	0	0	0	0	0	0	0	0	0	0	0	0	0	0	0	0
59491	Raismes	9439	9339	100	0	2	56	28	2	0	0	0	0	12	0	0	0	0	0	0	0	0	0	0	0	0	0	0	0
59492	Ramillies	466	462	4	0	0	0	4	0	0	0	0	0	0	0	0	0	0	0	0	0	0	0	0	0	0	0	0	0
59493	Ramousies	176	176	0	0	0	0	0	0	0	0	0	0	0	0	0	0	0	0	0	0	0	0	0	0	0	0	0	0
59494	Raucourt-au-Bois	122	120	2	0	0	0	2	0	0	0	0	0	0	0	0	0	0	0	0	0	0	0	0	0	0	0	0	0
59495	Recquignies	1733	1720	13	0	0	0	13	0	0	0	0	0	0	0	0	0	0	0	0	0	0	0	0	0	0	0	0	0
59496	Rejet-de-Beaulieu	180	180	0	0	0	0	0	0	0	0	0	0	0	0	0	0	0	0	0	0	0	0	0	0	0	0	0	0
59497	Renescure	1794	1780	14	0	0	0	10	4	0	0	0	0	0	0	0	0	0	0	0	0	0	0	0	0	0	0	0	0
59498	Reumont	259	259	0	0	0	0	0	0	0	0	0	0	0	0	0	0	0	0	0	0	0	0	0	0	0	0	0	0
59499	Rexpoëde	1532	1508	24	0	0	0	24	0	0	0	0	0	0	0	0	0	0	0	0	0	0	0	0	0	0	0	0	0
59500	Ribécourt-la-Tour	297	293	4	0	0	0	2	2	0	0	0	0	0	0	0	0	0	0	0	0	0	0	0	0	0	0	0	0
59501	Rieulay	1038	1034	4	0	0	0	2	0	0	0	2	0	0	0	0	0	0	0	0	0	0	0	0	0	0	0	0	0
59502	Rieux-en-Cambrésis	1025	1025	0	0	0	0	0	0	0	0	0	0	0	0	0	0	0	0	0	0	0	0	0	0	0	0	0	0
59503	Robersart	138	138	0	0	0	0	0	0	0	0	0	0	0	0	0	0	0	0	0	0	0	0	0	0	0	0	0	0
59504	Rœulx	2696	2683	13	0	0	9	2	0	0	0	0	0	2	0	0	0	0	0	0	0	0	0	0	0	0	0	0	0
59505	Rombies-et-Marchipont	587	573	14	0	0	2	10	2	0	0	0	0	0	0	0	0	0	0	0	0	0	0	0	0	0	0	0	0
59506	Romeries	364	362	2	0	0	0	2	0	0	0	0	0	0	0	0	0	0	0	0	0	0	0	0	0	0	0	0	0
59507	Ronchin	12475	12407	68	0	4	10	24	13	0	0	8	0	5	0	0	0	0	2	2	0	0	0	0	0	0	0	0	0
59508	Roncq	11061	10934	127	0	5	18	35	60	0	0	2	0	5	0	0	2	0	0	0	0	0	0	0	0	0	0	0	0
59509	Roost-Warendin	4766	4721	45	0	0	33	5	2	0	0	0	0	0	0	0	0	5	0	0	0	0	0	0	0	0	0	0	0
59511	Rosult	1556	1550	6	0	0	2	3	0	0	0	1	0	0	0	0	0	0	0	0	0	0	0	0	0	0	0	0	0
59512	Roubaix	48316	47707	609	0	5	84	60	372	0	0	14	0	32	10	0	3	23	6	0	0	0	0	0	0	0	0	0	0
59513	Roucourt	383	377	6	0	0	2	0	4	0	0	0	0	0	0	0	0	0	0	0	0	0	0	0	0	0	0	0	0
59514	Rousies	2786	2734	52	0	0	12	36	4	0	0	0	0	0	0	0	0	0	0	0	0	0	0	0	0	0	0	0	0
59515	Rouvignies	504	504	0	0	0	0	0	0	0	0	0	0	0	0	0	0	0	0	0	0	0	0	0	0	0	0	0	0
59516	Rubrouck	712	710	2	0	0	0	2	0	0	0	0	0	0	0	0	0	0	0	0	0	0	0	0	0	0	0	0	0
59517	Les Rues-des-Vignes	604	596	8	0	0	0	6	0	0	0	0	0	0	0	2	0	0	0	0	0	0	0	0	0	0	0	0	0
59518	Ruesnes	343	341	2	0	0	2	0	0	0	0	0	0	0	0	0	0	0	0	0	0	0	0	0	0	0	0	0	0
59519	Rumegies	1464	1414	50	0	0	4	40	4	0	0	2	0	0	0	0	0	0	0	0	0	0	0	0	0	0	0	0	0
59520	Rumilly-en-Cambrésis	1141	1129	12	0	0	0	2	10	0	0	0	0	0	0	0	0	0	0	0	0	0	0	0	0	0	0	0	0
59521	Sailly-lez-Cambrai	312	312	0	0	0	0	0	0	0	0	0	0	0	0	0	0	0	0	0	0	0	0	0	0	0	0	0	0
59522	Sailly-lez-Lannoy	1619	1607	12	0	0	4	2	4	0	0	2	0	0	0	0	0	0	0	0	0	0	0	0	0	0	0	0	0
59523	Sainghin-en-Mélantois	2288	2270	18	0	2	2	10	0	2	0	0	0	2	0	0	0	0	0	0	0	0	0	0	0	0	0	0	0
59524	Sainghin-en-Weppes	4311	4296	15	0	0	0	5	8	0	0	2	0	0	0	0	0	0	0	0	0	0	0	0	0	0	0	0	0
59525	Sains-du-Nord	1869	1859	10	0	0	2	8	0	0	0	0	0	0	0	0	0	0	0	0	0	0	0	0	0	0	0	0	0
59526	Saint-Amand-les-Eaux	12911	12734	177	0	0	31	121	6	0	0	5	0	6	0	0	0	1	4	0	0	1	2	0	0	0	0	0	0
59527	Saint-André-lez-Lille	8938	8834	104	0	0	6	15	65	0	1	6	0	5	0	0	0	4	2	0	0	0	0	0	0	0	0	0	0
59528	Saint-Aubert	1198	1196	2	0	0	0	0	0	0	0	0	0	2	0	0	0	0	0	0	0	0	0	0	0	0	0	0	0
59529	Saint-Aubin	249	249	0	0	0	0	0	0	0	0	0	0	0	0	0	0	0	0	0	0	0	0	0	0	0	0	0	0
59530	Saint-Aybert	242	218	24	0	0	4	20	0	0	0	0	0	0	0	0	0	0	0	0	0	0	0	0	0	0	0	0	0
59531	Saint-Benin	224	220	4	0	0	0	4	0	0	0	0	0	0	0	0	0	0	0	0	0	0	0	0	0	0	0	0	0
59532	Saint-Georges-sur-l'Aa	242	242	0	0	0	0	0	0	0	0	0	0	0	0	0	0	0	0	0	0	0	0	0	0	0	0	0	0
59533	Saint-Hilaire-lez-Cambrai	1156	1150	6	0	0	0	6	0	0	0	0	0	0	0	0	0	0	0	0	0	0	0	0	0	0	0	0	0
59534	Saint-Hilaire-sur-Helpe	563	558	5	0	2	0	3	0	0	0	0	0	0	0	0	0	0	0	0	0	0	0	0	0	0	0	0	0
59535	Saint-Jans-Cappel	1299	1280	19	0	0	0	19	0	0	0	0	0	0	0	0	0	0	0	0	0	0	0	0	0	0	0	0	0
59536	Sainte-Marie-Cappel	747	746	1	0	0	0	1	0	0	0	0	0	0	0	0	0	0	0	0	0	0	0	0	0	0	0	0	0
59537	Saint-Martin-sur-Écaillon	418	418	0	0	0	0	0	0	0	0	0	0	0	0	0	0	0	0	0	0	0	0	0	0	0	0	0	0
59538	Saint-Momelin	312	312	0	0	0	0	0	0	0	0	0	0	0	0	0	0	0	0	0	0	0	0	0	0	0	0	0	0
59539	Saint-Pierre-Brouck	749	749	0	0	0	0	0	0	0	0	0	0	0	0	0	0	0	0	0	0	0	0	0	0	0	0	0	0
59541	Saint-Python	803	797	6	0	0	0	2	4	0	0	0	0	0	0	0	0	0	0	0	0	0	0	0	0	0	0	0	0
59542	Saint-Remy-Chaussée	375	374	1	0	0	0	1	0	0	0	0	0	0	0	0	0	0	0	0	0	0	0	0	0	0	0	0	0
59543	Saint-Remy-du-Nord	828	824	4	0	0	0	4	0	0	0	0	0	0	0	0	0	0	0	0	0	0	0	0	0	0	0	0	0
59544	Saint-Saulve	8423	8292	131	0	2	22	78	14	0	0	6	0	5	0	0	0	0	2	0	2	0	0	0	0	0	0	0	0
59545	Saint-Souplet	961	957	4	0	0	0	4	0	0	0	0	0	0	0	0	0	0	0	0	0	0	0	0	0	0	0	0	0
59546	Saint-Sylvestre-Cappel	944	941	3	0	0	2	0	0	0	0	0	0	0	0	0	0	0	1	0	0	0	0	0	0	0	0	0	0
59547	Saint-Vaast-en-Cambrésis	637	637	0	0	0	0	0	0	0	0	0	0	0	0	0	0	0	0	0	0	0	0	0	0	0	0	0	0
59548	Saint-Waast	548	514	34	0	0	0	32	0	0	0	2	0	0	0	0	0	0	0	0	0	0	0	0	0	0	0	0	0
59549	Salesches	268	268	0	0	0	0	0	0	0	0	0	0	0	0	0	0	0	0	0	0	0	0	0	0	0	0	0	0
59550	Salomé	2388	2387	1	0	0	0	0	1	0	0	0	0	0	0	0	0	0	0	0	0	0	0	0	0	0	0	0	0
59551	Saméon	1335	1330	5	0	0	0	5	0	0	0	0	0	0	0	0	0	0	0	0	0	0	0	0	0	0	0	0	0
59552	Sancourt	152	152	0	0	0	0	0	0	0	0	0	0	0	0	0	0	0	0	0	0	0	0	0	0	0	0	0	0
59553	Santes	4780	4748	32	0	2	12	12	0	0	0	2	0	0	0	0	0	0	4	0	0	0	0	0	0	0	0	0	0
59554	Sars-et-Rosières	473	471	2	0	0	2	0	0	0	0	0	0	0	0	0	0	0	0	0	0	0	0	0	0	0	0	0	0
59555	Sars-Poteries	978	971	7	0	0	0	7	0	0	0	0	0	0	0	0	0	0	0	0	0	0	0	0	0	0	0	0	0
59556	Sassegnies	214	214	0	0	0	0	0	0	0	0	0	0	0	0	0	0	0	0	0	0	0	0	0	0	0	0	0	0
59557	Saultain	1777	1749	28	0	2	8	14	0	0	0	0	0	4	0	0	0	0	0	0	0	0	0	0	0	0	0	0	0
59558	Saulzoir	1378	1374	4	0	0	0	3	1	0	0	0	0	0	0	0	0	0	0	0	0	0	0	0	0	0	0	0	0
59559	Sebourg	1630	1607	23	0	1	2	20	0	0	0	0	0	0	0	0	0	0	0	0	0	0	0	0	0	0	0	0	0
59560	Seclin	8952	8923	29	0	0	6	7	5	0	0	0	0	6	0	1	0	0	4	0	0	0	0	0	0	0	0	0	0
59562	Sémeries	427	414	13	0	0	0	13	0	0	0	0	0	0	0	0	0	0	0	0	0	0	0	0	0	0	0	0	0
59563	Semousies	202	199	3	0	0	0	3	0	0	0	0	0	0	0	0	0	0	0	0	0	0	0	0	0	0	0	0	0
59564	La Sentinelle	2135	2123	12	0	0	5	5	2	0	0	0	0	0	0	0	0	0	0	0	0	0	0	0	0	0	0	0	0
59565	Sepmeries	523	517	6	0	0	2	4	0	0	0	0	0	0	0	0	0	0	0	0	0	0	0	0	0	0	0	0	0
59566	Sequedin	3199	3182	17	0	0	6	5	0	0	0	0	0	0	0	2	0	0	2	0	0	0	0	2	0	0	0	0	0
59567	Séranvillers-Forenville	318	317	1	0	0	0	0	0	0	0	0	0	1	0	0	0	0	0	0	0	0	0	0	0	0	0	0	0
59568	Sercus	352	352	0	0	0	0	0	0	0	0	0	0	0	0	0	0	0	0	0	0	0	0	0	0	0	0	0	0
59569	Sin-le-Noble	10895	10833	62	0	0	29	24	2	0	0	3	0	4	0	0	0	0	0	0	0	0	0	0	0	0	0	0	0
59570	Socx	796	788	8	0	0	0	2	0	0	0	4	0	0	0	0	0	2	0	0	0	0	0	0	0	0	0	0	0
59571	Solesmes	3214	3208	6	0	0	0	4	2	0	0	0	0	0	0	0	0	0	0	0	0	0	0	0	0	0	0	0	0
59572	Solre-le-Château	1371	1298	73	0	2	0	69	0	0	0	0	0	2	0	0	0	0	0	0	0	0	0	0	0	0	0	0	0
59573	Solrinnes	121	93	28	0	0	0	28	0	0	0	0	0	0	0	0	0	0	0	0	0	0	0	0	0	0	0	0	0
59574	Somain	8899	8855	44	0	2	19	10	5	0	0	2	0	6	0	0	0	0	0	0	0	0	0	0	0	0	0	0	0
59575	Sommaing	355	353	2	0	0	2	0	0	0	0	0	0	0	0	0	0	0	0	0	0	0	0	0	0	0	0	0	0
59576	Spycker	1418	1416	2	0	0	0	2	0	0	0	0	0	0	0	0	0	0	0	0	0	0	0	0	0	0	0	0	0
59577	Staple	541	541	0	0	0	0	0	0	0	0	0	0	0	0	0	0	0	0	0	0	0	0	0	0	0	0	0	0
59578	Steenbecque	1313	1311	2	0	0	0	2	0	0	0	0	0	0	0	0	0	0	0	0	0	0	0	0	0	0	0	0	0
59579	Steene	1096	1094	2	0	0	0	2	0	0	0	0	0	0	0	0	0	0	0	0	0	0	0	0	0	0	0	0	0
59580	Steenvoorde	3309	3279	30	0	0	0	24	4	0	0	0	0	0	0	0	2	0	0	0	0	0	0	0	0	0	0	0	0
59581	Steenwerck	2850	2839	11	0	0	0	10	0	0	0	0	0	1	0	0	0	0	0	0	0	0	0	0	0	0	0	0	0
59582	Strazeele	648	648	0	0	0	0	0	0	0	0	0	0	0	0	0	0	0	0	0	0	0	0	0	0	0	0	0	0
59583	Taisnières-en-Thiérache	368	364	4	0	0	0	4	0	0	0	0	0	0	0	0	0	0	0	0	0	0	0	0	0	0	0	0	0
59584	Taisnières-sur-Hon	762	597	165	0	2	4	157	0	0	0	2	0	0	0	0	0	0	0	0	0	0	0	0	0	0	0	0	0
59585	Templemars	2839	2823	16	0	0	2	2	6	0	2	0	0	2	0	0	0	0	2	0	0	0	0	0	0	0	0	0	0
59586	Templeuve-en-Pévèle	5604	5565	39	0	3	10	13	9	2	0	1	0	1	0	0	0	0	0	0	0	0	0	0	0	0	0	0	0
59587	Terdeghem	428	428	0	0	0	0	0	0	0	0	0	0	0	0	0	0	0	0	0	0	0	0	0	0	0	0	0	0
59588	Téteghem-Coudekerque-Village	7260	7241	19	0	0	3	10	2	0	0	2	0	0	0	0	0	2	0	0	0	0	0	0	0	0	0	0	0
59589	Thiant	2173	2165	8	0	0	2	2	0	0	0	2	0	0	0	0	0	0	0	0	0	0	0	2	0	0	0	0	0
59590	Thiennes	644	644	0	0	0	0	0	0	0	0	0	0	0	0	0	0	0	0	0	0	0	0	0	0	0	0	0	0
59591	Thivencelle	582	569	13	0	0	2	9	2	0	0	0	0	0	0	0	0	0	0	0	0	0	0	0	0	0	0	0	0
59592	Thumeries	3302	3290	12	2	0	0	8	2	0	0	0	0	0	0	0	0	0	0	0	0	0	0	0	0	0	0	0	0
59593	Thun-l'Évêque	611	607	4	0	0	2	2	0	0	0	0	0	0	0	0	0	0	0	0	0	0	0	0	0	0	0	0	0
59594	Thun-Saint-Amand	854	843	11	0	0	0	11	0	0	0	0	0	0	0	0	0	0	0	0	0	0	0	0	0	0	0	0	0
59595	Thun-Saint-Martin	423	415	8	0	0	0	4	4	0	0	0	0	0	0	0	0	0	0	0	0	0	0	0	0	0	0	0	0
59596	Tilloy-lez-Marchiennes	501	497	4	0	0	0	0	4	0	0	0	0	0	0	0	0	0	0	0	0	0	0	0	0	0	0	0	0
59597	Tilloy-lez-Cambrai	569	561	8	0	0	0	0	6	0	0	0	0	0	0	0	0	0	2	0	0	0	0	0	0	0	0	0	0
59598	Toufflers	3515	3469	46	0	0	9	15	20	0	0	0	0	2	0	0	0	0	0	0	0	0	0	0	0	0	0	0	0
59599	Tourcoing	66614	64038	2576	2	38	387	798	1057	4	0	32	2	165	2	5	0	12	59	5	0	2	2	0	0	4	0	0	0
59600	Tourmignies	711	707	4	0	0	0	2	2	0	0	0	0	0	0	0	0	0	0	0	0	0	0	0	0	0	0	0	0
59601	Trélon	1906	1864	42	0	0	0	40	2	0	0	0	0	0	0	0	0	0	0	0	0	0	0	0	0	0	0	0	0
59602	Tressin	1130	1123	7	0	0	0	3	0	0	0	2	0	0	0	0	0	0	0	2	0	0	0	0	0	0	0	0	0
59603	Trith-Saint-Léger	5058	5000	58	0	0	20	32	4	0	0	0	0	2	0	0	0	0	0	0	0	0	0	0	0	0	0	0	0
59604	Troisvilles	591	585	6	0	0	2	4	0	0	0	0	0	0	0	0	0	0	0	0	0	0	0	0	0	0	0	0	0
59605	Uxem	1129	1117	12	0	2	0	6	4	0	0	0	0	0	0	0	0	0	0	0	0	0	0	0	0	0	0	0	0
59606	Valenciennes	25054	24809	245	4	9	55	114	24	0	0	4	0	10	2	2	2	3	14	0	0	0	0	2	0	0	0	0	0
59607	Vendegies-au-Bois	380	378	2	0	0	2	0	0	0	0	0	0	0	0	0	0	0	0	0	0	0	0	0	0	0	0	0	0
59608	Vendegies-sur-Écaillon	834	829	5	0	0	2	3	0	0	0	0	0	0	0	0	0	0	0	0	0	0	0	0	0	0	0	0	0
59609	Vendeville	1421	1411	10	0	0	2	6	2	0	0	0	0	0	0	0	0	0	0	0	0	0	0	0	0	0	0	0	0
59610	Verchain-Maugré	796	792	4	0	0	2	0	0	0	0	2	0	0	0	0	0	0	0	0	0	0	0	0	0	0	0	0	0
59611	Verlinghem	1976	1968	8	0	2	2	2	2	0	0	0	0	0	0	0	0	0	0	0	0	0	0	0	0	0	0	0	0
59612	Vertain	443	441	2	0	0	0	2	0	0	0	0	0	0	0	0	0	0	0	0	0	0	0	0	0	0	0	0	0
59613	Vicq	957	937	20	0	0	4	14	2	0	0	0	0	0	0	0	0	0	0	0	0	0	0	0	0	0	0	0	0
59614	Viesly	1095	1089	6	0	0	0	0	4	0	0	0	0	0	0	0	0	0	0	0	0	0	2	0	0	0	0	0	0
59615	Vieux-Berquin	1995	1981	14	0	2	0	10	2	0	0	0	0	0	0	0	0	0	0	0	0	0	0	0	0	0	0	0	0
59616	Vieux-Condé	8145	7853	292	0	0	70	214	2	0	0	0	0	4	0	0	0	0	2	0	0	0	0	0	0	0	0	0	0
59617	Vieux-Mesnil	470	456	14	0	0	2	8	4	0	0	0	0	0	0	0	0	0	0	0	0	0	0	0	0	0	0	0	0
59618	Vieux-Reng	636	561	75	0	0	2	73	0	0	0	0	0	0	0	0	0	0	0	0	0	0	0	0	0	0	0	0	0
59619	Villereau	786	774	12	0	0	0	10	0	0	0	2	0	0	0	0	0	0	0	0	0	0	0	0	0	0	0	0	0
59620	Villers-au-Tertre	515	509	6	0	0	4	2	0	0	0	0	0	0	0	0	0	0	0	0	0	0	0	0	0	0	0	0	0
59622	Villers-en-Cauchies	859	859	0	0	0	0	0	0	0	0	0	0	0	0	0	0	0	0	0	0	0	0	0	0	0	0	0	0
59623	Villers-Guislain	575	567	8	0	0	0	2	2	0	0	0	0	0	0	0	0	0	4	0	0	0	0	0	0	0	0	0	0
59624	Villers-Outréaux	1530	1486	44	0	0	2	0	42	0	0	0	0	0	0	0	0	0	0	0	0	0	0	0	0	0	0	0	0
59625	Villers-Plouich	297	295	2	0	0	0	2	0	0	0	0	0	0	0	0	0	0	0	0	0	0	0	0	0	0	0	0	0
59626	Villers-Pol	932	912	20	0	2	2	10	4	0	0	0	0	2	0	0	0	0	0	0	0	0	0	0	0	0	0	0	0
59627	Villers-Sire-Nicole	802	718	84	0	0	0	82	2	0	0	0	0	0	0	0	0	0	0	0	0	0	0	0	0	0	0	0	0
59628	Volckerinckhove	441	437	4	0	0	0	4	0	0	0	0	0	0	0	0	0	0	0	0	0	0	0	0	0	0	0	0	0
59629	Vred	1006	1003	3	0	0	1	2	0	0	0	0	0	0	0	0	0	0	0	0	0	0	0	0	0	0	0	0	0
59630	Wahagnies	2016	2009	7	0	0	3	4	0	0	0	0	0	0	0	0	0	0	0	0	0	0	0	0	0	0	0	0	0
59631	Walincourt-Selvigny	1592	1583	9	0	0	0	0	5	0	0	2	0	2	0	0	0	0	0	0	0	0	0	0	0	0	0	0	0
59632	Wallers	4065	4024	41	0	0	28	9	4	0	0	0	0	0	0	0	0	0	0	0	0	0	0	0	0	0	0	0	0
59633	Wallers-en-Fagne	280	201	79	0	2	0	75	2	0	0	0	0	0	0	0	0	0	0	0	0	0	0	0	0	0	0	0	0
59634	Wallon-Cappel	660	660	0	0	0	0	0	0	0	0	0	0	0	0	0	0	0	0	0	0	0	0	0	0	0	0	0	0
59635	Wambaix	292	286	6	0	0	2	0	4	0	0	0	0	0	0	0	0	0	0	0	0	0	0	0	0	0	0	0	0
59636	Wambrechies	8571	8507	64	0	8	11	27	6	0	0	8	0	3	0	0	1	0	0	0	0	0	0	0	0	0	0	0	0
59637	Wandignies-Hamage	985	975	10	0	2	0	2	4	0	0	0	0	0	0	0	0	2	0	0	0	0	0	0	0	0	0	0	0
59638	Wannehain	1010	991	19	0	0	4	9	4	0	0	0	0	0	0	2	0	0	0	0	0	0	0	0	0	0	0	0	0
59639	Wargnies-le-Grand	876	874	2	0	0	0	2	0	0	0	0	0	0	0	0	0	0	0	0	0	0	0	0	0	0	0	0	0
59640	Wargnies-le-Petit	622	603	19	0	0	0	19	0	0	0	0	0	0	0	0	0	0	0	0	0	0	0	0	0	0	0	0	0
59641	Warhem	1732	1729	3	0	0	0	3	0	0	0	0	0	0	0	0	0	0	0	0	0	0	0	0	0	0	0	0	0
59642	Warlaing	475	467	8	0	0	6	0	0	0	0	2	0	0	0	0	0	0	0	0	0	0	0	0	0	0	0	0	0
59643	Warneton	194	193	1	0	0	0	1	0	0	0	0	0	0	0	0	0	0	0	0	0	0	0	0	0	0	0	0	0
59645	Wasnes-au-Bac	490	490	0	0	0	0	0	0	0	0	0	0	0	0	0	0	0	0	0	0	0	0	0	0	0	0	0	0
59646	Wasquehal	15887	15756	131	0	4	22	37	43	0	0	7	0	13	0	0	2	1	2	0	0	0	0	0	0	0	0	0	0
59647	Watten	1976	1973	3	0	0	0	2	0	0	0	0	0	0	0	0	0	0	0	0	0	1	0	0	0	0	0	0	0
59648	Wattignies	9419	9384	35	0	0	8	10	13	0	0	0	0	2	0	0	0	2	0	0	0	0	0	0	0	0	0	0	0
59649	Wattignies-la-Victoire	208	204	4	0	0	0	4	0	0	0	0	0	0	0	0	0	0	0	0	0	0	0	0	0	0	0	0	0
59650	Wattrelos	29113	28704	409	0	2	98	102	164	0	0	2	2	37	0	0	0	2	0	0	0	0	0	0	0	0	0	0	0
59651	Wavrechain-sous-Denain	1028	1026	2	0	0	2	0	0	0	0	0	0	0	0	0	0	0	0	0	0	0	0	0	0	0	0	0	0
59652	Wavrechain-sous-Faulx	305	305	0	0	0	0	0	0	0	0	0	0	0	0	0	0	0	0	0	0	0	0	0	0	0	0	0	0
59653	Wavrin	6200	6174	26	0	1	0	16	5	0	0	2	0	2	0	0	0	0	0	0	0	0	0	0	0	0	0	0	0
59654	Waziers	5070	5028	42	0	0	24	10	2	0	0	2	0	0	0	0	0	4	0	0	0	0	0	0	0	0	0	0	0
59655	Wemaers-Cappel	172	172	0	0	0	0	0	0	0	0	0	0	0	0	0	0	0	0	0	0	0	0	0	0	0	0	0	0
59656	Wervicq-Sud	3777	3653	124	0	2	0	30	70	0	0	0	0	22	0	0	0	0	0	0	0	0	0	0	0	0	0	0	0
59657	West-Cappel	496	494	2	0	0	0	0	2	0	0	0	0	0	0	0	0	0	0	0	0	0	0	0	0	0	0	0	0
59658	Wicres	372	368	4	0	0	0	2	2	0	0	0	0	0	0	0	0	0	0	0	0	0	0	0	0	0	0	0	0
59659	Wignehies	2015	2005	10	0	0	0	6	4	0	0	0	0	0	0	0	0	0	0	0	0	0	0	0	0	0	0	0	0
59660	Willems	2455	2430	25	0	0	0	17	4	0	0	2	2	0	0	0	0	0	0	0	0	0	0	0	0	0	0	0	0
59661	Willies	112	106	6	0	0	0	6	0	0	0	0	0	0	0	0	0	0	0	0	0	0	0	0	0	0	0	0	0
59662	Winnezeele	963	951	12	0	0	0	12	0	0	0	0	0	0	0	0	0	0	0	0	0	0	0	0	0	0	0	0	0
59663	Wormhout	4408	4380	28	0	2	6	16	2	0	0	0	0	2	0	0	0	0	0	0	0	0	0	0	0	0	0	0	0
59664	Wulverdinghe	253	253	0	0	0	0	0	0	0	0	0	0	0	0	0	0	0	0	0	0	0	0	0	0	0	0	0	0
59665	Wylder	219	219	0	0	0	0	0	0	0	0	0	0	0	0	0	0	0	0	0	0	0	0	0	0	0	0	0	0
59666	Zegerscappel	1183	1175	8	0	0	0	8	0	0	0	0	0	0	0	0	0	0	0	0	0	0	0	0	0	0	0	0	0
59667	Zermezeele	181	181	0	0	0	0	0	0	0	0	0	0	0	0	0	0	0	0	0	0	0	0	0	0	0	0	0	0
59668	Zuydcoote	1207	1187	20	0	0	0	20	0	0	0	0	0	0	0	0	0	0	0	0	0	0	0	0	0	0	0	0	0
59669	Zuytpeene	417	417	0	0	0	0	0	0	0	0	0	0	0	0	0	0	0	0	0	0	0	0	0	0	0	0	0	0
59670	Don	1000	999	1	0	0	0	0	0	0	0	0	0	0	0	0	1	0	0	0	0	0	0	0	0	0	0	0	0
